frame,shape,before_render_us,after_render_us,delta_render_us,before_wall_us,after_wall_us
2,dodecahedron_hk62_ambo_hk62,8691,8947,256,8691,8947
3,dodecahedron_hk62_ambo_hk62,7814,8098,284,61583,61605
4,dodecahedron_hk62_ambo_hk62,8946,9263,317,63594,63623
5,dodecahedron_hk62_ambo_hk62,13147,13426,279,66660,66621
6,dodecahedron_hk62_ambo_hk62,14551,14734,183,63865,63757
7,dodecahedron_hk62_ambo_hk62,12115,12293,178,60024,60011
8,dodecahedron_hk62_ambo_hk62,13441,13629,188,63778,63794
9,dodecahedron_hk62_ambo_hk62,13791,14103,312,62802,62934
10,dodecahedron_hk62_ambo_hk62,14595,14811,216,63265,63168
11,dodecahedron_hk62_ambo_hk62,14252,14465,213,62118,62113
12,dodecahedron_hk62_ambo_hk62,17457,17624,167,65666,65619
13,dodecahedron_hk62_ambo_hk62,16235,16528,293,61229,61348
14,dodecahedron_hk62_ambo_hk62,16060,16326,266,62337,62300
15,dodecahedron_hk62_ambo_hk62,14842,15195,353,61243,61320
16,dodecahedron_hk62_ambo_hk62,14542,14864,322,62167,62116
17,dodecahedron_hk62_ambo_hk62,13800,14155,355,61361,61401
18,dodecahedron_hk62_ambo_hk62,18428,18893,465,67089,67191
19,dodecahedron_hk62_ambo_hk62,22631,23212,581,66653,66762
20,dodecahedron_hk62_ambo_hk62,21329,21862,533,61152,61107
21,dodecahedron_hk62_ambo_hk62,19801,20093,292,60936,60690
22,dodecahedron_hk62_ambo_hk62,21331,21526,195,63992,63892
23,dodecahedron_hk62_ambo_hk62,20927,21175,248,62057,62106
24,dodecahedron_hk62_ambo_hk62,21910,22200,290,63443,63484
25,dodecahedron_hk62_ambo_hk62,22155,22468,313,62707,62727
26,dodecahedron_hk62_ambo_hk62,21968,22765,797,62274,62757
27,dodecahedron_hk62_ambo_hk62,19663,20457,794,60208,60153
28,dodecahedron_hk62_ambo_hk62,20106,20900,794,62899,62957
29,dodecahedron_hk62_ambo_hk62,19818,20686,868,62180,62246
30,dodecahedron_hk62_ambo_hk62,20148,20928,780,62790,62701
31,dodecahedron_hk62_ambo_hk62,20108,20836,728,62419,62366
32,dodecahedron_hk62_ambo_hk62,20498,21205,707,62852,62829
33,dodecahedron_hk62_ambo_hk62,20492,21268,776,62103,62180
34,dodecahedron_hk62_ambo_hk62,21797,22537,740,63765,63728
35,dodecahedron_hk62_ambo_hk62,20854,21594,740,61517,61507
36,dodecahedron_hk62_ambo_hk62,22471,23315,844,64079,64180
37,dodecahedron_hk62_ambo_hk62,21459,22213,754,61449,61355
38,dodecahedron_hk62_ambo_hk62,21890,22767,877,62893,63013
39,dodecahedron_hk62_ambo_hk62,21770,22645,875,62342,62343
40,dodecahedron_hk62_ambo_hk62,23003,23757,754,63694,63572
41,dodecahedron_hk62_ambo_hk62,22755,23539,784,62267,62296
42,dodecahedron_hk62_ambo_hk62,22384,23289,905,62089,62210
43,dodecahedron_hk62_ambo_hk62,22243,23004,761,62327,62175
44,dodecahedron_hk62_ambo_hk62,23378,24200,822,63598,63656
45,dodecahedron_hk62_ambo_hk62,22753,23653,900,61836,61912
46,dodecahedron_hk62_ambo_hk62,22209,22979,770,61917,61786
47,dodecahedron_hk62_ambo_hk62,22537,23318,781,62786,62786
48,dodecahedron_hk62_ambo_hk62,22297,23168,871,62214,62310
49,dodecahedron_hk62_ambo_hk62,22988,23816,828,62869,62821
50,dodecahedron_hk62_ambo_hk62,20934,21611,677,60397,60256
51,dodecahedron_hk62_ambo_hk62,22164,22864,700,63691,63709
52,dodecahedron_hk62_ambo_hk62,21517,22276,759,61813,61870
53,dodecahedron_hk62_ambo_hk62,21937,22757,820,62889,62938
54,dodecahedron_hk62_ambo_hk62,21413,22177,764,61940,61877
55,dodecahedron_hk62_ambo_hk62,21136,21932,796,62238,62269
56,dodecahedron_hk62_ambo_hk62,21067,21847,780,62394,62373
57,dodecahedron_hk62_ambo_hk62,21166,21983,817,62559,62596
58,dodecahedron_hk62_ambo_hk62,20885,21683,798,62177,62157
59,dodecahedron_hk62_ambo_hk62,20804,21562,758,62381,62327
60,dodecahedron_hk62_ambo_hk62,20845,21722,877,62491,62619
61,dodecahedron_hk62_ambo_hk62,20530,21297,767,62145,62033
62,dodecahedron_hk62_ambo_hk62,20751,21599,848,62681,62760
63,dodecahedron_hk62_ambo_hk62,20359,21194,835,62068,62053
64,dodecahedron_hk62_ambo_hk62,21219,21998,779,63312,63264
65,dodecahedron_hk62_ambo_hk62,19910,20676,766,60867,60851
66,dodecahedron_hk62_ambo_hk62,21213,21893,680,63765,63677
67,dodecahedron_hk62_ambo_hk62,20265,20996,731,61514,61560
68,dodecahedron_hk62_ambo_hk62,21421,22155,734,63672,63673
69,dodecahedron_hk62_ambo_hk62,20292,21032,740,61333,61334
70,truncatedIcosahedron_hk58_chamfer63,2028,2018,-10,44198,43442
71,truncatedIcosahedron_hk58_chamfer63,9709,10079,370,70140,70516
72,truncatedIcosahedron_hk58_chamfer63,9888,10234,346,62641,62614
73,truncatedIcosahedron_hk58_chamfer63,9684,10065,381,62258,62288
74,truncatedIcosahedron_hk58_chamfer63,11197,11626,429,63974,64019
75,truncatedIcosahedron_hk58_chamfer63,17948,18370,422,69201,69195
76,truncatedIcosahedron_hk58_chamfer63,17552,17887,335,62065,61978
77,truncatedIcosahedron_hk58_chamfer63,16690,17011,321,61600,61582
78,truncatedIcosahedron_hk58_chamfer63,18002,18101,99,63779,63549
79,truncatedIcosahedron_hk58_chamfer63,16439,17040,601,60898,61399
80,truncatedIcosahedron_hk58_chamfer63,16804,17211,407,62826,62631
81,truncatedIcosahedron_hk58_chamfer63,16661,17066,405,61971,61961
82,truncatedIcosahedron_hk58_chamfer63,24483,24886,403,70338,70335
83,truncatedIcosahedron_hk58_chamfer63,28340,30026,1686,66296,67585
84,truncatedIcosahedron_hk58_chamfer63,27805,29526,1721,61919,61949
85,truncatedIcosahedron_hk58_chamfer63,26274,28062,1788,60925,60988
86,truncatedIcosahedron_hk58_chamfer63,26477,28297,1820,62660,62684
87,truncatedIcosahedron_hk58_chamfer63,26934,28903,1969,62915,63056
88,truncatedIcosahedron_hk58_chamfer63,28956,30848,1892,64481,64394
89,truncatedIcosahedron_hk58_chamfer63,25906,27920,2014,59407,59519
90,truncatedIcosahedron_hk58_chamfer63,26181,28115,1934,62737,62639
91,truncatedIcosahedron_hk58_chamfer63,26173,28042,1869,62459,62378
92,truncatedIcosahedron_hk58_chamfer63,26125,28240,2115,62412,62650
93,truncatedIcosahedron_hk58_chamfer63,26250,28107,1857,62591,62316
94,truncatedIcosahedron_hk58_chamfer63,26833,28844,2011,63044,63198
95,truncatedIcosahedron_hk58_chamfer63,26554,28337,1783,62242,62007
96,truncatedIcosahedron_hk58_chamfer63,27224,29149,1925,63132,63270
97,truncatedIcosahedron_hk58_chamfer63,27219,29373,2154,62103,62331
98,truncatedIcosahedron_hk58_chamfer63,28512,30528,2016,63752,63613
99,truncatedIcosahedron_hk58_chamfer63,27407,29240,1833,61362,61169
100,truncatedIcosahedron_hk58_chamfer63,27973,29879,1906,63027,63099
101,truncatedIcosahedron_hk58_chamfer63,28306,30103,1797,62801,62682
102,truncatedIcosahedron_hk58_chamfer63,29002,30929,1927,63157,63286
103,truncatedIcosahedron_hk58_chamfer63,27243,28955,1712,60708,60468
104,truncatedIcosahedron_hk58_chamfer63,28823,30976,2153,64043,64479
105,truncatedIcosahedron_hk58_chamfer63,28891,30759,1868,62529,62243
106,truncatedIcosahedron_hk58_chamfer63,29103,31108,2005,62673,62808
107,truncatedIcosahedron_hk58_chamfer63,28319,30033,1714,61676,61366
108,truncatedIcosahedron_hk58_chamfer63,28806,30948,2142,62948,63373
109,truncatedIcosahedron_hk58_chamfer63,28592,30490,1898,62301,62054
110,truncatedIcosahedron_hk58_chamfer63,28072,30100,2028,61941,62070
111,truncatedIcosahedron_hk58_chamfer63,28198,29956,1758,62587,62316
112,truncatedIcosahedron_hk58_chamfer63,27570,29390,1820,61823,61892
113,truncatedIcosahedron_hk58_chamfer63,28014,29777,1763,62615,62556
114,truncatedIcosahedron_hk58_chamfer63,27414,29207,1793,61861,61890
115,truncatedIcosahedron_hk58_chamfer63,27566,29334,1768,62613,62585
116,truncatedIcosahedron_hk58_chamfer63,27463,29239,1776,62352,62362
117,truncatedIcosahedron_hk58_chamfer63,27040,28905,1865,62037,62126
118,truncatedIcosahedron_hk58_chamfer63,27208,29011,1803,62628,62565
119,truncatedIcosahedron_hk58_chamfer63,26699,28497,1798,61951,61944
120,truncatedIcosahedron_hk58_chamfer63,26793,28610,1817,62550,62568
121,truncatedIcosahedron_hk58_chamfer63,26360,28325,1965,62028,62144
122,truncatedIcosahedron_hk58_chamfer63,26646,28520,1874,62803,62691
123,truncatedIcosahedron_hk58_chamfer63,26083,27932,1849,61899,61870
124,truncatedIcosahedron_hk58_chamfer63,26359,28297,1938,62736,62825
125,truncatedIcosahedron_hk58_chamfer63,25728,27592,1864,61831,61754
126,truncatedIcosahedron_hk58_chamfer63,26120,28052,1932,62854,62920
127,truncatedIcosahedron_hk58_chamfer63,25904,27839,1935,62244,62247
128,truncatedIcosahedron_hk58_chamfer63,26234,27984,1750,62790,62605
129,truncatedIcosahedron_hk58_chamfer63,26520,28494,1974,62474,62684
130,truncatedIcosahedron_hk58_chamfer63,26624,28480,1856,62565,62444
131,truncatedIcosahedron_hk58_chamfer63,26260,28264,2004,62096,62243
132,dodecahedron_ambo_bevel33_relax_hk66,1757,1747,-10,37958,35942
133,dodecahedron_ambo_bevel33_relax_hk66,7554,7760,206,68257,68473
134,dodecahedron_ambo_bevel33_relax_hk66,7992,8234,242,62900,62935
135,dodecahedron_ambo_bevel33_relax_hk66,7524,7752,228,61975,61967
136,dodecahedron_ambo_bevel33_relax_hk66,7983,8200,217,62975,62962
137,dodecahedron_ambo_bevel33_relax_hk66,8994,9320,326,63466,63560
138,dodecahedron_ambo_bevel33_relax_hk66,9249,9581,332,62709,62719
139,dodecahedron_ambo_bevel33_relax_hk66,8966,9276,310,62176,62146
140,dodecahedron_ambo_bevel33_relax_hk66,9498,9939,441,62992,63118
141,dodecahedron_ambo_bevel33_relax_hk66,9512,9948,436,62474,62460
142,dodecahedron_ambo_bevel33_relax_hk66,12064,12541,477,65002,65037
143,dodecahedron_ambo_bevel33_relax_hk66,10458,10915,457,60852,60821
144,dodecahedron_ambo_bevel33_relax_hk66,10470,10944,474,62471,62483
145,dodecahedron_ambo_bevel33_relax_hk66,10033,10453,420,61666,61611
146,dodecahedron_ambo_bevel33_relax_hk66,10103,10541,438,62531,62543
147,dodecahedron_ambo_bevel33_relax_hk66,10362,10919,557,62719,62835
148,dodecahedron_ambo_bevel33_relax_hk66,13231,13649,418,65330,65188
149,dodecahedron_ambo_bevel33_relax_hk66,12365,13123,758,61589,61922
150,dodecahedron_ambo_bevel33_relax_hk66,11822,12541,719,61972,61931
151,dodecahedron_ambo_bevel33_relax_hk66,12444,13285,841,63083,63190
152,dodecahedron_ambo_bevel33_relax_hk66,11946,12754,808,61962,61924
153,dodecahedron_ambo_bevel33_relax_hk66,12697,13581,884,63211,63286
154,dodecahedron_ambo_bevel33_relax_hk66,15482,16328,846,65247,65200
155,dodecahedron_ambo_bevel33_relax_hk66,12764,13695,931,59736,59817
156,dodecahedron_ambo_bevel33_relax_hk66,12381,13162,781,62078,61926
157,dodecahedron_ambo_bevel33_relax_hk66,12859,13756,897,62938,63050
158,dodecahedron_ambo_bevel33_relax_hk66,20347,21138,791,69949,69841
159,dodecahedron_ambo_bevel33_relax_hk66,28114,28966,852,70210,70279
160,dodecahedron_ambo_bevel33_relax_hk66,26110,26937,827,60458,60431
161,dodecahedron_ambo_bevel33_relax_hk66,26646,27043,397,62707,62287
162,dodecahedron_ambo_bevel33_relax_hk66,25818,26090,272,61633,61506
163,dodecahedron_ambo_bevel33_relax_hk66,27153,27469,316,63851,63893
164,dodecahedron_ambo_bevel33_relax_hk66,25847,27011,1164,61156,62002
165,dodecahedron_ambo_bevel33_relax_hk66,26176,27576,1400,62789,63025
166,dodecahedron_ambo_bevel33_relax_hk66,27647,29106,1459,63932,63990
167,dodecahedron_ambo_bevel33_relax_hk66,25458,26953,1495,60271,60300
168,dodecahedron_ambo_bevel33_relax_hk66,25275,26761,1486,62281,62260
169,dodecahedron_ambo_bevel33_relax_hk66,25426,26937,1511,62612,62628
170,dodecahedron_ambo_bevel33_relax_hk66,25257,26683,1426,62299,62206
171,dodecahedron_ambo_bevel33_relax_hk66,25568,27036,1468,62779,62805
172,dodecahedron_ambo_bevel33_relax_hk66,25535,27077,1542,62417,62501
173,dodecahedron_ambo_bevel33_relax_hk66,26044,27514,1470,62969,62897
174,dodecahedron_ambo_bevel33_relax_hk66,25629,27111,1482,62046,62055
175,dodecahedron_ambo_bevel33_relax_hk66,26361,27963,1602,63191,63310
176,dodecahedron_ambo_bevel33_relax_hk66,25811,27304,1493,61911,61799
177,dodecahedron_ambo_bevel33_relax_hk66,27522,29196,1674,63876,64055
178,dodecahedron_ambo_bevel33_relax_hk66,25993,27529,1536,60932,60792
179,dodecahedron_ambo_bevel33_relax_hk66,28850,30521,1671,65318,65450
180,dodecahedron_ambo_bevel33_relax_hk66,26219,27716,1497,59829,59653
181,dodecahedron_ambo_bevel33_relax_hk66,28877,30464,1587,65117,65208
182,dodecahedron_ambo_bevel33_relax_hk66,27003,28604,1601,60587,60598
183,dodecahedron_ambo_bevel33_relax_hk66,28682,30350,1668,64141,64200
184,dodecahedron_ambo_bevel33_relax_hk66,27696,29152,1456,61477,61249
185,dodecahedron_ambo_bevel33_relax_hk66,30325,32002,1677,65090,65310
186,dodecahedron_ambo_bevel33_relax_hk66,28238,29802,1564,60374,60260
187,dodecahedron_ambo_bevel33_relax_hk66,29196,30820,1624,63418,63477
188,dodecahedron_ambo_bevel33_relax_hk66,27789,29250,1461,61054,60889
189,dodecahedron_ambo_bevel33_relax_hk66,28867,30440,1573,63539,63647
190,dodecahedron_ambo_bevel33_relax_hk66,28228,29732,1504,61876,61806
191,dodecahedron_ambo_bevel33_relax_hk66,27137,28619,1482,61364,61345
192,dodecahedron_ambo_bevel33_relax_hk66,27804,29301,1497,63127,63132
193,dodecahedron_ambo_bevel33_relax_hk66,27100,28552,1452,61485,61418
194,dodecahedron_ambo_bevel33_relax_hk66,27507,29110,1603,62867,63010
195,dodecahedron_ambo_bevel33_relax_hk66,26173,27482,1309,61126,60829
196,dodecahedron_ambo_bevel33_relax_hk66,26971,28414,1443,63260,63389
197,dodecahedron_ambo_bevel33_relax_hk66,25933,27351,1418,61406,61394
198,dodecahedron_ambo_bevel33_relax_hk66,26456,27888,1432,62979,62991
199,dodecahedron_ambo_bevel33_relax_hk66,25381,26864,1483,61382,61428
200,dodecahedron_ambo_bevel33_relax_hk66,26133,27653,1520,63211,63239
201,dodecahedron_ambo_bevel33_relax_hk66,25222,26683,1461,61547,61488
202,dodecahedron_ambo_bevel33_relax_hk66,25794,27243,1449,63032,63020
203,dodecahedron_ambo_bevel33_relax_hk66,25014,26481,1467,61682,61697
204,dodecahedron_ambo_bevel33_relax_hk66,25785,27165,1380,63287,63187
205,dodecahedron_ambo_bevel33_relax_hk66,25306,26759,1453,61983,62051
206,dodecahedron_ambo_bevel33_relax_hk66,25651,27108,1457,62807,62807
207,dodecahedron_ambo_bevel33_relax_hk66,25584,26971,1387,62395,62321
208,dodecahedron_ambo_bevel33_relax_hk66,25750,27273,1523,62625,62762
209,dodecahedron_ambo_bevel33_relax_hk66,25612,27070,1458,62051,61967
210,truncatedIcosahedron_ambo_relax_truncate33_hk64,2025,2057,32,38874,37446
211,truncatedIcosahedron_ambo_relax_truncate33_hk64,9427,9843,416,69871,70240
212,truncatedIcosahedron_ambo_relax_truncate33_hk64,9747,10150,403,62781,62765
213,truncatedIcosahedron_ambo_relax_truncate33_hk64,9262,9657,395,61982,61965
214,truncatedIcosahedron_ambo_relax_truncate33_hk64,10343,10784,441,63542,63587
215,truncatedIcosahedron_ambo_relax_truncate33_hk64,12014,12636,622,64136,64301
216,truncatedIcosahedron_ambo_relax_truncate33_hk64,12405,13035,630,62853,62852
217,truncatedIcosahedron_ambo_relax_truncate33_hk64,11931,12742,811,62042,62215
218,truncatedIcosahedron_ambo_relax_truncate33_hk64,12696,13516,820,63226,63232
219,truncatedIcosahedron_ambo_relax_truncate33_hk64,12534,13411,877,62298,62349
220,truncatedIcosahedron_ambo_relax_truncate33_hk64,15530,16346,816,65458,65387
221,truncatedIcosahedron_ambo_relax_truncate33_hk64,10556,11439,883,57479,57545
222,truncatedIcosahedron_ambo_relax_truncate33_hk64,10854,11700,846,62758,62719
223,truncatedIcosahedron_ambo_relax_truncate33_hk64,10452,11289,837,62060,62047
224,truncatedIcosahedron_ambo_relax_truncate33_hk64,14438,15360,922,66454,66531
225,truncatedIcosahedron_ambo_relax_truncate33_hk64,14702,15562,860,62361,62299
226,truncatedIcosahedron_ambo_relax_truncate33_hk64,14686,15524,838,62446,62413
227,truncatedIcosahedron_ambo_relax_truncate33_hk64,14340,15232,892,62113,62164
228,truncatedIcosahedron_ambo_relax_truncate33_hk64,14283,15140,857,62404,62365
229,truncatedIcosahedron_ambo_relax_truncate33_hk64,14223,15170,947,62390,62475
230,truncatedIcosahedron_ambo_relax_truncate33_hk64,25392,26337,945,73629,73614
231,truncatedIcosahedron_ambo_relax_truncate33_hk64,32046,33110,1064,69161,69275
232,truncatedIcosahedron_ambo_relax_truncate33_hk64,31215,32230,1015,61636,61579
233,truncatedIcosahedron_ambo_relax_truncate33_hk64,30083,30741,658,61318,60968
234,truncatedIcosahedron_ambo_relax_truncate33_hk64,29676,30161,485,62055,61877
235,truncatedIcosahedron_ambo_relax_truncate33_hk64,30164,30758,594,62949,63057
236,truncatedIcosahedron_ambo_relax_truncate33_hk64,30295,31030,735,62592,62732
237,truncatedIcosahedron_ambo_relax_truncate33_hk64,31253,32429,1176,63419,63858
238,truncatedIcosahedron_ambo_relax_truncate33_hk64,31785,33486,1701,62993,63515
239,truncatedIcosahedron_ambo_relax_truncate33_hk64,29432,31281,1849,60106,60246
240,truncatedIcosahedron_ambo_relax_truncate33_hk64,28958,30712,1754,61988,61888
241,truncatedIcosahedron_ambo_relax_truncate33_hk64,29565,31411,1846,62715,62807
242,truncatedIcosahedron_ambo_relax_truncate33_hk64,29225,31000,1775,62122,62050
243,truncatedIcosahedron_ambo_relax_truncate33_hk64,30037,31920,1883,63271,63370
244,truncatedIcosahedron_ambo_relax_truncate33_hk64,29767,31576,1809,62251,62106
245,truncatedIcosahedron_ambo_relax_truncate33_hk64,30579,32452,1873,63279,63387
246,truncatedIcosahedron_ambo_relax_truncate33_hk64,29910,31752,1842,61797,61760
247,truncatedIcosahedron_ambo_relax_truncate33_hk64,31225,33113,1888,63763,63819
248,truncatedIcosahedron_ambo_relax_truncate33_hk64,30546,32421,1875,61782,61765
249,truncatedIcosahedron_ambo_relax_truncate33_hk64,31595,33488,1893,63511,63524
250,truncatedIcosahedron_ambo_relax_truncate33_hk64,30932,32774,1842,61797,61746
251,truncatedIcosahedron_ambo_relax_truncate33_hk64,32037,34007,1970,63549,63694
252,truncatedIcosahedron_ambo_relax_truncate33_hk64,31347,33181,1834,61772,61634
253,truncatedIcosahedron_ambo_relax_truncate33_hk64,32817,34847,2030,63931,64124
254,truncatedIcosahedron_ambo_relax_truncate33_hk64,31783,33642,1859,61428,61255
255,truncatedIcosahedron_ambo_relax_truncate33_hk64,33387,35275,1888,64067,64091
256,truncatedIcosahedron_ambo_relax_truncate33_hk64,32331,34186,1855,61393,61371
257,truncatedIcosahedron_ambo_relax_truncate33_hk64,33818,35820,2002,63662,63803
258,truncatedIcosahedron_ambo_relax_truncate33_hk64,32824,34673,1849,61509,61367
259,truncatedIcosahedron_ambo_relax_truncate33_hk64,33651,35564,1913,63288,63340
260,truncatedIcosahedron_ambo_relax_truncate33_hk64,32271,34117,1846,61081,61003
261,truncatedIcosahedron_ambo_relax_truncate33_hk64,33807,35732,1925,63997,64074
262,truncatedIcosahedron_ambo_relax_truncate33_hk64,32185,34061,1876,60828,60789
263,truncatedIcosahedron_ambo_relax_truncate33_hk64,32926,34807,1881,63190,63198
264,truncatedIcosahedron_ambo_relax_truncate33_hk64,31559,33434,1875,61095,61086
265,truncatedIcosahedron_ambo_relax_truncate33_hk64,32519,34383,1864,63419,63407
266,truncatedIcosahedron_ambo_relax_truncate33_hk64,30745,32501,1756,60674,60577
267,truncatedIcosahedron_ambo_relax_truncate33_hk64,31781,33710,1929,63497,63669
268,truncatedIcosahedron_ambo_relax_truncate33_hk64,30399,32334,1935,61079,61084
269,truncatedIcosahedron_ambo_relax_truncate33_hk64,30730,32583,1853,62791,62707
270,truncatedIcosahedron_ambo_relax_truncate33_hk64,29584,31386,1802,61313,61261
271,truncatedIcosahedron_ambo_relax_truncate33_hk64,30330,32220,1890,63207,63291
272,truncatedIcosahedron_ambo_relax_truncate33_hk64,29182,31034,1852,61369,61329
273,truncatedIcosahedron_ambo_relax_truncate33_hk64,30145,31963,1818,63152,63097
274,truncatedIcosahedron_ambo_relax_truncate33_hk64,28746,30523,1777,61062,61018
275,truncatedIcosahedron_ambo_relax_truncate33_hk64,29847,31715,1868,63564,63650
276,truncatedIcosahedron_ambo_relax_truncate33_hk64,28626,30431,1805,61240,61174
277,truncatedIcosahedron_ambo_relax_truncate33_hk64,29891,31741,1850,63727,63770
278,truncatedIcosahedron_ambo_relax_truncate33_hk64,28622,30416,1794,61192,61135
279,truncatedIcosahedron_ambo_relax_truncate33_hk64,30113,31916,1803,63952,63964
280,truncatedIcosahedron_ambo_relax_truncate33_hk64,28912,30707,1795,61260,61249
281,truncatedIcosahedron_ambo_relax_truncate33_hk64,30140,32042,1902,63689,63795
282,dodecahedron_bevel2_relax_gyro,1772,1720,-52,34100,32136
283,dodecahedron_bevel2_relax_gyro,8093,8362,269,68791,69084
284,dodecahedron_bevel2_relax_gyro,8545,8830,285,62913,62924
285,dodecahedron_bevel2_relax_gyro,8014,8270,256,61982,61951
286,dodecahedron_bevel2_relax_gyro,8510,8844,334,62956,63034
287,dodecahedron_bevel2_relax_gyro,9441,9788,347,63391,63387
288,dodecahedron_bevel2_relax_gyro,9891,10253,362,62910,62904
289,dodecahedron_bevel2_relax_gyro,9291,9643,352,61508,61491
290,dodecahedron_bevel2_relax_gyro,9999,10449,450,63166,63260
291,dodecahedron_bevel2_relax_gyro,9748,10274,526,62208,62278
292,dodecahedron_bevel2_relax_gyro,12384,12856,472,65098,65035
293,dodecahedron_bevel2_relax_gyro,10852,11333,481,60919,60931
294,dodecahedron_bevel2_relax_gyro,11157,11579,422,62760,62699
295,dodecahedron_bevel2_relax_gyro,10572,11022,450,61876,61898
296,dodecahedron_bevel2_relax_gyro,10826,11256,430,62714,62688
297,dodecahedron_bevel2_relax_gyro,10328,10871,543,61957,62060
298,dodecahedron_bevel2_relax_gyro,12810,13274,464,64940,64859
299,dodecahedron_bevel2_relax_gyro,10252,10801,549,59950,60036
300,dodecahedron_bevel2_relax_gyro,10852,11336,484,63057,62995
301,dodecahedron_bevel2_relax_gyro,10285,10726,441,61897,61849
302,dodecahedron_bevel2_relax_gyro,15961,16508,547,68144,68239
303,dodecahedron_bevel2_relax_gyro,19314,32802,13488,65804,78746
304,dodecahedron_bevel2_relax_gyro,20647,29005,8358,63796,58661
305,dodecahedron_bevel2_relax_gyro,19470,25133,5663,60995,58304
306,dodecahedron_bevel2_relax_gyro,21361,27036,5675,64353,64350
307,dodecahedron_bevel2_relax_gyro,21180,28048,6868,62281,63469
308,dodecahedron_bevel2_relax_gyro,34685,42440,7755,75968,76851
309,dodecahedron_bevel2_relax_gyro,33735,37764,4029,61473,57768
310,dodecahedron_bevel2_relax_gyro,34234,38371,4137,62957,63054
311,dodecahedron_bevel2_relax_gyro,32439,36548,4109,60665,60635
312,dodecahedron_bevel2_relax_gyro,33260,37436,4176,63336,63398
313,dodecahedron_bevel2_relax_gyro,32418,36730,4312,61620,61752
314,dodecahedron_bevel2_relax_gyro,37697,42147,4450,67740,67877
315,dodecahedron_bevel2_relax_gyro,26292,33406,7114,51048,53717
316,dodecahedron_bevel2_relax_gyro,26771,33837,7066,62941,62879
317,dodecahedron_bevel2_relax_gyro,26411,33104,6693,62101,61714
318,dodecahedron_bevel2_relax_gyro,26967,33826,6859,63019,63181
319,dodecahedron_bevel2_relax_gyro,26754,33467,6713,62248,62090
320,dodecahedron_bevel2_relax_gyro,41003,47870,6867,76711,76863
321,dodecahedron_bevel2_relax_gyro,33901,40479,6578,55022,54760
322,dodecahedron_bevel2_relax_gyro,34357,40685,6328,62909,62661
323,dodecahedron_bevel2_relax_gyro,33643,39154,5511,61738,60927
324,dodecahedron_bevel2_relax_gyro,33783,38809,5026,62601,62111
325,dodecahedron_bevel2_relax_gyro,33279,37900,4621,61956,61550
326,dodecahedron_bevel2_relax_gyro,35202,39604,4402,64439,64216
327,dodecahedron_bevel2_relax_gyro,18208,22364,4156,45461,45212
328,dodecahedron_bevel2_relax_gyro,18650,22697,4047,62886,62784
329,dodecahedron_bevel2_relax_gyro,18088,22157,4069,61889,61912
330,dodecahedron_bevel2_relax_gyro,18581,22701,4120,62953,63003
331,dodecahedron_bevel2_relax_gyro,18206,22225,4019,62085,61974
332,dodecahedron_bevel2_relax_gyro,18609,22702,4093,62861,62935
333,dodecahedron_bevel2_relax_gyro,18452,22467,4015,62304,62223
334,dodecahedron_bevel2_relax_gyro,18828,22880,4052,62838,62871
335,dodecahedron_bevel2_relax_gyro,18713,22687,3974,62346,62265
336,dodecahedron_bevel2_relax_gyro,18921,22930,4009,62671,62703
337,dodecahedron_bevel2_relax_gyro,18850,22861,4011,62030,62045
338,dodecahedron_bevel2_relax_gyro,19046,23027,3981,62659,62625
339,dodecahedron_bevel2_relax_gyro,19227,23134,3907,62696,62618
340,dodecahedron_bevel2_relax_gyro,19261,23219,3958,62496,62545
341,dodecahedron_bevel2_relax_gyro,19015,23020,4005,62214,62260
342,dodecahedron_bevel2_relax_gyro,19301,23407,4106,62746,62848
343,dodecahedron_bevel2_relax_gyro,19271,23313,4042,62429,62354
344,dodecahedron_bevel2_relax_gyro,19306,23308,4002,62496,62452
345,dodecahedron_bevel2_relax_gyro,19163,23199,4036,62318,62351
346,dodecahedron_bevel2_relax_gyro,19278,23257,3979,62577,62516
347,dodecahedron_bevel2_relax_gyro,19246,23364,4118,62428,62566
348,dodecahedron_bevel2_relax_gyro,19244,23333,4089,62459,62435
349,dodecahedron_bevel2_relax_gyro,19150,23157,4007,62365,62283
350,dodecahedron_bevel2_relax_gyro,19306,23305,3999,62617,62609
351,dodecahedron_bevel2_relax_gyro,18929,23221,4292,62081,62375
352,dodecahedron_bevel2_relax_gyro,19076,23034,3958,62606,62274
353,dodecahedron_bevel2_relax_gyro,18962,23061,4099,62122,62264
354,dodecahedron_bevel2_relax_gyro,19157,23214,4057,62654,62605
355,dodecahedron_bevel2_relax_gyro,18739,22776,4037,62043,62021
356,dodecahedron_bevel2_relax_gyro,18787,22830,4043,62510,62513
357,dodecahedron_bevel2_relax_gyro,18848,22851,4003,62522,62480
358,dodecahedron_bevel2_relax_gyro,18789,22788,3999,62405,62391
359,dodecahedron_bevel2_relax_gyro,18720,22618,3898,62392,62290
360,dodecahedron_bevel2_relax_gyro,18743,22634,3891,62485,62476
361,dodecahedron_bevel2_relax_gyro,18850,22891,4041,62568,62715
362,dodecahedron_bevel2_relax_gyro,18817,22647,3830,62429,62216
363,dodecahedron_bevel2_relax_gyro,18695,22618,3923,62339,62428
364,dodecahedron_bevel2_relax_gyro,18622,22484,3862,62395,62326
365,dodecahedron_bevel2_relax_gyro,18681,22673,3992,62508,62646
366,dodecahedron_bevel2_relax_gyro,18632,22587,3955,62412,62375
367,dodecahedron_bevel2_relax_gyro,19213,23224,4011,63087,63148
368,dodecahedron_bevel2_relax_gyro,18943,22964,4021,62174,62200
369,dodecahedron_bevel2_relax_gyro,18757,22838,4081,61989,62041
370,truncatedIcosidodecahedron_bevel5_relax_hk77,2451,2452,1,46155,42073
371,truncatedIcosidodecahedron_bevel5_relax_hk77,11095,11606,511,71088,71608
372,truncatedIcosidodecahedron_bevel5_relax_hk77,10816,11305,489,62180,62156
373,truncatedIcosidodecahedron_bevel5_relax_hk77,11010,11557,547,62643,62710
374,truncatedIcosidodecahedron_bevel5_relax_hk77,12522,13005,483,63975,63909
375,truncatedIcosidodecahedron_bevel5_relax_hk77,15984,16959,975,65918,66395
376,truncatedIcosidodecahedron_bevel5_relax_hk77,15563,16671,1108,62040,62169
377,truncatedIcosidodecahedron_bevel5_relax_hk77,16201,17392,1191,63099,63173
378,truncatedIcosidodecahedron_bevel5_relax_hk77,15948,17314,1366,62209,62375
379,truncatedIcosidodecahedron_bevel5_relax_hk77,16696,18152,1456,63207,63286
380,truncatedIcosidodecahedron_bevel5_relax_hk77,21868,23470,1602,67685,67830
381,truncatedIcosidodecahedron_bevel5_relax_hk77,20455,21932,1477,61039,60913
382,truncatedIcosidodecahedron_bevel5_relax_hk77,19852,21359,1507,61857,61878
383,truncatedIcosidodecahedron_bevel5_relax_hk77,20442,22068,1626,63049,63157
384,truncatedIcosidodecahedron_bevel5_relax_hk77,20029,21710,1681,62047,62097
385,truncatedIcosidodecahedron_bevel5_relax_hk77,20541,22316,1775,62611,62724
386,truncatedIcosidodecahedron_bevel5_relax_hk77,31392,33195,1803,73314,73337
387,truncatedIcosidodecahedron_bevel5_relax_hk77,16432,18637,2205,47476,47895
388,truncatedIcosidodecahedron_bevel5_relax_hk77,16328,18395,2067,62360,62199
389,truncatedIcosidodecahedron_bevel5_relax_hk77,16747,19008,2261,62880,63070
390,truncatedIcosidodecahedron_bevel5_relax_hk77,31052,33455,2403,76765,76905
391,truncatedIcosidodecahedron_bevel5_relax_hk77,41673,44382,2709,73075,73375
392,truncatedIcosidodecahedron_bevel5_relax_hk77,38022,40039,2017,58812,58109
393,truncatedIcosidodecahedron_bevel5_relax_hk77,37001,38578,1577,61441,60996
394,truncatedIcosidodecahedron_bevel5_relax_hk77,36498,38019,1521,62012,61956
395,truncatedIcosidodecahedron_bevel5_relax_hk77,39405,40116,711,65366,64556
396,truncatedIcosidodecahedron_bevel5_relax_hk77,41142,41592,450,64198,63933
397,truncatedIcosidodecahedron_bevel5_relax_hk77,42708,43292,584,64026,64157
398,truncatedIcosidodecahedron_bevel5_relax_hk77,39230,41627,2397,58983,60794
399,truncatedIcosidodecahedron_bevel5_relax_hk77,35664,38137,2473,58888,58952
400,truncatedIcosidodecahedron_bevel5_relax_hk77,35990,38327,2337,62789,62649
401,truncatedIcosidodecahedron_bevel5_relax_hk77,35681,38157,2476,61804,61940
402,truncatedIcosidodecahedron_bevel5_relax_hk77,36058,38488,2430,62837,62791
403,truncatedIcosidodecahedron_bevel5_relax_hk77,35971,38477,2506,62375,62439
404,truncatedIcosidodecahedron_bevel5_relax_hk77,36920,39392,2472,63410,63365
405,truncatedIcosidodecahedron_bevel5_relax_hk77,39457,41700,2243,65005,64766
406,truncatedIcosidodecahedron_bevel5_relax_hk77,40707,43298,2591,63701,64057
407,truncatedIcosidodecahedron_bevel5_relax_hk77,38947,41323,2376,60755,60539
408,truncatedIcosidodecahedron_bevel5_relax_hk77,43152,45611,2459,66667,66745
409,truncatedIcosidodecahedron_bevel5_relax_hk77,41355,44255,2900,60664,61103
410,truncatedIcosidodecahedron_bevel5_relax_hk77,41602,44137,2535,62706,62329
411,truncatedIcosidodecahedron_bevel5_relax_hk77,40813,43336,2523,61673,61657
412,truncatedIcosidodecahedron_bevel5_relax_hk77,43131,45627,2496,64780,64750
413,truncatedIcosidodecahedron_bevel5_relax_hk77,42393,45138,2745,61723,61971
414,truncatedIcosidodecahedron_bevel5_relax_hk77,42760,45309,2549,62827,62630
415,truncatedIcosidodecahedron_bevel5_relax_hk77,41798,44513,2715,61497,61661
416,truncatedIcosidodecahedron_bevel5_relax_hk77,44044,46521,2477,64708,64465
417,truncatedIcosidodecahedron_bevel5_relax_hk77,43516,46358,2842,61649,62024
418,truncatedIcosidodecahedron_bevel5_relax_hk77,43448,46072,2624,62394,62173
419,truncatedIcosidodecahedron_bevel5_relax_hk77,41589,44437,2848,60602,60824
420,truncatedIcosidodecahedron_bevel5_relax_hk77,40360,43067,2707,61232,61090
421,truncatedIcosidodecahedron_bevel5_relax_hk77,40293,42936,2643,62449,62382
422,truncatedIcosidodecahedron_bevel5_relax_hk77,39581,42220,2639,61750,61734
423,truncatedIcosidodecahedron_bevel5_relax_hk77,38890,41533,2643,61770,61767
424,truncatedIcosidodecahedron_bevel5_relax_hk77,38032,40544,2512,61604,61470
425,truncatedIcosidodecahedron_bevel5_relax_hk77,37676,40263,2587,62106,62179
426,truncatedIcosidodecahedron_bevel5_relax_hk77,37775,40229,2454,62562,62424
427,truncatedIcosidodecahedron_bevel5_relax_hk77,37483,39967,2484,62168,62197
428,truncatedIcosidodecahedron_bevel5_relax_hk77,37335,39775,2440,62314,62266
429,truncatedIcosidodecahedron_bevel5_relax_hk77,37085,39603,2518,62210,62286
430,truncatedIcosidodecahedron_bevel5_relax_hk77,36860,39309,2449,62235,62164
431,truncatedIcosidodecahedron_bevel5_relax_hk77,36568,39113,2545,62158,62262
432,truncatedIcosidodecahedron_bevel5_relax_hk77,37119,39587,2468,63014,62934
433,truncatedIcosidodecahedron_bevel5_relax_hk77,36276,38781,2505,61332,61374
434,truncatedIcosidodecahedron_bevel5_relax_hk77,36651,39071,2420,62896,62805
435,truncatedIcosidodecahedron_bevel5_relax_hk77,35720,38258,2538,61537,61645
436,truncatedIcosidodecahedron_bevel5_relax_hk77,36418,38922,2504,63161,63124
437,truncatedIcosidodecahedron_bevel5_relax_hk77,35820,38272,2452,61852,61808
438,truncatedIcosidodecahedron_bevel5_relax_hk77,36297,38675,2378,62939,62861
439,truncatedIcosidodecahedron_bevel5_relax_hk77,36300,38692,2392,62464,62476
440,truncatedIcosidodecahedron_bevel5_relax_hk77,36325,38722,2397,62486,62489
441,truncatedIcosidodecahedron_bevel5_relax_hk77,36368,38771,2403,62504,62507
442,truncatedOctahedron_gyro_kis_hk17,1844,1917,73,27937,25611
443,truncatedOctahedron_gyro_kis_hk17,8329,8637,308,68945,69185
444,truncatedOctahedron_gyro_kis_hk17,8991,9275,284,63120,63090
445,truncatedOctahedron_gyro_kis_hk17,8174,8464,290,61645,61648
446,truncatedOctahedron_gyro_kis_hk17,9503,9800,297,63792,63796
447,truncatedOctahedron_gyro_kis_hk17,11313,19023,7710,64260,71680
448,truncatedOctahedron_gyro_kis_hk17,13316,17534,4218,64519,61026
449,truncatedOctahedron_gyro_kis_hk17,11795,14290,2495,60575,58860
450,truncatedOctahedron_gyro_kis_hk17,11679,13623,1944,62344,61783
451,truncatedOctahedron_gyro_kis_hk17,11649,13337,1688,62421,62174
452,truncatedOctahedron_gyro_kis_hk17,14978,16938,1960,65789,66060
453,truncatedOctahedron_gyro_kis_hk17,15975,17284,1309,63456,62788
454,truncatedOctahedron_gyro_kis_hk17,15408,16748,1340,61891,61921
455,truncatedOctahedron_gyro_kis_hk17,15342,16646,1304,62396,62354
456,truncatedOctahedron_gyro_kis_hk17,14983,16302,1319,62101,62110
457,truncatedOctahedron_gyro_kis_hk17,14681,15890,1209,62157,62044
458,truncatedOctahedron_gyro_kis_hk17,22620,23912,1292,70400,70480
459,truncatedOctahedron_gyro_kis_hk17,24807,27382,2575,64630,65930
460,truncatedOctahedron_gyro_kis_hk17,26149,29129,2980,63803,64204
461,truncatedOctahedron_gyro_kis_hk17,24864,27974,3110,61229,61303
462,truncatedOctahedron_gyro_kis_hk17,26950,30616,3666,64546,65153
463,truncatedOctahedron_gyro_kis_hk17,25308,28854,3546,60818,60696
464,truncatedOctahedron_gyro_kis_hk17,30489,34358,3869,67640,67963
465,truncatedOctahedron_gyro_kis_hk17,19469,23186,3717,51130,51005
466,truncatedOctahedron_gyro_kis_hk17,21401,25265,3864,64393,64536
467,truncatedOctahedron_gyro_kis_hk17,19972,23793,3821,61031,60985
468,truncatedOctahedron_gyro_kis_hk17,21589,26106,4517,64079,64772
469,truncatedOctahedron_gyro_kis_hk17,21281,26027,4746,62153,62381
470,truncatedOctahedron_gyro_kis_hk17,30417,35380,4963,71596,71804
471,truncatedOctahedron_gyro_kis_hk17,24481,27456,2975,56508,54526
472,truncatedOctahedron_gyro_kis_hk17,25024,27989,2965,62997,62989
473,truncatedOctahedron_gyro_kis_hk17,24548,27498,2950,61984,61967
474,truncatedOctahedron_gyro_kis_hk17,25015,27732,2717,62926,62693
475,truncatedOctahedron_gyro_kis_hk17,25700,28478,2778,63199,63251
476,truncatedOctahedron_gyro_kis_hk17,29883,32494,2611,66645,66475
477,truncatedOctahedron_gyro_kis_hk17,17821,22620,4799,50396,52580
478,truncatedOctahedron_gyro_kis_hk17,18466,23169,4703,63107,63009
479,truncatedOctahedron_gyro_kis_hk17,17250,22085,4835,61245,61374
480,truncatedOctahedron_gyro_kis_hk17,18184,22853,4669,63395,63228
481,truncatedOctahedron_gyro_kis_hk17,16885,21486,4601,60860,60801
482,truncatedOctahedron_gyro_kis_hk17,29324,34017,4693,74893,74991
483,truncatedOctahedron_gyro_kis_hk17,44402,49765,5363,77525,78200
484,truncatedOctahedron_gyro_kis_hk17,43626,48597,4971,61687,61290
485,truncatedOctahedron_gyro_kis_hk17,42545,46765,4220,61381,60617
486,truncatedOctahedron_gyro_kis_hk17,40207,43855,3648,60124,59550
487,truncatedOctahedron_gyro_kis_hk17,37874,40714,2840,60128,59316
488,truncatedOctahedron_gyro_kis_hk17,36516,39117,2601,61104,60861
489,truncatedOctahedron_gyro_kis_hk17,36365,38510,2145,62366,61907
490,truncatedOctahedron_gyro_kis_hk17,37076,39263,2187,63171,63213
491,truncatedOctahedron_gyro_kis_hk17,35173,37278,2105,60554,60467
492,truncatedOctahedron_gyro_kis_hk17,34907,37069,2162,62191,62236
493,truncatedOctahedron_gyro_kis_hk17,35267,37364,2097,62822,62755
494,truncatedOctahedron_gyro_kis_hk17,34907,37125,2218,62101,62219
495,truncatedOctahedron_gyro_kis_hk17,34832,37071,2239,62385,62397
496,truncatedOctahedron_gyro_kis_hk17,35460,37686,2226,63089,63075
497,truncatedOctahedron_gyro_kis_hk17,37165,39194,2029,63818,63622
498,truncatedOctahedron_gyro_kis_hk17,36605,39068,2463,61901,62332
499,truncatedOctahedron_gyro_kis_hk17,35499,38010,2511,61355,61402
500,truncatedOctahedron_gyro_kis_hk17,38406,40871,2465,65367,65321
501,truncatedOctahedron_gyro_kis_hk17,38587,41086,2499,62643,62673
502,truncatedOctahedron_gyro_kis_hk17,37545,39772,2227,61464,61206
503,truncatedOctahedron_gyro_kis_hk17,39598,42672,3074,64515,65361
504,truncatedOctahedron_gyro_kis_hk17,38417,40887,2470,61280,60672
505,truncatedOctahedron_gyro_kis_hk17,38978,41336,2358,63024,62905
506,truncatedOctahedron_gyro_kis_hk17,39378,42171,2793,62861,63295
507,truncatedOctahedron_gyro_kis_hk17,41020,44270,3250,64102,64559
508,truncatedOctahedron_gyro_kis_hk17,39012,41402,2390,60454,59592
509,truncatedOctahedron_gyro_kis_hk17,40150,42579,2429,63600,63636
510,truncatedOctahedron_gyro_kis_hk17,40108,42945,2837,62419,62825
511,truncatedOctahedron_gyro_kis_hk17,40777,43970,3193,63130,63480
512,truncatedOctahedron_gyro_kis_hk17,37744,40290,2546,59425,58778
513,truncatedOctahedron_gyro_kis_hk17,37103,39471,2368,61535,61363
514,truncatedOctahedron_gyro_kis_hk17,38490,40974,2484,63849,63952
515,truncatedOctahedron_gyro_kis_hk17,37293,39512,2219,61264,60988
516,truncatedOctahedron_gyro_kis_hk17,36982,39199,2217,62192,62200
517,truncatedOctahedron_gyro_kis_hk17,36584,38715,2131,62068,61974
518,truncatedOctahedron_gyro_kis_hk17,36678,39001,2323,62549,62745
519,truncatedOctahedron_gyro_kis_hk17,35765,37980,2215,61549,61438
520,truncatedOctahedron_gyro_kis_hk17,36186,38580,2394,62883,63061
521,truncatedOctahedron_gyro_kis_hk17,35483,37661,2178,61759,61530
522,truncatedOctahedron_gyro_kis_hk17,35726,38051,2325,62697,62842
523,truncatedOctahedron_gyro_kis_hk17,34933,37082,2149,61667,61490
524,truncatedOctahedron_gyro_kis_hk17,35664,37892,2228,63192,63270
525,truncatedOctahedron_gyro_kis_hk17,34503,36697,2194,61299,61263
526,truncatedOctahedron_gyro_kis_hk17,35285,37538,2253,63243,63299
527,truncatedOctahedron_gyro_kis_hk17,34052,36243,2191,61227,61165
528,truncatedOctahedron_gyro_kis_hk17,35714,38033,2319,64131,64250
529,truncatedOctahedron_gyro_kis_hk17,34146,36314,2168,60664,60500
530,truncatedOctahedron_gyro_kis_hk17,35191,37361,2170,63504,63504
531,truncatedOctahedron_gyro_kis_hk17,34153,36271,2118,61427,61370
532,truncatedOctahedron_gyro_kis_hk17,35511,37701,2190,63820,63888
533,truncatedOctahedron_gyro_kis_hk17,34324,36445,2121,61281,61203
534,truncatedIcosahedron_ambo_relax_truncate001_hankin59,2067,2080,13,30205,28084
535,truncatedIcosahedron_ambo_relax_truncate001_hankin59,9484,9884,400,69886,70255
536,truncatedIcosahedron_ambo_relax_truncate001_hankin59,10097,10480,383,63074,63054
537,truncatedIcosahedron_ambo_relax_truncate001_hankin59,9479,9911,432,61844,61891
538,truncatedIcosahedron_ambo_relax_truncate001_hankin59,10926,11320,394,63908,63875
539,truncatedIcosahedron_ambo_relax_truncate001_hankin59,12531,13184,653,64065,64311
540,truncatedIcosahedron_ambo_relax_truncate001_hankin59,13218,13836,618,63145,63103
541,truncatedIcosahedron_ambo_relax_truncate001_hankin59,12635,13285,650,61878,61891
542,truncatedIcosahedron_ambo_relax_truncate001_hankin59,12797,13613,816,62624,62782
543,truncatedIcosahedron_ambo_relax_truncate001_hankin59,12946,13775,829,62664,62675
544,truncatedIcosahedron_ambo_relax_truncate001_hankin59,15401,16255,854,64915,64936
545,truncatedIcosahedron_ambo_relax_truncate001_hankin59,10821,11779,958,57522,57626
546,truncatedIcosahedron_ambo_relax_truncate001_hankin59,10784,11703,919,62418,62375
547,truncatedIcosahedron_ambo_relax_truncate001_hankin59,10892,11822,930,62569,62567
548,truncatedIcosahedron_ambo_relax_truncate001_hankin59,14535,15429,894,66105,66066
549,truncatedIcosahedron_ambo_relax_truncate001_hankin59,15435,16258,823,63353,63283
550,truncatedIcosahedron_ambo_relax_truncate001_hankin59,15133,16029,896,62152,62225
551,truncatedIcosahedron_ambo_relax_truncate001_hankin59,15498,16310,812,62826,62724
552,truncatedIcosahedron_ambo_relax_truncate001_hankin59,15007,15801,794,61974,61947
553,truncatedIcosahedron_ambo_relax_truncate001_hankin59,15354,16185,831,62808,62840
554,truncatedIcosahedron_ambo_relax_truncate001_hankin59,25205,25991,786,72312,72257
555,truncatedIcosahedron_ambo_relax_truncate001_hankin59,34307,34344,37,71556,70816
556,truncatedIcosahedron_ambo_relax_truncate001_hankin59,33531,33569,38,61731,61739
557,truncatedIcosahedron_ambo_relax_truncate001_hankin59,34557,34590,33,63488,63480
558,truncatedIcosahedron_ambo_relax_truncate001_hankin59,33872,33925,53,61777,61795
559,truncatedIcosahedron_ambo_relax_truncate001_hankin59,35162,35204,42,63750,63739
560,truncatedIcosahedron_ambo_relax_truncate001_hankin59,34241,34302,61,61541,61558
561,truncatedIcosahedron_ambo_relax_truncate001_hankin59,34931,34983,52,62859,62859
562,truncatedIcosahedron_ambo_relax_truncate001_hankin59,36784,36835,51,64315,64312
563,truncatedIcosahedron_ambo_relax_truncate001_hankin59,34824,34856,32,60498,60474
564,truncatedIcosahedron_ambo_relax_truncate001_hankin59,33883,33932,49,61518,61533
565,truncatedIcosahedron_ambo_relax_truncate001_hankin59,34764,34807,43,63338,63333
566,truncatedIcosahedron_ambo_relax_truncate001_hankin59,33883,33949,66,61581,61601
567,truncatedIcosahedron_ambo_relax_truncate001_hankin59,34957,35005,48,63536,63508
568,truncatedIcosahedron_ambo_relax_truncate001_hankin59,34323,34395,72,61826,61848
569,truncatedIcosahedron_ambo_relax_truncate001_hankin59,36177,36231,54,64316,64295
570,truncatedIcosahedron_ambo_relax_truncate001_hankin59,34807,34869,62,61146,61152
571,truncatedIcosahedron_ambo_relax_truncate001_hankin59,37086,37127,41,64746,64715
572,truncatedIcosahedron_ambo_relax_truncate001_hankin59,35901,35946,45,61283,61277
573,truncatedIcosahedron_ambo_relax_truncate001_hankin59,38065,38091,26,64625,64602
574,truncatedIcosahedron_ambo_relax_truncate001_hankin59,36875,36914,39,61279,61283
575,truncatedIcosahedron_ambo_relax_truncate001_hankin59,38570,38582,12,64143,64126
576,truncatedIcosahedron_ambo_relax_truncate001_hankin59,36975,37017,42,60867,60883
577,truncatedIcosahedron_ambo_relax_truncate001_hankin59,39512,39541,29,64653,64631
578,truncatedIcosahedron_ambo_relax_truncate001_hankin59,38955,38965,10,61902,61884
579,truncatedIcosahedron_ambo_relax_truncate001_hankin59,39970,39984,14,63477,63480
580,truncatedIcosahedron_ambo_relax_truncate001_hankin59,37862,37896,34,60352,60371
581,truncatedIcosahedron_ambo_relax_truncate001_hankin59,40979,40988,9,65579,65552
582,truncatedIcosahedron_ambo_relax_truncate001_hankin59,39834,39825,-9,61315,61294
583,truncatedIcosahedron_ambo_relax_truncate001_hankin59,40536,40548,12,63162,63183
584,truncatedIcosahedron_ambo_relax_truncate001_hankin59,38652,38691,39,60631,60657
585,truncatedIcosahedron_ambo_relax_truncate001_hankin59,40049,40077,28,63860,63846
586,truncatedIcosahedron_ambo_relax_truncate001_hankin59,38136,38152,16,60548,60534
587,truncatedIcosahedron_ambo_relax_truncate001_hankin59,38497,38534,37,62817,62825
588,truncatedIcosahedron_ambo_relax_truncate001_hankin59,37787,37816,29,61746,61740
589,truncatedIcosahedron_ambo_relax_truncate001_hankin59,37676,37712,36,62351,62355
590,truncatedIcosahedron_ambo_relax_truncate001_hankin59,37072,37101,29,61857,61837
591,truncatedIcosahedron_ambo_relax_truncate001_hankin59,36337,36368,31,61724,61726
592,truncatedIcosahedron_ambo_relax_truncate001_hankin59,37478,37510,32,63602,63603
593,truncatedIcosahedron_ambo_relax_truncate001_hankin59,35649,35694,45,60346,60355
594,truncatedIcosahedron_ambo_relax_truncate001_hankin59,36999,37019,20,63808,63779
595,truncatedIcosahedron_ambo_relax_truncate001_hankin59,34977,35040,63,60442,60459
596,truncatedIcosahedron_ambo_relax_truncate001_hankin59,36963,36975,12,64447,64394
597,truncatedIcosahedron_ambo_relax_truncate001_hankin59,34595,34627,32,60147,60166
598,truncatedIcosahedron_ambo_relax_truncate001_hankin59,36354,36383,29,64219,64216
599,truncatedIcosahedron_ambo_relax_truncate001_hankin59,33902,33955,53,60008,60032
600,truncatedIcosahedron_ambo_relax_truncate001_hankin59,36298,36330,32,64858,64835
601,truncatedIcosahedron_ambo_relax_truncate001_hankin59,33577,33644,67,59740,59773
602,truncatedIcosahedron_ambo_relax_truncate001_hankin59,35989,36044,55,64873,64860
603,truncatedIcosahedron_ambo_relax_truncate001_hankin59,33940,34000,60,60402,60414
604,truncatedIcosahedron_ambo_relax_truncate001_hankin59,36086,36134,48,64614,64593
605,truncatedIcosahedron_ambo_relax_truncate001_hankin59,33838,33913,75,60197,60238
606,truncatedIcosahedron_ambo_relax_truncate001_hankin73,2010,2063,53,30621,30609
607,truncatedIcosahedron_ambo_relax_truncate001_hankin73,9020,9386,366,69473,69780
608,truncatedIcosahedron_ambo_relax_truncate001_hankin73,9315,9716,401,62753,62790
609,truncatedIcosahedron_ambo_relax_truncate001_hankin73,9011,9414,403,61875,61874
610,truncatedIcosahedron_ambo_relax_truncate001_hankin73,10047,10463,416,63496,63507
611,truncatedIcosahedron_ambo_relax_truncate001_hankin73,11761,12309,548,64217,64344
612,truncatedIcosahedron_ambo_relax_truncate001_hankin73,12071,12701,630,62769,62849
613,truncatedIcosahedron_ambo_relax_truncate001_hankin73,11866,12541,675,62254,62299
614,truncatedIcosahedron_ambo_relax_truncate001_hankin73,12445,13231,786,63042,63137
615,truncatedIcosahedron_ambo_relax_truncate001_hankin73,12560,13399,839,62574,62626
616,truncatedIcosahedron_ambo_relax_truncate001_hankin73,15246,16013,767,65145,65070
617,truncatedIcosahedron_ambo_relax_truncate001_hankin73,10606,11564,958,57815,57998
618,truncatedIcosahedron_ambo_relax_truncate001_hankin73,10594,11503,909,62452,62394
619,truncatedIcosahedron_ambo_relax_truncate001_hankin73,10642,11583,941,62507,62540
620,truncatedIcosahedron_ambo_relax_truncate001_hankin73,14176,15061,885,65994,65934
621,truncatedIcosahedron_ambo_relax_truncate001_hankin73,15170,15954,784,63444,63338
622,truncatedIcosahedron_ambo_relax_truncate001_hankin73,14777,15552,775,62059,62049
623,truncatedIcosahedron_ambo_relax_truncate001_hankin73,15335,16167,832,63016,63070
624,truncatedIcosahedron_ambo_relax_truncate001_hankin73,14653,15434,781,61834,61776
625,truncatedIcosahedron_ambo_relax_truncate001_hankin73,15316,16125,809,62759,62795
626,truncatedIcosahedron_ambo_relax_truncate001_hankin73,25437,26265,828,72582,72599
627,truncatedIcosahedron_ambo_relax_truncate001_hankin73,34856,35128,272,71875,71316
628,truncatedIcosahedron_ambo_relax_truncate001_hankin73,32638,32920,282,60244,60240
629,truncatedIcosahedron_ambo_relax_truncate001_hankin73,36093,36320,227,65922,65859
630,truncatedIcosahedron_ambo_relax_truncate001_hankin73,33884,34173,289,60252,60310
631,truncatedIcosahedron_ambo_relax_truncate001_hankin73,36548,37408,860,65126,65694
632,truncatedIcosahedron_ambo_relax_truncate001_hankin73,32262,34272,2010,58181,59323
633,truncatedIcosahedron_ambo_relax_truncate001_hankin73,35449,37818,2369,65654,65995
634,truncatedIcosahedron_ambo_relax_truncate001_hankin73,35040,37432,2392,62053,62074
635,truncatedIcosahedron_ambo_relax_truncate001_hankin73,34744,37300,2556,62160,62322
636,truncatedIcosahedron_ambo_relax_truncate001_hankin73,32326,34768,2442,60044,59908
637,truncatedIcosahedron_ambo_relax_truncate001_hankin73,34648,37075,2427,64784,64765
638,truncatedIcosahedron_ambo_relax_truncate001_hankin73,32671,35192,2521,60546,60630
639,truncatedIcosahedron_ambo_relax_truncate001_hankin73,35113,37702,2589,64901,64967
640,truncatedIcosahedron_ambo_relax_truncate001_hankin73,33732,36232,2500,61072,60990
641,truncatedIcosahedron_ambo_relax_truncate001_hankin73,36154,38659,2505,64528,64531
642,truncatedIcosahedron_ambo_relax_truncate001_hankin73,35515,37978,2463,61821,61777
643,truncatedIcosahedron_ambo_relax_truncate001_hankin73,36028,38610,2582,62980,63092
644,truncatedIcosahedron_ambo_relax_truncate001_hankin73,38510,41035,2525,64944,64872
645,truncatedIcosahedron_ambo_relax_truncate001_hankin73,36551,39251,2700,60502,60675
646,truncatedIcosahedron_ambo_relax_truncate001_hankin73,38664,41316,2652,64573,64523
647,truncatedIcosahedron_ambo_relax_truncate001_hankin73,35370,37976,2606,59169,59117
648,truncatedIcosahedron_ambo_relax_truncate001_hankin73,38791,41478,2687,65882,65962
649,truncatedIcosahedron_ambo_relax_truncate001_hankin73,36493,39244,2751,60163,60223
650,truncatedIcosahedron_ambo_relax_truncate001_hankin73,40130,42947,2817,66098,66162
651,truncatedIcosahedron_ambo_relax_truncate001_hankin73,35285,37800,2515,57669,57355
652,truncatedIcosahedron_ambo_relax_truncate001_hankin73,40162,42771,2609,67336,67430
653,truncatedIcosahedron_ambo_relax_truncate001_hankin73,36779,39811,3032,59079,59497
654,truncatedIcosahedron_ambo_relax_truncate001_hankin73,40371,43295,2924,66054,65944
655,truncatedIcosahedron_ambo_relax_truncate001_hankin73,35206,37633,2427,57297,56797
656,truncatedIcosahedron_ambo_relax_truncate001_hankin73,37400,40006,2606,64657,64829
657,truncatedIcosahedron_ambo_relax_truncate001_hankin73,35932,38870,2938,60718,61048
658,truncatedIcosahedron_ambo_relax_truncate001_hankin73,37706,40514,2808,64234,64103
659,truncatedIcosahedron_ambo_relax_truncate001_hankin73,34920,37244,2324,59678,59181
660,truncatedIcosahedron_ambo_relax_truncate001_hankin73,35318,37960,2642,62859,63172
661,truncatedIcosahedron_ambo_relax_truncate001_hankin73,35324,38136,2812,62467,62634
662,truncatedIcosahedron_ambo_relax_truncate001_hankin73,34868,37562,2694,62008,61883
663,truncatedIcosahedron_ambo_relax_truncate001_hankin73,34343,36923,2580,61936,61819
664,truncatedIcosahedron_ambo_relax_truncate001_hankin73,33932,36639,2707,62051,62176
665,truncatedIcosahedron_ambo_relax_truncate001_hankin73,34548,37065,2517,63129,62941
666,truncatedIcosahedron_ambo_relax_truncate001_hankin73,33238,35759,2521,61154,61151
667,truncatedIcosahedron_ambo_relax_truncate001_hankin73,34373,36877,2504,63597,63561
668,truncatedIcosahedron_ambo_relax_truncate001_hankin73,33123,35637,2514,61218,61208
669,truncatedIcosahedron_ambo_relax_truncate001_hankin73,34360,36911,2551,63699,63734
670,truncatedIcosahedron_ambo_relax_truncate001_hankin73,33315,35926,2611,61415,61473
671,truncatedIcosahedron_ambo_relax_truncate001_hankin73,34336,36815,2479,63482,63346
672,truncatedIcosahedron_ambo_relax_truncate001_hankin73,33633,36158,2525,61759,61801
673,truncatedIcosahedron_ambo_relax_truncate001_hankin73,34187,36793,2606,62732,62807
674,truncatedIcosahedron_ambo_relax_truncate001_hankin73,34347,36867,2520,62621,62535
675,truncatedIcosahedron_ambo_relax_truncate001_hankin73,34026,36649,2623,62141,62228
676,truncatedIcosahedron_ambo_relax_truncate001_hankin73,34621,37156,2535,63057,62965
677,truncatedIcosahedron_ambo_relax_truncate001_hankin73,33767,36343,2576,61607,61646
678,icosahedron_ambo_truncate033_hankin59,1760,1771,11,30507,27887
679,icosahedron_ambo_truncate033_hankin59,8858,9383,525,69560,70119
680,icosahedron_ambo_truncate033_hankin59,9188,9765,577,62790,62842
681,icosahedron_ambo_truncate033_hankin59,8851,9315,464,62122,62010
682,icosahedron_ambo_truncate033_hankin59,9213,9826,613,62824,62968
683,icosahedron_ambo_truncate033_hankin59,9913,10262,349,63160,62879
684,icosahedron_ambo_truncate033_hankin59,9575,9914,339,62124,62101
685,icosahedron_ambo_truncate033_hankin59,9054,9397,343,61938,61933
686,icosahedron_ambo_truncate033_hankin59,9071,9422,351,62478,62481
687,icosahedron_ambo_truncate033_hankin59,9785,10173,388,63164,63203
688,icosahedron_ambo_truncate033_hankin59,11223,11660,437,63898,63940
689,icosahedron_ambo_truncate033_hankin59,11516,12058,542,62388,62491
690,icosahedron_ambo_truncate033_hankin59,10596,11103,507,61538,61492
691,icosahedron_ambo_truncate033_hankin59,11461,11956,495,63323,63300
692,icosahedron_ambo_truncate033_hankin59,10632,11272,640,61683,61820
693,icosahedron_ambo_truncate033_hankin59,10838,11407,569,62666,62571
694,icosahedron_ambo_truncate033_hankin59,15285,15866,581,66896,66917
695,icosahedron_ambo_truncate033_hankin59,23053,23601,548,70219,70191
696,icosahedron_ambo_truncate033_hankin59,22419,22961,542,61830,61819
697,icosahedron_ambo_truncate033_hankin59,21155,21437,282,61196,60928
698,icosahedron_ambo_truncate033_hankin59,21756,21923,167,63061,62944
699,icosahedron_ambo_truncate033_hankin59,20817,21067,250,61523,61604
700,icosahedron_ambo_truncate033_hankin59,21989,22293,304,63621,63686
701,icosahedron_ambo_truncate033_hankin59,19768,20516,748,60239,60683
702,icosahedron_ambo_truncate033_hankin59,22606,23275,669,65299,65219
703,icosahedron_ambo_truncate033_hankin59,19328,19975,647,59175,59153
704,icosahedron_ambo_truncate033_hankin59,20853,21579,726,63975,64063
705,icosahedron_ambo_truncate033_hankin59,18896,19655,759,60161,60183
706,icosahedron_ambo_truncate033_hankin59,20922,21660,738,64538,64519
707,icosahedron_ambo_truncate033_hankin59,18822,19559,737,60361,60344
708,icosahedron_ambo_truncate033_hankin59,20942,21681,739,64582,64583
709,icosahedron_ambo_truncate033_hankin59,19127,19854,727,60646,60628
710,icosahedron_ambo_truncate033_hankin59,21034,21727,693,64374,64333
711,icosahedron_ambo_truncate033_hankin59,19766,20558,792,61193,61289
712,icosahedron_ambo_truncate033_hankin59,20915,21610,695,63610,63512
713,icosahedron_ambo_truncate033_hankin59,20082,20873,791,61626,61719
714,icosahedron_ambo_truncate033_hankin59,21233,21967,734,63615,63552
715,icosahedron_ambo_truncate033_hankin59,20235,21059,824,61453,61551
716,icosahedron_ambo_truncate033_hankin59,21653,22322,669,63880,63723
717,icosahedron_ambo_truncate033_hankin59,21191,22002,811,61999,62137
718,icosahedron_ambo_truncate033_hankin59,21540,22365,825,62818,62823
719,icosahedron_ambo_truncate033_hankin59,20285,21016,731,61261,61165
720,icosahedron_ambo_truncate033_hankin59,21238,21983,745,63415,63427
721,icosahedron_ambo_truncate033_hankin59,21829,22733,904,62769,62921
722,icosahedron_ambo_truncate033_hankin59,22029,22780,751,62661,62507
723,icosahedron_ambo_truncate033_hankin59,20711,21445,734,61143,61124
724,icosahedron_ambo_truncate033_hankin59,21131,21829,698,62881,62843
725,icosahedron_ambo_truncate033_hankin59,21053,21885,832,62381,62514
726,icosahedron_ambo_truncate033_hankin59,21766,22618,852,63175,63192
727,icosahedron_ambo_truncate033_hankin59,20155,20746,591,60848,60582
728,icosahedron_ambo_truncate033_hankin59,20795,21485,690,63100,63179
729,icosahedron_ambo_truncate033_hankin59,20628,21347,719,62282,62321
730,icosahedron_ambo_truncate033_hankin59,20681,21429,748,62511,62538
731,icosahedron_ambo_truncate033_hankin59,20028,20689,661,61812,61719
732,icosahedron_ambo_truncate033_hankin59,20209,20901,692,62642,62672
733,icosahedron_ambo_truncate033_hankin59,20146,20865,719,62451,62478
734,icosahedron_ambo_truncate033_hankin59,20123,20771,648,62441,62359
735,icosahedron_ambo_truncate033_hankin59,20269,20953,684,62608,62641
736,icosahedron_ambo_truncate033_hankin59,20148,20847,699,62347,62354
737,icosahedron_ambo_truncate033_hankin59,20453,21121,668,62484,62457
738,icosahedron_ambo_truncate033_hankin59,20344,20991,647,62352,62329
739,icosahedron_ambo_truncate033_hankin59,20232,20927,695,62350,62396
740,icosahedron_ambo_truncate033_hankin59,20329,21003,674,62558,62533
741,icosahedron_ambo_truncate033_hankin59,20183,20820,637,62314,62275
742,icosahedron_ambo_truncate033_hankin59,20242,20927,685,62521,62558
743,icosahedron_ambo_truncate033_hankin59,20557,21315,758,62778,62847
744,icosahedron_ambo_truncate033_hankin59,20566,21236,670,62471,62382
745,icosahedron_ambo_truncate033_hankin59,20583,21241,658,62479,62453
746,dodecahedron_hk35_ambo_hk62_ambo_relax_hk42,1709,1753,44,43642,43016
747,dodecahedron_hk35_ambo_hk62_ambo_relax_hk42,8505,8735,230,69253,69439
748,dodecahedron_hk35_ambo_hk62_ambo_relax_hk42,8188,8418,230,62143,62143
749,dodecahedron_hk35_ambo_hk62_ambo_relax_hk42,8476,8750,274,62750,62775
750,dodecahedron_hk35_ambo_hk62_ambo_relax_hk42,8365,8635,270,62350,62345
751,dodecahedron_hk35_ambo_hk62_ambo_relax_hk42,15262,15514,252,69353,69328
752,dodecahedron_hk35_ambo_hk62_ambo_relax_hk42,14119,14303,184,61315,61250
753,dodecahedron_hk35_ambo_hk62_ambo_relax_hk42,14096,14298,202,62081,62110
754,dodecahedron_hk35_ambo_hk62_ambo_relax_hk42,13131,13306,175,61497,61460
755,dodecahedron_hk35_ambo_hk62_ambo_relax_hk42,13552,13691,139,62881,62844
756,dodecahedron_hk35_ambo_hk62_ambo_relax_hk42,12964,13151,187,61873,61921
757,dodecahedron_hk35_ambo_hk62_ambo_relax_hk42,13677,13965,288,63174,63273
758,dodecahedron_hk35_ambo_hk62_ambo_relax_hk42,16626,16965,339,65411,65441
759,dodecahedron_hk35_ambo_hk62_ambo_relax_hk42,16344,16584,240,62174,62065
760,dodecahedron_hk35_ambo_hk62_ambo_relax_hk42,15294,15556,262,61457,61472
761,dodecahedron_hk35_ambo_hk62_ambo_relax_hk42,15246,15596,350,62413,62494
762,dodecahedron_hk35_ambo_hk62_ambo_relax_hk42,14344,14702,358,61560,61549
763,dodecahedron_hk35_ambo_hk62_ambo_relax_hk42,14608,14961,353,62724,62713
764,dodecahedron_hk35_ambo_hk62_ambo_relax_hk42,18636,19020,384,66491,66515
765,dodecahedron_hk35_ambo_hk62_ambo_relax_hk42,23211,23807,596,67023,67236
766,dodecahedron_hk35_ambo_hk62_ambo_relax_hk42,19880,20401,521,59131,59045
767,dodecahedron_hk35_ambo_hk62_ambo_relax_hk42,21887,22228,341,64467,64285
768,dodecahedron_hk35_ambo_hk62_ambo_relax_hk42,20637,20753,116,61211,60984
769,dodecahedron_hk35_ambo_hk62_ambo_relax_hk42,22983,23199,216,64502,64617
770,dodecahedron_hk35_ambo_hk62_ambo_relax_hk42,19712,20437,725,59186,59698
771,dodecahedron_hk35_ambo_hk62_ambo_relax_hk42,21638,22373,735,64386,64393
772,dodecahedron_hk35_ambo_hk62_ambo_relax_hk42,28649,29344,695,69474,69430
773,dodecahedron_hk35_ambo_hk62_ambo_relax_hk42,29369,30580,1211,63227,63742
774,dodecahedron_hk35_ambo_hk62_ambo_relax_hk42,26963,28098,1135,60046,59965
775,dodecahedron_hk35_ambo_hk62_ambo_relax_hk42,26888,28179,1291,62387,62533
776,dodecahedron_hk35_ambo_hk62_ambo_relax_hk42,25441,26743,1302,61010,61013
777,dodecahedron_hk35_ambo_hk62_ambo_relax_hk42,25313,26758,1445,62333,62473
778,dodecahedron_hk35_ambo_hk62_ambo_relax_hk42,36563,37914,1351,73712,73616
779,dodecahedron_hk35_ambo_hk62_ambo_relax_hk42,20203,22062,1859,46096,46599
780,dodecahedron_hk35_ambo_hk62_ambo_relax_hk42,19971,21607,1636,62231,61998
781,dodecahedron_hk35_ambo_hk62_ambo_relax_hk42,20202,21935,1733,62692,62784
782,dodecahedron_hk35_ambo_hk62_ambo_relax_hk42,41141,42969,1828,83400,83493
783,dodecahedron_hk35_ambo_hk62_ambo_relax_hk42,49366,51538,2172,70678,71023
784,dodecahedron_hk35_ambo_hk62_ambo_relax_hk42,44248,45959,1711,57346,56871
785,dodecahedron_hk35_ambo_hk62_ambo_relax_hk42,43167,44603,1436,61093,60810
786,dodecahedron_hk35_ambo_hk62_ambo_relax_hk42,43418,44360,942,62711,62214
787,dodecahedron_hk35_ambo_hk62_ambo_relax_hk42,42276,42973,697,61364,61133
788,dodecahedron_hk35_ambo_hk62_ambo_relax_hk42,43106,43943,837,63291,63429
789,dodecahedron_hk35_ambo_hk62_ambo_relax_hk42,42208,43070,862,61570,61587
790,dodecahedron_hk35_ambo_hk62_ambo_relax_hk42,45306,46169,863,65560,65559
791,dodecahedron_hk35_ambo_hk62_ambo_relax_hk42,39637,40472,835,56788,56755
792,dodecahedron_hk35_ambo_hk62_ambo_relax_hk42,40916,41822,906,63737,63801
793,dodecahedron_hk35_ambo_hk62_ambo_relax_hk42,39722,40618,896,61266,61253
794,dodecahedron_hk35_ambo_hk62_ambo_relax_hk42,41171,42111,940,63911,63952
795,dodecahedron_hk35_ambo_hk62_ambo_relax_hk42,40188,41017,829,61477,61357
796,dodecahedron_hk35_ambo_hk62_ambo_relax_hk42,42160,42993,833,64433,64436
797,dodecahedron_hk35_ambo_hk62_ambo_relax_hk42,40892,41805,913,61193,61269
798,dodecahedron_hk35_ambo_hk62_ambo_relax_hk42,42908,43775,867,64476,64428
799,dodecahedron_hk35_ambo_hk62_ambo_relax_hk42,41861,42701,840,61413,61385
800,dodecahedron_hk35_ambo_hk62_ambo_relax_hk42,43551,44447,896,64151,64207
801,dodecahedron_hk35_ambo_hk62_ambo_relax_hk42,42730,43676,946,61336,61387
802,dodecahedron_hk35_ambo_hk62_ambo_relax_hk42,44127,45039,912,63865,63823
803,dodecahedron_hk35_ambo_hk62_ambo_relax_hk42,43367,44310,943,61699,61731
804,dodecahedron_hk35_ambo_hk62_ambo_relax_hk42,45111,46105,994,64195,64253
805,dodecahedron_hk35_ambo_hk62_ambo_relax_hk42,44137,45033,896,61485,61388
806,dodecahedron_hk35_ambo_hk62_ambo_relax_hk42,45554,46476,922,63886,63902
807,dodecahedron_hk35_ambo_hk62_ambo_relax_hk42,44453,45418,965,61362,61401
808,dodecahedron_hk35_ambo_hk62_ambo_relax_hk42,46621,47570,949,64630,64612
809,dodecahedron_hk35_ambo_hk62_ambo_relax_hk42,44877,45844,967,60717,60734
810,dodecahedron_hk35_ambo_hk62_ambo_relax_hk42,46165,47125,960,63747,63741
811,dodecahedron_hk35_ambo_hk62_ambo_relax_hk42,44314,45274,960,60611,60609
812,dodecahedron_hk35_ambo_hk62_ambo_relax_hk42,45849,46746,897,63997,63930
813,dodecahedron_hk35_ambo_hk62_ambo_relax_hk42,44287,45267,980,60900,60980
814,dodecahedron_hk35_ambo_hk62_ambo_relax_hk42,45104,46041,937,63323,63288
815,dodecahedron_hk35_ambo_hk62_ambo_relax_hk42,42732,43664,932,60080,60083
816,dodecahedron_hk35_ambo_hk62_ambo_relax_hk42,43856,44771,915,63591,63567
817,dodecahedron_hk35_ambo_hk62_ambo_relax_hk42,42356,43314,958,60690,60725
818,dodecahedron_hk35_ambo_hk62_ambo_relax_hk42,42810,43729,919,62918,62847
819,dodecahedron_hk35_ambo_hk62_ambo_relax_hk42,40911,41803,892,60562,60533
820,dodecahedron_hk35_ambo_hk62_ambo_relax_hk42,41820,42753,933,63371,63408
821,dodecahedron_hk35_ambo_hk62_ambo_relax_hk42,40681,41562,881,61323,61269
822,dodecahedron_hk35_ambo_hk62_ambo_relax_hk42,40553,41460,907,62328,62351
823,dodecahedron_hk35_ambo_hk62_ambo_relax_hk42,39427,40295,868,61338,61287
824,dodecahedron_hk35_ambo_hk62_ambo_relax_hk42,39938,40778,840,62971,62941
825,dodecahedron_hk35_ambo_hk62_ambo_relax_hk42,39300,40131,831,61821,61808
826,dodecahedron_hk35_ambo_hk62_ambo_relax_hk42,38996,39855,859,62159,62181
827,dodecahedron_hk35_ambo_hk62_ambo_relax_hk42,38949,39762,813,62414,62371
828,dodecahedron_hk35_ambo_hk62_ambo_relax_hk42,38937,39765,828,62504,62517
829,dodecahedron_hk35_ambo_hk62_ambo_relax_hk42,39096,39982,886,62619,62677
830,dodecahedron_hk35_ambo_hk62_ambo_relax_hk42,38709,39590,881,62080,62067
831,dodecahedron_hk35_ambo_hk62_ambo_relax_hk42,39537,40425,888,63288,63293
832,dodecahedron_hk35_ambo_hk62_ambo_relax_hk42,38976,39774,798,61900,61806
833,dodecahedron_hk35_ambo_hk62_ambo_relax_hk42,39719,40627,908,62915,63025
834,octahedron_hk17_ambo_hk73,1707,1747,40,24449,23580
835,octahedron_hk17_ambo_hk73,7620,7943,323,68374,68650
836,octahedron_hk17_ambo_hk73,7872,8188,316,62713,62703
837,octahedron_hk17_ambo_hk73,7582,7874,292,62173,62146
838,octahedron_hk17_ambo_hk73,7786,8095,309,62665,62681
839,octahedron_hk17_ambo_hk73,15600,15888,288,70261,70243
840,octahedron_hk17_ambo_hk73,15726,16014,288,62580,62584
841,octahedron_hk17_ambo_hk73,14855,15093,238,61645,61581
842,octahedron_hk17_ambo_hk73,14813,15047,234,62420,62415
843,octahedron_hk17_ambo_hk73,13855,14086,231,61504,61497
844,octahedron_hk17_ambo_hk73,13937,14140,203,62532,62514
845,octahedron_hk17_ambo_hk73,12733,12909,176,61258,61226
846,octahedron_hk17_ambo_hk73,15455,15643,188,65183,65194
847,octahedron_hk17_ambo_hk73,13905,14101,196,60904,60894
848,octahedron_hk17_ambo_hk73,13952,14171,219,62506,62528
849,octahedron_hk17_ambo_hk73,12349,12533,184,60504,60467
850,octahedron_hk17_ambo_hk73,12058,12275,217,62170,62185
851,octahedron_hk17_ambo_hk73,11261,11492,231,61661,61680
852,octahedron_hk17_ambo_hk73,14040,14311,271,65238,65274
853,octahedron_hk17_ambo_hk73,16614,16954,340,65024,65079
854,octahedron_hk17_ambo_hk73,16474,16790,316,62322,62295
855,octahedron_hk17_ambo_hk73,15601,15823,222,61639,61545
856,octahedron_hk17_ambo_hk73,18969,19138,169,65823,65774
857,octahedron_hk17_ambo_hk73,18331,18498,167,61829,61818
858,octahedron_hk17_ambo_hk73,21155,21434,279,65286,65396
859,octahedron_hk17_ambo_hk73,17779,18410,631,59086,59435
860,octahedron_hk17_ambo_hk73,20420,20992,572,65091,65043
861,octahedron_hk17_ambo_hk73,18119,18702,583,60158,60162
862,octahedron_hk17_ambo_hk73,18930,19551,621,63268,63304
863,octahedron_hk17_ambo_hk73,18095,18669,574,61627,61575
864,octahedron_hk17_ambo_hk73,18928,19535,607,63300,63326
865,octahedron_hk17_ambo_hk73,18195,18741,546,61378,61321
866,octahedron_hk17_ambo_hk73,19073,19687,614,63327,63405
867,octahedron_hk17_ambo_hk73,18626,19165,539,62012,61938
868,octahedron_hk17_ambo_hk73,18822,19447,625,62703,62795
869,octahedron_hk17_ambo_hk73,18888,19499,611,62528,62510
870,octahedron_hk17_ambo_hk73,19920,20560,640,63493,63492
871,octahedron_hk17_ambo_hk73,18514,19159,645,61045,61058
872,octahedron_hk17_ambo_hk73,19448,20123,675,63394,63422
873,octahedron_hk17_ambo_hk73,18866,19434,568,61877,61771
874,octahedron_hk17_ambo_hk73,20337,21107,770,63933,64133
875,octahedron_hk17_ambo_hk73,19489,20120,631,61614,61473
876,octahedron_hk17_ambo_hk73,19585,20176,591,62549,62516
877,octahedron_hk17_ambo_hk73,20177,20720,543,63054,63003
878,octahedron_hk17_ambo_hk73,20470,21124,654,62755,62864
879,octahedron_hk17_ambo_hk73,19834,20481,647,61808,61814
880,octahedron_hk17_ambo_hk73,19892,20520,628,62519,62499
881,octahedron_hk17_ambo_hk73,20276,20889,613,62567,62538
882,octahedron_hk17_ambo_hk73,20572,21230,658,62813,62855
883,octahedron_hk17_ambo_hk73,19468,20048,580,61358,61266
884,octahedron_hk17_ambo_hk73,19608,20282,674,62601,62693
885,octahedron_hk17_ambo_hk73,19980,20585,605,62830,62757
886,octahedron_hk17_ambo_hk73,19489,20203,714,61968,62076
887,octahedron_hk17_ambo_hk73,19536,20221,685,62499,62478
888,octahedron_hk17_ambo_hk73,19137,19810,673,62060,62048
889,octahedron_hk17_ambo_hk73,19240,20012,772,62560,62661
890,octahedron_hk17_ambo_hk73,19280,20074,794,62495,62521
891,octahedron_hk17_ambo_hk73,19300,20098,798,62481,62484
892,octahedron_hk17_ambo_hk73,19123,19854,731,62278,62209
893,octahedron_hk17_ambo_hk73,19173,19966,793,62514,62564
894,octahedron_hk17_ambo_hk73,19124,19813,689,62410,62305
895,octahedron_hk17_ambo_hk73,19239,19927,688,62630,62573
896,octahedron_hk17_ambo_hk73,19136,19830,694,62364,62417
897,octahedron_hk17_ambo_hk73,19447,20165,718,62501,62507
898,octahedron_hk17_ambo_hk73,18721,19395,674,61734,61697
899,octahedron_hk17_ambo_hk73,19458,20124,666,63199,63188
900,octahedron_hk17_ambo_hk73,18916,19571,655,61918,61907
901,octahedron_hk17_ambo_hk73,19984,20590,606,63535,63477
902,octahedron_hk17_ambo_hk73,19398,19987,589,61874,61857
903,octahedron_hk17_ambo_hk73,19816,20437,621,62885,62890
904,icosahedron_kis_gyro,1783,1763,-20,44426,43786
905,icosahedron_kis_gyro,9504,10032,528,70182,70720
906,icosahedron_kis_gyro,8780,9298,518,61727,61718
907,icosahedron_kis_gyro,9436,9958,522,63117,63111
908,icosahedron_kis_gyro,8854,9333,479,61879,61817
909,icosahedron_kis_gyro,10499,10902,403,64153,64071
910,icosahedron_kis_gyro,9336,9684,348,61293,61232
911,icosahedron_kis_gyro,9446,9820,374,62570,62588
912,icosahedron_kis_gyro,9022,9453,431,62038,62091
913,icosahedron_kis_gyro,9670,10109,439,62757,62762
914,icosahedron_kis_gyro,10632,11088,456,63420,63426
915,icosahedron_kis_gyro,9042,9642,600,60858,60983
916,icosahedron_kis_gyro,8428,8945,517,61845,61762
917,icosahedron_kis_gyro,9049,9624,575,63066,63139
918,icosahedron_kis_gyro,8365,8911,546,61777,61746
919,icosahedron_kis_gyro,9125,9745,620,63221,63292
920,icosahedron_kis_gyro,9937,10537,600,63272,63249
921,icosahedron_kis_gyro,10482,11000,518,62987,62911
922,icosahedron_kis_gyro,9300,9751,451,61274,61201
923,icosahedron_kis_gyro,9834,10248,414,63044,63005
924,icosahedron_kis_gyro,9141,9436,295,61748,61642
925,icosahedron_kis_gyro,9916,10214,298,63234,63236
926,icosahedron_kis_gyro,10861,11148,287,63406,63387
927,icosahedron_kis_gyro,9862,10162,300,61450,61471
928,icosahedron_kis_gyro,9032,9344,312,61630,61636
929,icosahedron_kis_gyro,9554,9903,349,62692,62725
930,icosahedron_kis_gyro,9058,9399,341,61964,61949
931,icosahedron_kis_gyro,9532,9955,423,62935,63011
932,icosahedron_kis_gyro,11439,11799,360,64369,64293
933,icosahedron_kis_gyro,13753,14445,692,64766,65099
934,icosahedron_kis_gyro,13262,13938,676,61967,61950
935,icosahedron_kis_gyro,13836,14677,841,63033,63197
936,icosahedron_kis_gyro,13496,14273,777,62174,62102
937,icosahedron_kis_gyro,14077,15092,1015,63040,63264
938,icosahedron_kis_gyro,15341,16270,929,63722,63623
939,icosahedron_kis_gyro,10879,11876,997,57985,58062
940,icosahedron_kis_gyro,11035,11805,770,62618,62389
941,icosahedron_kis_gyro,14640,15389,749,66065,66044
942,icosahedron_kis_gyro,15201,16312,1111,63022,63383
943,icosahedron_kis_gyro,15696,17035,1339,62955,63179
944,icosahedron_kis_gyro,18517,20035,1518,65281,65461
945,icosahedron_kis_gyro,16403,17491,1088,60022,59626
946,icosahedron_kis_gyro,15761,16832,1071,61809,61791
947,icosahedron_kis_gyro,14826,15911,1085,61519,61531
948,icosahedron_kis_gyro,13691,14822,1131,61324,61361
949,icosahedron_kis_gyro,15510,16692,1182,64278,64325
950,icosahedron_kis_gyro,15875,17074,1199,62879,62887
951,icosahedron_kis_gyro,12388,14489,2101,58971,59860
952,icosahedron_kis_gyro,11013,12969,1956,61084,60934
953,icosahedron_kis_gyro,12259,14323,2064,63708,63798
954,icosahedron_kis_gyro,10965,12969,2004,61168,61105
955,icosahedron_kis_gyro,12035,14115,2080,63531,63605
956,icosahedron_kis_gyro,14246,16322,2076,64671,64667
957,icosahedron_kis_gyro,27282,52130,24848,75493,98260
958,icosahedron_kis_gyro,22103,41842,19739,57278,52169
959,icosahedron_kis_gyro,21932,35730,13798,62280,56346
960,icosahedron_kis_gyro,19084,28768,9684,59612,55496
961,icosahedron_kis_gyro,18564,25527,6963,61636,58924
962,icosahedron_kis_gyro,24314,30770,6456,68211,67704
963,icosahedron_kis_gyro,25713,28318,2605,63904,60053
964,icosahedron_kis_gyro,24786,27396,2610,61535,61534
965,icosahedron_kis_gyro,24644,27211,2567,62318,62271
966,icosahedron_kis_gyro,25120,27666,2546,62935,62915
967,icosahedron_kis_gyro,25961,28623,2662,63303,63417
968,icosahedron_kis_gyro,29161,31886,2725,65660,65718
969,icosahedron_kis_gyro,22802,27898,5096,56098,58459
970,icosahedron_kis_gyro,22227,27077,4850,61883,61636
971,icosahedron_kis_gyro,20662,26082,5420,60901,61465
972,icosahedron_kis_gyro,20101,25074,4973,61901,61449
973,icosahedron_kis_gyro,20271,25567,5296,62629,62951
974,icosahedron_kis_gyro,27685,32439,4754,69881,69321
975,icosahedron_kis_gyro,24956,30074,5118,59705,60087
976,icosahedron_kis_gyro,24647,28878,4231,62143,61255
977,icosahedron_kis_gyro,23998,28213,4215,61551,61553
978,icosahedron_kis_gyro,24237,27605,3368,62677,61851
979,icosahedron_kis_gyro,23926,27252,3326,62144,62106
980,icosahedron_kis_gyro,25900,28942,3042,64438,64156
981,icosahedron_kis_gyro,14658,17988,3330,51212,51496
982,icosahedron_kis_gyro,15390,18737,3347,63193,63209
983,icosahedron_kis_gyro,14685,18029,3344,61761,61751
984,icosahedron_kis_gyro,15631,18902,3271,63412,63332
985,icosahedron_kis_gyro,14764,18235,3471,61593,61773
986,icosahedron_kis_gyro,15887,19335,3448,63585,63543
987,icosahedron_kis_gyro,15935,19288,3353,62509,62429
988,icosahedron_kis_gyro,16283,19931,3648,62807,63102
989,icosahedron_kis_gyro,16184,19681,3497,62363,62196
990,icosahedron_kis_gyro,17431,21082,3651,63760,63915
991,icosahedron_kis_gyro,15700,19815,4115,60729,61192
992,icosahedron_kis_gyro,16709,20207,3498,63469,62852
993,icosahedron_kis_gyro,15915,19469,3554,61319,61371
994,icosahedron_kis_gyro,16636,20518,3882,63181,63509
995,icosahedron_kis_gyro,16809,20031,3222,62640,61972
996,icosahedron_kis_gyro,16651,20200,3549,62303,62626
997,icosahedron_kis_gyro,18036,21850,3814,63846,64110
998,icosahedron_kis_gyro,15823,19315,3492,60248,59923
999,icosahedron_kis_gyro,16896,20269,3373,63534,63413
1000,icosahedron_kis_gyro,15306,19159,3853,60861,61349
1001,icosahedron_kis_gyro,17523,21054,3531,64678,64354
1002,icosahedron_kis_gyro,15000,18799,3799,59939,60205
1003,icosahedron_kis_gyro,16250,19716,3466,63709,63374
1004,icosahedron_kis_gyro,15082,18700,3618,61346,61498
1005,icosahedron_kis_gyro,15716,19339,3623,63091,63098
1006,icosahedron_kis_gyro,14717,18030,3313,61457,61148
1007,icosahedron_kis_gyro,15533,19101,3568,63269,63530
1008,icosahedron_kis_gyro,15019,18169,3150,61942,61526
1009,icosahedron_kis_gyro,15560,18868,3308,62718,62877
1010,icosahedron_kis_gyro,14784,18025,3241,61685,61615
1011,icosahedron_kis_gyro,15510,18933,3423,63189,63366
1012,icosahedron_kis_gyro,14800,17963,3163,61748,61482
1013,icosahedron_kis_gyro,15297,18607,3310,62958,63102
1014,icosahedron_kis_gyro,14941,18196,3255,62106,62049
1015,icosahedron_kis_gyro,15502,18904,3402,63021,63138
1016,icosahedron_kis_gyro,14794,18141,3347,61754,61695
1017,icosahedron_kis_gyro,15389,18743,3354,63056,63061
1018,icosahedron_kis_gyro,14964,18282,3318,62095,62051
1019,icosahedron_kis_gyro,15327,18695,3368,62824,62873
1020,icosahedron_kis_gyro,15157,18455,3298,62289,62218
1021,icosahedron_kis_gyro,15755,19043,3288,63049,63048
1022,icosahedron_kis_gyro,16005,19262,3257,62710,62678
1023,icosahedron_kis_gyro,15960,19190,3230,62416,62386
1024,truncatedIcosidodecahedron_truncate50d_ambo_dual,2446,2489,43,48947,45757
1025,truncatedIcosidodecahedron_truncate50d_ambo_dual,11215,11736,521,70939,71414
1026,truncatedIcosidodecahedron_truncate50d_ambo_dual,10820,11353,533,62066,62071
1027,truncatedIcosidodecahedron_truncate50d_ambo_dual,11145,11696,551,62779,62801
1028,truncatedIcosidodecahedron_truncate50d_ambo_dual,12952,13475,523,64267,64233
1029,truncatedIcosidodecahedron_truncate50d_ambo_dual,15967,17081,1114,65471,66052
1030,truncatedIcosidodecahedron_truncate50d_ambo_dual,15829,17072,1243,62322,62445
1031,truncatedIcosidodecahedron_truncate50d_ambo_dual,16713,18268,1555,63399,63701
1032,truncatedIcosidodecahedron_truncate50d_ambo_dual,25666,27099,1433,71415,71287
1033,truncatedIcosidodecahedron_truncate50d_ambo_dual,29083,30747,1664,65878,66102
1034,truncatedIcosidodecahedron_truncate50d_ambo_dual,38551,40147,1596,71929,71858
1035,truncatedIcosidodecahedron_truncate50d_ambo_dual,50020,53049,3029,73927,75348
1036,truncatedIcosidodecahedron_truncate50d_ambo_dual,49173,52326,3153,61613,61726
1037,truncatedIcosidodecahedron_truncate50d_ambo_dual,47520,51186,3666,60806,61318
1038,truncatedIcosidodecahedron_truncate50d_ambo_dual,46015,49870,3855,60955,61131
1039,truncatedIcosidodecahedron_truncate50d_ambo_dual,32700,36998,4298,49145,49582
1040,truncatedIcosidodecahedron_truncate50d_ambo_dual,45144,49409,4265,74903,74870
1041,truncatedIcosidodecahedron_truncate50d_ambo_dual,38661,43231,4570,55622,55915
1042,truncatedIcosidodecahedron_truncate50d_ambo_dual,38203,42521,4318,62000,61747
1043,truncatedIcosidodecahedron_truncate50d_ambo_dual,37353,41939,4586,61609,61865
1044,truncatedIcosidodecahedron_truncate50d_ambo_dual,37261,41934,4673,62369,62453
1045,truncatedIcosidodecahedron_truncate50d_ambo_dual,36679,41388,4709,61933,61968
1046,truncatedIcosidodecahedron_truncate50d_ambo_dual,42026,46744,4718,67808,67815
1047,truncatedIcosidodecahedron_truncate50d_ambo_dual,30879,37257,6378,51311,52970
1048,truncatedIcosidodecahedron_truncate50d_ambo_dual,31628,38731,7103,63210,63932
1049,truncatedIcosidodecahedron_truncate50d_ambo_dual,32059,39804,7745,62893,63532
1050,truncatedIcosidodecahedron_truncate50d_ambo_dual,32971,41852,8881,63374,64506
1051,truncatedIcosidodecahedron_truncate50d_ambo_dual,33577,43203,9626,63056,63809
1052,truncatedIcosidodecahedron_truncate50d_ambo_dual,50246,60201,9955,79131,79457
1053,truncatedIcosidodecahedron_truncate50d_ambo_dual,41458,50981,9523,53654,53229
1054,truncatedIcosidodecahedron_truncate50d_ambo_dual,41421,50292,8871,62414,61766
1055,truncatedIcosidodecahedron_truncate50d_ambo_dual,41112,48848,7736,62150,61014
1056,truncatedIcosidodecahedron_truncate50d_ambo_dual,42349,49490,7141,63698,63081
1057,truncatedIcosidodecahedron_truncate50d_ambo_dual,42178,48468,6290,61981,61156
1058,truncatedIcosidodecahedron_truncate50d_ambo_dual,44741,51169,6428,65079,65196
1059,truncatedIcosidodecahedron_truncate50d_ambo_dual,25047,38137,13090,42760,49401
1060,truncatedIcosidodecahedron_truncate50d_ambo_dual,25660,39064,13404,63070,63386
1061,truncatedIcosidodecahedron_truncate50d_ambo_dual,24845,38040,13195,61647,61435
1062,truncatedIcosidodecahedron_truncate50d_ambo_dual,26088,39378,13290,63705,63798
1063,truncatedIcosidodecahedron_truncate50d_ambo_dual,24824,38211,13387,61198,61284
1064,truncatedIcosidodecahedron_truncate50d_ambo_dual,26008,39537,13529,63652,63785
1065,truncatedIcosidodecahedron_truncate50d_ambo_dual,24996,38329,13333,61439,61250
1066,truncatedIcosidodecahedron_truncate50d_ambo_dual,26115,39585,13470,63580,63714
1067,truncatedIcosidodecahedron_truncate50d_ambo_dual,25144,38495,13351,61489,61370
1068,truncatedIcosidodecahedron_truncate50d_ambo_dual,27704,40742,13038,65015,64705
1069,truncatedIcosidodecahedron_truncate50d_ambo_dual,25974,39742,13768,60736,61459
1070,truncatedIcosidodecahedron_truncate50d_ambo_dual,26722,39637,12915,63208,62354
1071,truncatedIcosidodecahedron_truncate50d_ambo_dual,26334,39715,13381,62080,62535
1072,truncatedIcosidodecahedron_truncate50d_ambo_dual,27480,40973,13493,63662,63772
1073,truncatedIcosidodecahedron_truncate50d_ambo_dual,27589,41346,13757,62220,62478
1074,truncatedIcosidodecahedron_truncate50d_ambo_dual,26057,39865,13808,60930,60978
1075,truncatedIcosidodecahedron_truncate50d_ambo_dual,27138,41005,13867,63542,63600
1076,truncatedIcosidodecahedron_truncate50d_ambo_dual,27394,40251,12857,62718,61706
1077,truncatedIcosidodecahedron_truncate50d_ambo_dual,27604,40734,13130,62672,62942
1078,truncatedIcosidodecahedron_truncate50d_ambo_dual,26221,39738,13517,61080,61464
1079,truncatedIcosidodecahedron_truncate50d_ambo_dual,27216,40991,13775,63455,63711
1080,truncatedIcosidodecahedron_truncate50d_ambo_dual,25892,39130,13238,61144,60597
1081,truncatedIcosidodecahedron_truncate50d_ambo_dual,26509,39669,13160,63077,62998
1082,truncatedIcosidodecahedron_truncate50d_ambo_dual,25593,39183,13590,61545,61972
1083,truncatedIcosidodecahedron_truncate50d_ambo_dual,25883,39814,13931,62738,63087
1084,truncatedIcosidodecahedron_truncate50d_ambo_dual,25744,38708,12964,62322,61354
1085,truncatedIcosidodecahedron_truncate50d_ambo_dual,25252,38347,13095,62023,62152
1086,truncatedIcosidodecahedron_truncate50d_ambo_dual,25560,38487,12927,62763,62593
1087,truncatedIcosidodecahedron_truncate50d_ambo_dual,24846,37979,13133,61750,61947
1088,truncatedIcosidodecahedron_truncate50d_ambo_dual,25842,38614,12772,63458,63095
1089,truncatedIcosidodecahedron_truncate50d_ambo_dual,24714,37971,13257,61047,61528
1090,truncatedIcosidodecahedron_truncate50d_ambo_dual,26308,39438,13130,64051,63922
1091,truncatedIcosidodecahedron_truncate50d_ambo_dual,24636,37942,13306,60789,60963
1092,truncatedIcosidodecahedron_truncate50d_ambo_dual,26636,39687,13051,64461,64203
1093,truncatedIcosidodecahedron_truncate50d_ambo_dual,24638,38285,13647,60463,61056
1094,truncatedIcosidodecahedron_truncate50d_ambo_dual,27243,40649,13406,65067,64824
1095,truncatedIcosidodecahedron_truncate50d_ambo_dual,24640,38384,13744,59858,60193
1096,truncatedIcosidodecahedron_truncate50d_ambo_dual,27707,41196,13489,65527,65269
1097,truncatedIcosidodecahedron_truncate50d_ambo_dual,25048,39107,14059,59800,60358
1098,truncatedIcosidodecahedron_truncate50d_ambo_dual,28739,42364,13625,66150,65717
1099,truncatedIcosidodecahedron_truncate50d_ambo_dual,25872,39811,13939,59648,59961
1100,truncatedIcosidodecahedron_truncate50d_ambo_dual,29564,43218,13654,66154,65867
1101,truncatedIcosidodecahedron_truncate50d_ambo_dual,26433,40626,14193,59329,59866
1102,icosidodecahedron_truncate5d_ambo_dual,1907,1927,20,37927,23761
1103,icosidodecahedron_truncate5d_ambo_dual,8759,9230,471,69320,69762
1104,icosidodecahedron_truncate5d_ambo_dual,8684,9199,515,62387,62428
1105,icosidodecahedron_truncate5d_ambo_dual,8712,9170,458,62218,62153
1106,icosidodecahedron_truncate5d_ambo_dual,9237,9741,504,62987,63032
1107,icosidodecahedron_truncate5d_ambo_dual,10613,11074,461,63832,63782
1108,icosidodecahedron_truncate5d_ambo_dual,10641,11102,461,62494,62481
1109,icosidodecahedron_truncate5d_ambo_dual,10454,10927,473,62272,62283
1110,icosidodecahedron_truncate5d_ambo_dual,10465,10938,473,62474,62451
1111,icosidodecahedron_truncate5d_ambo_dual,10285,10728,443,62281,62242
1112,icosidodecahedron_truncate5d_ambo_dual,13733,14142,409,65964,65868
1113,icosidodecahedron_truncate5d_ambo_dual,15932,17609,1677,64648,65968
1114,icosidodecahedron_truncate5d_ambo_dual,16274,18253,1979,62804,63098
1115,icosidodecahedron_truncate5d_ambo_dual,16622,19015,2393,62809,63218
1116,icosidodecahedron_truncate5d_ambo_dual,17154,20190,3036,62992,63627
1117,icosidodecahedron_truncate5d_ambo_dual,17449,20840,3391,62754,63108
1118,icosidodecahedron_truncate5d_ambo_dual,22933,26410,3477,67951,68025
1119,icosidodecahedron_truncate5d_ambo_dual,20980,22836,1856,60497,58872
1120,icosidodecahedron_truncate5d_ambo_dual,20783,22682,1899,62260,62302
1121,icosidodecahedron_truncate5d_ambo_dual,20464,22600,2136,61788,62028
1122,icosidodecahedron_truncate5d_ambo_dual,20504,22671,2167,62500,62529
1123,icosidodecahedron_truncate5d_ambo_dual,20304,22596,2292,62262,62383
1124,icosidodecahedron_truncate5d_ambo_dual,23243,25451,2208,65402,65312
1125,icosidodecahedron_truncate5d_ambo_dual,15728,18782,3054,54938,55785
1126,icosidodecahedron_truncate5d_ambo_dual,16081,18450,2369,62860,62181
1127,icosidodecahedron_truncate5d_ambo_dual,15944,17930,1986,62315,61940
1128,icosidodecahedron_truncate5d_ambo_dual,16570,19064,2494,63079,63592
1129,icosidodecahedron_truncate5d_ambo_dual,16541,19234,2693,62424,62619
1130,icosidodecahedron_truncate5d_ambo_dual,23286,26345,3059,69198,69571
1131,icosidodecahedron_truncate5d_ambo_dual,19685,22585,2900,58836,58687
1132,icosidodecahedron_truncate5d_ambo_dual,20379,23207,2828,63147,63075
1133,icosidodecahedron_truncate5d_ambo_dual,20730,23104,2374,62812,62354
1134,icosidodecahedron_truncate5d_ambo_dual,20809,23101,2292,62541,62453
1135,icosidodecahedron_truncate5d_ambo_dual,22470,24668,2198,64111,64026
1136,icosidodecahedron_truncate5d_ambo_dual,22421,24489,2068,62412,62277
1137,icosidodecahedron_truncate5d_ambo_dual,15307,19389,4082,55025,57061
1138,icosidodecahedron_truncate5d_ambo_dual,13760,17988,4228,60917,61049
1139,icosidodecahedron_truncate5d_ambo_dual,15332,19396,4064,64039,63866
1140,icosidodecahedron_truncate5d_ambo_dual,13698,18030,4332,60880,61148
1141,icosidodecahedron_truncate5d_ambo_dual,15242,19290,4048,64003,63718
1142,icosidodecahedron_truncate5d_ambo_dual,13645,17878,4233,60865,61044
1143,icosidodecahedron_truncate5d_ambo_dual,15365,19557,4192,64182,64139
1144,icosidodecahedron_truncate5d_ambo_dual,13909,18197,4288,61005,61098
1145,icosidodecahedron_truncate5d_ambo_dual,15409,19604,4195,63961,63837
1146,icosidodecahedron_truncate5d_ambo_dual,14047,18070,4023,61099,60926
1147,icosidodecahedron_truncate5d_ambo_dual,15117,19039,3922,63531,63428
1148,icosidodecahedron_truncate5d_ambo_dual,13993,18733,4740,61344,62153
1149,icosidodecahedron_truncate5d_ambo_dual,15222,19498,4276,63690,63224
1150,icosidodecahedron_truncate5d_ambo_dual,14168,18238,4070,61414,61171
1151,icosidodecahedron_truncate5d_ambo_dual,15701,20005,4304,63995,64225
1152,icosidodecahedron_truncate5d_ambo_dual,13833,18849,5016,60593,61302
1153,icosidodecahedron_truncate5d_ambo_dual,15313,19750,4437,63712,63127
1154,icosidodecahedron_truncate5d_ambo_dual,14444,18580,4136,61594,61291
1155,icosidodecahedron_truncate5d_ambo_dual,15780,20196,4416,63796,64075
1156,icosidodecahedron_truncate5d_ambo_dual,13900,18959,5059,60581,61222
1157,icosidodecahedron_truncate5d_ambo_dual,15529,20047,4518,64090,63546
1158,icosidodecahedron_truncate5d_ambo_dual,14487,18757,4270,61419,61168
1159,icosidodecahedron_truncate5d_ambo_dual,15871,20077,4206,63846,63777
1160,icosidodecahedron_truncate5d_ambo_dual,14021,18755,4734,60618,61137
1161,icosidodecahedron_truncate5d_ambo_dual,15880,20000,4120,64313,63705
1162,icosidodecahedron_truncate5d_ambo_dual,14471,18671,4200,61051,61131
1163,icosidodecahedron_truncate5d_ambo_dual,15875,20109,4234,63866,63897
1164,icosidodecahedron_truncate5d_ambo_dual,14297,18663,4366,60890,61015
1165,icosidodecahedron_truncate5d_ambo_dual,15804,20029,4225,63965,63826
1166,icosidodecahedron_truncate5d_ambo_dual,14556,18866,4310,61214,61298
1167,icosidodecahedron_truncate5d_ambo_dual,15610,19883,4273,63568,63529
1168,icosidodecahedron_truncate5d_ambo_dual,14219,18480,4261,61059,61055
1169,icosidodecahedron_truncate5d_ambo_dual,15322,19546,4224,63283,63239
1170,icosidodecahedron_truncate5d_ambo_dual,14140,18456,4316,61278,61368
1171,icosidodecahedron_truncate5d_ambo_dual,15300,19444,4144,63628,63447
1172,icosidodecahedron_truncate5d_ambo_dual,14115,18401,4286,61277,61398
1173,icosidodecahedron_truncate5d_ambo_dual,15137,19277,4140,63467,63336
1174,icosidodecahedron_truncate5d_ambo_dual,14129,18503,4374,61454,61692
1175,icosidodecahedron_truncate5d_ambo_dual,14644,18753,4109,62976,62710
1176,icosidodecahedron_truncate5d_ambo_dual,14518,18526,4008,62336,62229
1177,icosidodecahedron_truncate5d_ambo_dual,14946,18885,3939,62889,62816
1178,icosidodecahedron_truncate5d_ambo_dual,14846,18843,3997,62362,62418
1179,icosidodecahedron_truncate5d_ambo_dual,14861,18794,3933,62482,62416
1180,snubDodecahedron_truncate5d_ambo_dual,2282,2379,97,49936,46080
1181,snubDodecahedron_truncate5d_ambo_dual,10937,11975,1038,71116,72056
1182,snubDodecahedron_truncate5d_ambo_dual,10792,11852,1060,62316,62333
1183,snubDodecahedron_truncate5d_ambo_dual,11013,12079,1066,62683,62686
1184,snubDodecahedron_truncate5d_ambo_dual,12574,13711,1137,64024,64090
1185,snubDodecahedron_truncate5d_ambo_dual,14353,15142,789,63949,63596
1186,snubDodecahedron_truncate5d_ambo_dual,13856,14709,853,61960,62016
1187,snubDodecahedron_truncate5d_ambo_dual,14290,15097,807,62885,62856
1188,snubDodecahedron_truncate5d_ambo_dual,13676,14478,802,61835,61838
1189,snubDodecahedron_truncate5d_ambo_dual,14173,15050,877,62958,63031
1190,snubDodecahedron_truncate5d_ambo_dual,20224,20944,720,68511,68349
1191,snubDodecahedron_truncate5d_ambo_dual,24174,28303,4129,66400,69814
1192,snubDodecahedron_truncate5d_ambo_dual,23683,28303,4620,61976,62456
1193,snubDodecahedron_truncate5d_ambo_dual,25447,31117,5670,64224,65270
1194,snubDodecahedron_truncate5d_ambo_dual,25160,31953,6793,62228,63350
1195,snubDodecahedron_truncate5d_ambo_dual,26793,34167,7374,64081,64673
1196,snubDodecahedron_truncate5d_ambo_dual,37474,45450,7976,73142,73741
1197,snubDodecahedron_truncate5d_ambo_dual,35588,39551,3963,60566,56545
1198,snubDodecahedron_truncate5d_ambo_dual,34680,38743,4063,61551,61649
1199,snubDodecahedron_truncate5d_ambo_dual,34793,38933,4140,62562,62648
1200,snubDodecahedron_truncate5d_ambo_dual,34701,39122,4421,62369,62645
1201,snubDodecahedron_truncate5d_ambo_dual,34569,39169,4600,62029,62226
1202,snubDodecahedron_truncate5d_ambo_dual,39716,44286,4570,67607,67576
1203,snubDodecahedron_truncate5d_ambo_dual,27081,33798,6717,49819,51968
1204,snubDodecahedron_truncate5d_ambo_dual,27657,33140,5483,63038,61800
1205,snubDodecahedron_truncate5d_ambo_dual,27088,31819,4731,61893,61138
1206,snubDodecahedron_truncate5d_ambo_dual,27961,32578,4617,63334,63217
1207,snubDodecahedron_truncate5d_ambo_dual,27423,32192,4769,61975,62127
1208,snubDodecahedron_truncate5d_ambo_dual,41553,46440,4887,76590,76705
1209,snubDodecahedron_truncate5d_ambo_dual,33672,38451,4779,54562,54462
1210,snubDodecahedron_truncate5d_ambo_dual,33955,38410,4455,62728,62410
1211,snubDodecahedron_truncate5d_ambo_dual,32986,37071,4085,61486,61115
1212,snubDodecahedron_truncate5d_ambo_dual,33831,37874,4043,63306,63257
1213,snubDodecahedron_truncate5d_ambo_dual,32933,36743,3810,61553,61321
1214,snubDodecahedron_truncate5d_ambo_dual,35527,39320,3793,65054,65035
1215,snubDodecahedron_truncate5d_ambo_dual,19192,25671,6479,46120,48810
1216,snubDodecahedron_truncate5d_ambo_dual,19723,26118,6395,62991,62898
1217,snubDodecahedron_truncate5d_ambo_dual,19167,25592,6425,61560,61583
1218,snubDodecahedron_truncate5d_ambo_dual,19702,26170,6468,62997,63026
1219,snubDodecahedron_truncate5d_ambo_dual,19242,25641,6399,61998,61905
1220,snubDodecahedron_truncate5d_ambo_dual,19715,26161,6446,62934,62980
1221,snubDodecahedron_truncate5d_ambo_dual,19329,25694,6365,62128,62046
1222,snubDodecahedron_truncate5d_ambo_dual,19740,26319,6579,62873,63086
1223,snubDodecahedron_truncate5d_ambo_dual,19392,25822,6430,62113,61961
1224,snubDodecahedron_truncate5d_ambo_dual,19966,26765,6799,63035,63403
1225,snubDodecahedron_truncate5d_ambo_dual,19593,25986,6393,62089,61678
1226,snubDodecahedron_truncate5d_ambo_dual,19990,26666,6676,62857,63141
1227,snubDodecahedron_truncate5d_ambo_dual,19799,26188,6389,62272,61981
1228,snubDodecahedron_truncate5d_ambo_dual,20137,26887,6750,62799,63157
1229,snubDodecahedron_truncate5d_ambo_dual,20084,26497,6413,62406,62064
1230,snubDodecahedron_truncate5d_ambo_dual,20317,27628,7311,62693,63572
1231,snubDodecahedron_truncate5d_ambo_dual,20241,26717,6476,62383,61549
1232,snubDodecahedron_truncate5d_ambo_dual,20037,27309,7272,62259,63050
1233,snubDodecahedron_truncate5d_ambo_dual,20199,26629,6430,62352,61493
1234,snubDodecahedron_truncate5d_ambo_dual,20776,27920,7144,63036,63752
1235,snubDodecahedron_truncate5d_ambo_dual,20648,27186,6538,62388,61779
1236,snubDodecahedron_truncate5d_ambo_dual,20511,27362,6851,62324,62636
1237,snubDodecahedron_truncate5d_ambo_dual,20360,26755,6395,62312,61851
1238,snubDodecahedron_truncate5d_ambo_dual,20427,27370,6943,62519,63075
1239,snubDodecahedron_truncate5d_ambo_dual,20505,27094,6589,62541,62173
1240,snubDodecahedron_truncate5d_ambo_dual,20211,26820,6609,62168,62186
1241,snubDodecahedron_truncate5d_ambo_dual,20065,26447,6382,62316,62084
1242,snubDodecahedron_truncate5d_ambo_dual,20097,26723,6626,62493,62724
1243,snubDodecahedron_truncate5d_ambo_dual,20267,26886,6619,62630,62621
1244,snubDodecahedron_truncate5d_ambo_dual,20141,26650,6509,62336,62210
1245,snubDodecahedron_truncate5d_ambo_dual,19494,25948,6454,61813,61756
1246,snubDodecahedron_truncate5d_ambo_dual,19668,26224,6556,62622,62728
1247,snubDodecahedron_truncate5d_ambo_dual,19568,26004,6436,62357,62237
1248,snubDodecahedron_truncate5d_ambo_dual,19515,25851,6336,62468,62358
1249,snubDodecahedron_truncate5d_ambo_dual,19426,25872,6446,62091,62192
1250,snubDodecahedron_truncate5d_ambo_dual,19394,25874,6480,62429,62463
1251,snubDodecahedron_truncate5d_ambo_dual,19641,26190,6549,62709,62775
1252,snubDodecahedron_truncate5d_ambo_dual,19261,25736,6475,62082,62003
1253,snubDodecahedron_truncate5d_ambo_dual,19855,26259,6404,63055,62980
1254,snubDodecahedron_truncate5d_ambo_dual,19362,25785,6423,61969,61986
1255,snubDodecahedron_truncate5d_ambo_dual,20431,26757,6326,63531,63430
1256,snubDodecahedron_truncate5d_ambo_dual,20083,26383,6300,62120,62083
1257,snubDodecahedron_truncate5d_ambo_dual,20116,26487,6371,62478,62563
1258,octahedron_hk34_ambo_hk72,1717,1743,26,44062,37714
1259,octahedron_hk34_ambo_hk72,8118,8435,317,68864,69151
1260,octahedron_hk34_ambo_hk72,7388,7635,247,61737,61658
1261,octahedron_hk34_ambo_hk72,8158,8503,345,63233,63327
1262,octahedron_hk34_ambo_hk72,7366,7669,303,61723,61680
1263,octahedron_hk34_ambo_hk72,17428,17737,309,72499,72514
1264,octahedron_hk34_ambo_hk72,16216,16517,301,61248,61240
1265,octahedron_hk34_ambo_hk72,16503,16733,230,62401,62336
1266,octahedron_hk34_ambo_hk72,15294,15532,238,61252,61257
1267,octahedron_hk34_ambo_hk72,14169,14389,220,61336,61317
1268,octahedron_hk34_ambo_hk72,14119,14301,182,62413,62372
1269,octahedron_hk34_ambo_hk72,13513,13657,144,61855,61804
1270,octahedron_hk34_ambo_hk72,15684,15893,209,64632,64694
1271,octahedron_hk34_ambo_hk72,14406,14544,138,61174,61096
1272,octahedron_hk34_ambo_hk72,13994,14186,192,62040,62093
1273,octahedron_hk34_ambo_hk72,13103,13266,163,61570,61533
1274,octahedron_hk34_ambo_hk72,12762,12983,221,62120,62171
1275,octahedron_hk34_ambo_hk72,12041,12301,260,61791,61817
1276,octahedron_hk34_ambo_hk72,14887,15199,312,65308,65349
1277,octahedron_hk34_ambo_hk72,16644,16989,345,64210,64240
1278,octahedron_hk34_ambo_hk72,17367,17624,257,63184,63092
1279,octahedron_hk34_ambo_hk72,16583,16784,201,61678,61619
1280,octahedron_hk34_ambo_hk72,18334,18439,105,64217,64112
1281,octahedron_hk34_ambo_hk72,16344,16718,374,60176,60451
1282,octahedron_hk34_ambo_hk72,16819,17268,449,62937,63009
1283,octahedron_hk34_ambo_hk72,17612,18144,532,63255,63333
1284,octahedron_hk34_ambo_hk72,18626,19187,561,63483,63501
1285,octahedron_hk34_ambo_hk72,17661,18244,583,61483,61513
1286,octahedron_hk34_ambo_hk72,17262,17818,556,62063,62033
1287,octahedron_hk34_ambo_hk72,18048,18571,523,63233,63212
1288,octahedron_hk34_ambo_hk72,17644,18147,503,62073,62035
1289,octahedron_hk34_ambo_hk72,18265,18803,538,63137,63159
1290,octahedron_hk34_ambo_hk72,17811,18379,568,62014,62034
1291,octahedron_hk34_ambo_hk72,17839,18461,622,62487,62540
1292,octahedron_hk34_ambo_hk72,18471,19022,551,63093,63020
1293,octahedron_hk34_ambo_hk72,17697,18317,620,61686,61752
1294,octahedron_hk34_ambo_hk72,18358,18907,549,63123,63050
1295,octahedron_hk34_ambo_hk72,17794,18399,605,61895,61949
1296,octahedron_hk34_ambo_hk72,18133,18711,578,62800,62770
1297,octahedron_hk34_ambo_hk72,17490,18117,627,61465,61530
1298,octahedron_hk34_ambo_hk72,17918,18456,538,62888,62799
1299,octahedron_hk34_ambo_hk72,17929,18501,572,62452,62504
1300,octahedron_hk34_ambo_hk72,17742,18329,587,62274,62288
1301,octahedron_hk34_ambo_hk72,17619,18191,572,62339,62322
1302,octahedron_hk34_ambo_hk72,17595,18164,569,62491,62475
1303,octahedron_hk34_ambo_hk72,18162,18695,533,63027,62990
1304,octahedron_hk34_ambo_hk72,17440,18010,570,61738,61773
1305,octahedron_hk34_ambo_hk72,18247,18774,527,63267,63224
1306,octahedron_hk34_ambo_hk72,17848,18466,618,62061,62152
1307,octahedron_hk34_ambo_hk72,18812,19364,552,63426,63356
1308,octahedron_hk34_ambo_hk72,17436,17984,548,61085,61080
1309,octahedron_hk34_ambo_hk72,18778,19342,564,63798,63810
1310,octahedron_hk34_ambo_hk72,18033,18699,666,61713,61815
1311,octahedron_hk34_ambo_hk72,19346,19925,579,63770,63686
1312,octahedron_hk34_ambo_hk72,17821,18403,582,60942,60932
1313,octahedron_hk34_ambo_hk72,19224,19852,628,63593,63620
1314,octahedron_hk34_ambo_hk72,17722,18384,662,60959,60991
1315,octahedron_hk34_ambo_hk72,19056,19673,617,63802,63748
1316,octahedron_hk34_ambo_hk72,17981,18588,607,61434,61426
1317,octahedron_hk34_ambo_hk72,18294,18907,613,62774,62779
1318,octahedron_hk34_ambo_hk72,17767,18358,591,61933,61909
1319,octahedron_hk34_ambo_hk72,17605,18169,564,62287,62269
1320,octahedron_hk34_ambo_hk72,17303,17854,551,62158,62145
1321,octahedron_hk34_ambo_hk72,17240,17837,597,62399,62441
1322,octahedron_hk34_ambo_hk72,17137,17653,516,62358,62275
1323,octahedron_hk34_ambo_hk72,17126,17729,603,62451,62533
1324,octahedron_hk34_ambo_hk72,16851,17393,542,62187,62123
1325,octahedron_hk34_ambo_hk72,17498,18095,597,63109,63160
1326,octahedron_hk34_ambo_hk72,17178,17740,562,62147,62105
1327,octahedron_hk34_ambo_hk72,17330,17914,584,62614,62633
1328,rhombicuboctahedron_hk63_ambo_hk63,1880,1931,51,47001,46478
1329,rhombicuboctahedron_hk63_ambo_hk63,9065,9571,506,69426,69794
1330,rhombicuboctahedron_hk63_ambo_hk63,9260,9725,465,62656,62651
1331,rhombicuboctahedron_hk63_ambo_hk63,9077,9640,563,62278,62365
1332,rhombicuboctahedron_hk63_ambo_hk63,9913,10449,536,63268,63275
1333,rhombicuboctahedron_hk63_ambo_hk63,18903,19401,498,71452,71408
1334,rhombicuboctahedron_hk63_ambo_hk63,18046,18486,440,61605,61544
1335,rhombicuboctahedron_hk63_ambo_hk63,16579,16977,398,61000,60948
1336,rhombicuboctahedron_hk63_ambo_hk63,15695,16023,328,61584,61506
1337,rhombicuboctahedron_hk63_ambo_hk63,15772,16158,386,62537,62591
1338,rhombicuboctahedron_hk63_ambo_hk63,18286,18357,71,64974,64659
1339,rhombicuboctahedron_hk63_ambo_hk63,18299,18391,92,62474,62492
1340,rhombicuboctahedron_hk63_ambo_hk63,17852,18070,218,62014,62138
1341,rhombicuboctahedron_hk63_ambo_hk63,17860,18252,392,62460,62634
1342,rhombicuboctahedron_hk63_ambo_hk63,17669,18084,415,62270,62289
1343,rhombicuboctahedron_hk63_ambo_hk63,16958,17301,343,61808,61737
1344,rhombicuboctahedron_hk63_ambo_hk63,16359,16786,427,61861,61945
1345,rhombicuboctahedron_hk63_ambo_hk63,15904,16383,479,61648,61685
1346,rhombicuboctahedron_hk63_ambo_hk63,22167,22713,546,68723,68789
1347,rhombicuboctahedron_hk63_ambo_hk63,27143,27867,724,67428,67610
1348,rhombicuboctahedron_hk63_ambo_hk63,24490,25235,745,59791,59824
1349,rhombicuboctahedron_hk63_ambo_hk63,25360,25648,288,63329,62872
1350,rhombicuboctahedron_hk63_ambo_hk63,25466,25769,303,62567,62579
1351,rhombicuboctahedron_hk63_ambo_hk63,26129,26494,365,63125,63184
1352,rhombicuboctahedron_hk63_ambo_hk63,25814,26264,450,62146,62229
1353,rhombicuboctahedron_hk63_ambo_hk63,27003,27452,449,63650,63646
1354,rhombicuboctahedron_hk63_ambo_hk63,26115,27051,936,61574,62059
1355,rhombicuboctahedron_hk63_ambo_hk63,24091,25102,1011,60417,60502
1356,rhombicuboctahedron_hk63_ambo_hk63,23900,24827,927,62273,62175
1357,rhombicuboctahedron_hk63_ambo_hk63,24060,25095,1035,62674,62780
1358,rhombicuboctahedron_hk63_ambo_hk63,23967,24964,997,62369,62328
1359,rhombicuboctahedron_hk63_ambo_hk63,24205,25224,1019,62693,62709
1360,rhombicuboctahedron_hk63_ambo_hk63,24230,25175,945,62486,62409
1361,rhombicuboctahedron_hk63_ambo_hk63,25457,26513,1056,63339,63455
1362,rhombicuboctahedron_hk63_ambo_hk63,25250,26423,1173,62253,62370
1363,rhombicuboctahedron_hk63_ambo_hk63,26202,27402,1200,63414,63439
1364,rhombicuboctahedron_hk63_ambo_hk63,27541,28611,1070,63801,63669
1365,rhombicuboctahedron_hk63_ambo_hk63,26665,27881,1216,61592,61716
1366,rhombicuboctahedron_hk63_ambo_hk63,25834,26884,1050,61628,61463
1367,rhombicuboctahedron_hk63_ambo_hk63,25566,26745,1179,62193,62307
1368,rhombicuboctahedron_hk63_ambo_hk63,29533,30790,1257,66422,66505
1369,rhombicuboctahedron_hk63_ambo_hk63,26942,28176,1234,59868,59838
1370,rhombicuboctahedron_hk63_ambo_hk63,27122,28297,1175,62701,62635
1371,rhombicuboctahedron_hk63_ambo_hk63,25621,26846,1225,60961,61007
1372,rhombicuboctahedron_hk63_ambo_hk63,29790,31109,1319,66630,66723
1373,rhombicuboctahedron_hk63_ambo_hk63,26644,27927,1283,59316,59275
1374,rhombicuboctahedron_hk63_ambo_hk63,27310,28600,1290,63128,63131
1375,rhombicuboctahedron_hk63_ambo_hk63,25422,26629,1207,60563,60479
1376,rhombicuboctahedron_hk63_ambo_hk63,26163,27411,1248,63210,63242
1377,rhombicuboctahedron_hk63_ambo_hk63,24565,25675,1110,60581,60443
1378,rhombicuboctahedron_hk63_ambo_hk63,25726,26770,1044,63622,63555
1379,rhombicuboctahedron_hk63_ambo_hk63,24438,25458,1020,61168,61145
1380,rhombicuboctahedron_hk63_ambo_hk63,25085,26179,1094,63103,63181
1381,rhombicuboctahedron_hk63_ambo_hk63,24066,25104,1038,61440,61384
1382,rhombicuboctahedron_hk63_ambo_hk63,24844,25865,1021,63247,63214
1383,rhombicuboctahedron_hk63_ambo_hk63,23803,24832,1029,61420,61425
1384,rhombicuboctahedron_hk63_ambo_hk63,24700,25698,998,63413,63378
1385,rhombicuboctahedron_hk63_ambo_hk63,23832,24891,1059,61583,61650
1386,rhombicuboctahedron_hk63_ambo_hk63,24627,25558,931,63241,63120
1387,rhombicuboctahedron_hk63_ambo_hk63,24060,25018,958,61895,61919
1388,rhombicuboctahedron_hk63_ambo_hk63,24783,25752,969,63182,63193
1389,rhombicuboctahedron_hk63_ambo_hk63,24357,25334,977,62036,62041
1390,rhombicuboctahedron_hk63_ambo_hk63,24658,25712,1054,62762,62838
1391,rhombicuboctahedron_hk63_ambo_hk63,24241,25240,999,62045,61987
1392,rhombicuboctahedron_hk63_ambo_hk63,24452,25497,1045,62672,62717
1393,rhombicuboctahedron_hk63_ambo_hk63,23900,24910,1010,61626,61592
1394,rhombicuboctahedron_hk63_ambo_hk63,24318,25399,1081,62880,62949
1395,rhombicuboctahedron_hk63_ambo_hk63,24421,25475,1054,62562,62535
1396,rhombicuboctahedron_hk63_ambo_hk63,24765,25800,1035,62806,62782
1397,rhombicuboctahedron_hk63_ambo_hk63,24432,25472,1040,62180,62183
1398,truncatedIcosahedron_hk54_ambo_hk72,2009,2040,31,40037,39025
1399,truncatedIcosahedron_hk54_ambo_hk72,9135,9588,453,69579,70003
1400,truncatedIcosahedron_hk54_ambo_hk72,9085,9493,408,62413,62362
1401,truncatedIcosahedron_hk54_ambo_hk72,9166,9556,390,62535,62524
1402,truncatedIcosahedron_hk54_ambo_hk72,10510,10900,390,63806,63803
1403,truncatedIcosahedron_hk54_ambo_hk72,16926,17260,334,68875,68811
1404,truncatedIcosahedron_hk54_ambo_hk72,16311,16666,355,61847,61866
1405,truncatedIcosahedron_hk54_ambo_hk72,16039,16288,249,62196,62082
1406,truncatedIcosahedron_hk54_ambo_hk72,15738,16106,368,62160,62276
1407,truncatedIcosahedron_hk54_ambo_hk72,16251,16781,530,62975,63135
1408,truncatedIcosahedron_hk54_ambo_hk72,16349,16801,452,62558,62479
1409,truncatedIcosahedron_hk54_ambo_hk72,16715,17056,341,62475,62362
1410,truncatedIcosahedron_hk54_ambo_hk72,21463,21810,347,67210,67211
1411,truncatedIcosahedron_hk54_ambo_hk72,20785,21357,572,61827,62052
1412,truncatedIcosahedron_hk54_ambo_hk72,20277,20895,618,61942,61985
1413,truncatedIcosahedron_hk54_ambo_hk72,19167,19780,613,61346,61340
1414,truncatedIcosahedron_hk54_ambo_hk72,18981,19644,663,62273,62320
1415,truncatedIcosahedron_hk54_ambo_hk72,18155,18868,713,61636,61683
1416,truncatedIcosahedron_hk54_ambo_hk72,29571,30304,733,73876,73894
1417,truncatedIcosahedron_hk54_ambo_hk72,31873,32994,1121,64745,65139
1418,truncatedIcosahedron_hk54_ambo_hk72,31349,32176,827,61932,61639
1419,truncatedIcosahedron_hk54_ambo_hk72,29729,30415,686,60841,60697
1420,truncatedIcosahedron_hk54_ambo_hk72,31344,31843,499,64077,63888
1421,truncatedIcosahedron_hk54_ambo_hk72,30830,31967,1137,61948,62584
1422,truncatedIcosahedron_hk54_ambo_hk72,31288,33369,2081,62901,63862
1423,truncatedIcosahedron_hk54_ambo_hk72,31557,33939,2382,62730,63030
1424,truncatedIcosahedron_hk54_ambo_hk72,33904,36341,2437,64862,64915
1425,truncatedIcosahedron_hk54_ambo_hk72,30872,33480,2608,59137,59292
1426,truncatedIcosahedron_hk54_ambo_hk72,31281,33772,2491,62868,62741
1427,truncatedIcosahedron_hk54_ambo_hk72,30839,33390,2551,62026,62073
1428,truncatedIcosahedron_hk54_ambo_hk72,31258,33790,2532,62881,62848
1429,truncatedIcosahedron_hk54_ambo_hk72,31146,33720,2574,62348,62383
1430,truncatedIcosahedron_hk54_ambo_hk72,31635,34176,2541,62950,62913
1431,truncatedIcosahedron_hk54_ambo_hk72,34289,36847,2558,65116,65131
1432,truncatedIcosahedron_hk54_ambo_hk72,31519,34069,2550,59691,59672
1433,truncatedIcosahedron_hk54_ambo_hk72,33717,36742,3025,64659,65132
1434,truncatedIcosahedron_hk54_ambo_hk72,31977,34459,2482,60721,60176
1435,truncatedIcosahedron_hk54_ambo_hk72,35593,38405,2812,66077,66405
1436,truncatedIcosahedron_hk54_ambo_hk72,33013,35750,2737,59882,59804
1437,truncatedIcosahedron_hk54_ambo_hk72,38133,41338,3205,67581,68047
1438,truncatedIcosahedron_hk54_ambo_hk72,33499,36199,2700,57882,57374
1439,truncatedIcosahedron_hk54_ambo_hk72,38216,40875,2659,67177,67133
1440,truncatedIcosahedron_hk54_ambo_hk72,34918,38026,3108,59163,59610
1441,truncatedIcosahedron_hk54_ambo_hk72,37700,40967,3267,64959,65099
1442,truncatedIcosahedron_hk54_ambo_hk72,33472,35860,2388,58234,57352
1443,truncatedIcosahedron_hk54_ambo_hk72,39146,41988,2842,68135,68588
1444,truncatedIcosahedron_hk54_ambo_hk72,35286,38556,3270,58601,59028
1445,truncatedIcosahedron_hk54_ambo_hk72,38370,41428,3058,65544,65329
1446,truncatedIcosahedron_hk54_ambo_hk72,33033,35374,2341,57125,56403
1447,truncatedIcosahedron_hk54_ambo_hk72,35459,38117,2658,64888,65203
1448,truncatedIcosahedron_hk54_ambo_hk72,35115,38197,3082,62117,62540
1449,truncatedIcosahedron_hk54_ambo_hk72,33021,35551,2530,60359,59808
1450,truncatedIcosahedron_hk54_ambo_hk72,32490,34945,2455,61937,61828
1451,truncatedIcosahedron_hk54_ambo_hk72,32951,35443,2492,62923,62955
1452,truncatedIcosahedron_hk54_ambo_hk72,32187,34797,2610,61748,61862
1453,truncatedIcosahedron_hk54_ambo_hk72,31922,34352,2430,62196,61996
1454,truncatedIcosahedron_hk54_ambo_hk72,31194,33680,2486,61732,61787
1455,truncatedIcosahedron_hk54_ambo_hk72,31752,34202,2450,63019,62982
1456,truncatedIcosahedron_hk54_ambo_hk72,30316,32953,2637,61019,61209
1457,truncatedIcosahedron_hk54_ambo_hk72,31198,33780,2582,63055,62985
1458,truncatedIcosahedron_hk54_ambo_hk72,29854,32357,2503,61120,61035
1459,truncatedIcosahedron_hk54_ambo_hk72,31089,33546,2457,63694,63647
1460,truncatedIcosahedron_hk54_ambo_hk72,29445,32038,2593,60817,60952
1461,truncatedIcosahedron_hk54_ambo_hk72,30794,33441,2647,63810,63863
1462,truncatedIcosahedron_hk54_ambo_hk72,29466,32083,2617,61133,61083
1463,truncatedIcosahedron_hk54_ambo_hk72,30840,33430,2590,63836,63794
1464,truncatedIcosahedron_hk54_ambo_hk72,29395,32007,2612,61018,61035
1465,truncatedIcosahedron_hk54_ambo_hk72,31227,33859,2632,64348,64365
1466,truncatedIcosahedron_hk54_ambo_hk72,29841,32363,2522,61073,60963
1467,truncatedIcosahedron_hk54_ambo_hk72,31272,33798,2526,63892,63893
1468,dodecahedron_hk54_ambo_hk72,1747,1803,56,32936,30464
1469,dodecahedron_hk54_ambo_hk72,7910,8114,204,68624,68771
1470,dodecahedron_hk54_ambo_hk72,8339,8605,266,62891,62949
1471,dodecahedron_hk54_ambo_hk72,7889,8094,205,62010,61947
1472,dodecahedron_hk54_ambo_hk72,8518,8810,292,63090,63174
1473,dodecahedron_hk54_ambo_hk72,13357,13571,214,67003,66923
1474,dodecahedron_hk54_ambo_hk72,13835,14028,193,62939,62914
1475,dodecahedron_hk54_ambo_hk72,12497,12635,138,61123,61065
1476,dodecahedron_hk54_ambo_hk72,13102,13274,172,63065,63099
1477,dodecahedron_hk54_ambo_hk72,13872,14218,346,63229,63403
1478,dodecahedron_hk54_ambo_hk72,14130,14390,260,62720,62632
1479,dodecahedron_hk54_ambo_hk72,14217,14461,244,62603,62583
1480,dodecahedron_hk54_ambo_hk72,17028,17217,189,65272,65215
1481,dodecahedron_hk54_ambo_hk72,16217,16466,249,61647,61692
1482,dodecahedron_hk54_ambo_hk72,15851,16164,313,62089,62144
1483,dodecahedron_hk54_ambo_hk72,15049,15413,364,61658,61706
1484,dodecahedron_hk54_ambo_hk72,14476,14772,296,61887,61818
1485,dodecahedron_hk54_ambo_hk72,14062,14404,342,62047,62082
1486,dodecahedron_hk54_ambo_hk72,18385,18791,406,66785,66844
1487,dodecahedron_hk54_ambo_hk72,21112,21620,508,65178,65282
1488,dodecahedron_hk54_ambo_hk72,20979,21477,498,62330,62307
1489,dodecahedron_hk54_ambo_hk72,20494,20820,326,61683,61515
1490,dodecahedron_hk54_ambo_hk72,21485,21639,154,63451,63268
1491,dodecahedron_hk54_ambo_hk72,19772,20493,721,60748,61313
1492,dodecahedron_hk54_ambo_hk72,20926,21831,905,63667,63851
1493,dodecahedron_hk54_ambo_hk72,21096,22161,1065,62630,62770
1494,dodecahedron_hk54_ambo_hk72,23016,24064,1048,64381,64363
1495,dodecahedron_hk54_ambo_hk72,20846,21988,1142,60278,60374
1496,dodecahedron_hk54_ambo_hk72,20996,22143,1147,62614,62613
1497,dodecahedron_hk54_ambo_hk72,20619,21809,1190,62082,62125
1498,dodecahedron_hk54_ambo_hk72,21025,22181,1156,62870,62832
1499,dodecahedron_hk54_ambo_hk72,20558,21742,1184,61993,62013
1500,dodecahedron_hk54_ambo_hk72,21301,22499,1198,63204,63214
1501,dodecahedron_hk54_ambo_hk72,21841,22910,1069,63009,62869
1502,dodecahedron_hk54_ambo_hk72,21601,22777,1176,62221,62326
1503,dodecahedron_hk54_ambo_hk72,22210,23416,1206,63072,63098
1504,dodecahedron_hk54_ambo_hk72,22576,23769,1193,62826,62801
1505,dodecahedron_hk54_ambo_hk72,22418,23609,1191,61965,61948
1506,dodecahedron_hk54_ambo_hk72,24201,25392,1191,64299,64295
1507,dodecahedron_hk54_ambo_hk72,21732,23197,1465,59992,60264
1508,dodecahedron_hk54_ambo_hk72,23607,24856,1249,64343,64117
1509,dodecahedron_hk54_ambo_hk72,22459,23630,1171,61314,61233
1510,dodecahedron_hk54_ambo_hk72,25473,26766,1293,65474,65593
1511,dodecahedron_hk54_ambo_hk72,23231,24709,1478,60219,60402
1512,dodecahedron_hk54_ambo_hk72,26142,27451,1309,65373,65190
1513,dodecahedron_hk54_ambo_hk72,23531,24745,1214,59851,59753
1514,dodecahedron_hk54_ambo_hk72,25920,27186,1266,64849,64901
1515,dodecahedron_hk54_ambo_hk72,23163,24577,1414,59703,59851
1516,dodecahedron_hk54_ambo_hk72,25849,27117,1268,65148,65000
1517,dodecahedron_hk54_ambo_hk72,21586,22638,1052,58196,57981
1518,dodecahedron_hk54_ambo_hk72,23720,24953,1233,64596,64773
1519,dodecahedron_hk54_ambo_hk72,21826,23009,1183,60623,60564
1520,dodecahedron_hk54_ambo_hk72,22936,24082,1146,63569,63516
1521,dodecahedron_hk54_ambo_hk72,21470,22639,1169,60708,60745
1522,dodecahedron_hk54_ambo_hk72,22272,23403,1131,63258,63216
1523,dodecahedron_hk54_ambo_hk72,21141,22146,1005,61332,61192
1524,dodecahedron_hk54_ambo_hk72,21955,22971,1016,63275,63285
1525,dodecahedron_hk54_ambo_hk72,21156,22186,1030,61660,61645
1526,dodecahedron_hk54_ambo_hk72,21620,22790,1170,62921,63057
1527,dodecahedron_hk54_ambo_hk72,20940,22019,1079,61777,61688
1528,dodecahedron_hk54_ambo_hk72,21275,22422,1147,62797,62863
1529,dodecahedron_hk54_ambo_hk72,21078,22155,1077,62263,62193
1530,dodecahedron_hk54_ambo_hk72,21206,22418,1212,62588,62723
1531,dodecahedron_hk54_ambo_hk72,20881,21988,1107,62137,62027
1532,dodecahedron_hk54_ambo_hk72,21396,22582,1186,62977,63054
1533,dodecahedron_hk54_ambo_hk72,21228,22289,1061,62348,62220
1534,dodecahedron_hk54_ambo_hk72,21739,22903,1164,62944,63075
1535,dodecahedron_hk54_ambo_hk72,21764,22860,1096,62484,62416
1536,dodecahedron_hk54_ambo_hk72,22229,23342,1113,62926,62940
1537,dodecahedron_hk54_ambo_hk72,22043,23246,1203,62003,62078
1538,dodecahedron_hk72_ambo_dual_hk20,1744,1773,29,42161,40985
1539,dodecahedron_hk72_ambo_dual_hk20,8702,8910,208,69419,69597
1540,dodecahedron_hk72_ambo_dual_hk20,7912,8193,281,61671,61743
1541,dodecahedron_hk72_ambo_dual_hk20,8623,8885,262,63171,63152
1542,dodecahedron_hk72_ambo_dual_hk20,8042,8314,272,61882,61886
1543,dodecahedron_hk72_ambo_dual_hk20,14899,15112,213,69291,69247
1544,dodecahedron_hk72_ambo_dual_hk20,12604,12727,123,60166,60065
1545,dodecahedron_hk72_ambo_dual_hk20,13480,13643,163,63336,63374
1546,dodecahedron_hk72_ambo_dual_hk20,14351,14631,280,63389,63446
1547,dodecahedron_hk72_ambo_dual_hk20,14092,14284,192,62201,62173
1548,dodecahedron_hk72_ambo_dual_hk20,14673,14929,256,63043,63091
1549,dodecahedron_hk72_ambo_dual_hk20,14562,14809,247,62349,62340
1550,dodecahedron_hk72_ambo_dual_hk20,17944,18197,253,65841,65848
1551,dodecahedron_hk72_ambo_dual_hk20,17142,17502,360,61647,61738
1552,dodecahedron_hk72_ambo_dual_hk20,17323,17664,341,62642,62618
1553,dodecahedron_hk72_ambo_dual_hk20,15361,15729,368,60152,60171
1554,dodecahedron_hk72_ambo_dual_hk20,15608,16013,405,62707,62737
1555,dodecahedron_hk72_ambo_dual_hk20,13819,14252,433,60662,60687
1556,dodecahedron_hk72_ambo_dual_hk20,18061,18420,359,66700,66628
1557,dodecahedron_hk72_ambo_dual_hk20,16105,17283,1178,60498,61308
1558,dodecahedron_hk72_ambo_dual_hk20,16953,18302,1349,63300,63466
1559,dodecahedron_hk72_ambo_dual_hk20,16951,18348,1397,62456,62498
1560,dodecahedron_hk72_ambo_dual_hk20,17296,18954,1658,62859,63117
1561,dodecahedron_hk72_ambo_dual_hk20,17533,19394,1861,62697,62898
1562,dodecahedron_hk72_ambo_dual_hk20,19446,21280,1834,64374,64339
1563,dodecahedron_hk72_ambo_dual_hk20,14467,16435,1968,57479,57609
1564,dodecahedron_hk72_ambo_dual_hk20,13523,15577,2054,61517,61601
1565,dodecahedron_hk72_ambo_dual_hk20,14300,16293,1993,63240,63149
1566,dodecahedron_hk72_ambo_dual_hk20,13924,16112,2188,62085,62278
1567,dodecahedron_hk72_ambo_dual_hk20,14276,16495,2219,62820,62842
1568,dodecahedron_hk72_ambo_dual_hk20,17540,19827,2287,65727,65792
1569,dodecahedron_hk72_ambo_dual_hk20,15871,17341,1470,60468,59667
1570,dodecahedron_hk72_ambo_dual_hk20,15331,16794,1463,61917,61905
1571,dodecahedron_hk72_ambo_dual_hk20,14867,16318,1451,62001,61979
1572,dodecahedron_hk72_ambo_dual_hk20,15905,17424,1519,63499,63562
1573,dodecahedron_hk72_ambo_dual_hk20,15846,17246,1400,62401,62277
1574,dodecahedron_hk72_ambo_dual_hk20,21727,23185,1458,68397,68452
1575,dodecahedron_hk72_ambo_dual_hk20,29312,32578,3266,70033,71836
1576,dodecahedron_hk72_ambo_dual_hk20,29110,32203,3093,62260,62075
1577,dodecahedron_hk72_ambo_dual_hk20,27740,30366,2626,61097,60618
1578,dodecahedron_hk72_ambo_dual_hk20,26534,28836,2302,61243,60917
1579,dodecahedron_hk72_ambo_dual_hk20,25334,27058,1724,61263,60680
1580,dodecahedron_hk72_ambo_dual_hk20,24259,25797,1538,61386,61196
1581,dodecahedron_hk72_ambo_dual_hk20,23891,25054,1163,62067,61716
1582,dodecahedron_hk72_ambo_dual_hk20,24982,26218,1236,63552,63624
1583,dodecahedron_hk72_ambo_dual_hk20,23266,24378,1112,60740,60613
1584,dodecahedron_hk72_ambo_dual_hk20,23279,24437,1158,62471,62516
1585,dodecahedron_hk72_ambo_dual_hk20,23348,24458,1110,62175,62131
1586,dodecahedron_hk72_ambo_dual_hk20,23679,24814,1135,62792,62815
1587,dodecahedron_hk72_ambo_dual_hk20,23690,24800,1110,62526,62493
1588,dodecahedron_hk72_ambo_dual_hk20,23855,24936,1081,62631,62596
1589,dodecahedron_hk72_ambo_dual_hk20,24144,25140,996,62741,62664
1590,dodecahedron_hk72_ambo_dual_hk20,23949,25000,1051,62265,62308
1591,dodecahedron_hk72_ambo_dual_hk20,24287,25331,1044,62799,62791
1592,dodecahedron_hk72_ambo_dual_hk20,23935,24984,1049,62105,62113
1593,dodecahedron_hk72_ambo_dual_hk20,24165,25252,1087,62690,62726
1594,dodecahedron_hk72_ambo_dual_hk20,24212,25312,1100,62507,62517
1595,dodecahedron_hk72_ambo_dual_hk20,24169,25358,1189,62417,62505
1596,dodecahedron_hk72_ambo_dual_hk20,23939,25001,1062,62230,62102
1597,dodecahedron_hk72_ambo_dual_hk20,24172,25392,1220,62692,62850
1598,dodecahedron_hk72_ambo_dual_hk20,24449,25523,1074,62745,62591
1599,dodecahedron_hk72_ambo_dual_hk20,24418,25500,1082,62434,62435
1600,dodecahedron_hk72_ambo_dual_hk20,24142,25252,1110,62185,62211
1601,dodecahedron_hk72_ambo_dual_hk20,24662,25926,1264,62751,62911
1602,dodecahedron_hk72_ambo_dual_hk20,24642,25745,1103,62449,62279
1603,dodecahedron_hk72_ambo_dual_hk20,24592,25621,1029,62411,62335
1604,dodecahedron_hk72_ambo_dual_hk20,24763,25920,1157,62630,62759
1605,dodecahedron_hk72_ambo_dual_hk20,24932,26082,1150,62631,62620
1606,dodecahedron_hk72_ambo_dual_hk20,24548,25595,1047,62084,61971
1607,dodecahedron_hk72_ambo_dual_hk20,23987,24979,992,61899,61831
1608,dodecahedron_hk72_ambo_dual_hk20,24371,25457,1086,62844,62938
1609,dodecahedron_hk72_ambo_dual_hk20,24499,25702,1203,62589,62705
1610,dodecahedron_hk72_ambo_dual_hk20,24201,25140,939,62169,61897
1611,dodecahedron_hk72_ambo_dual_hk20,23684,24657,973,61945,61965
1612,dodecahedron_hk72_ambo_dual_hk20,24327,25391,1064,63111,63192
1613,dodecahedron_hk72_ambo_dual_hk20,23848,25081,1233,61981,62149
1614,dodecahedron_hk72_ambo_dual_hk20,23744,24748,1004,62409,62176
1615,dodecahedron_hk72_ambo_dual_hk20,23043,24193,1150,61764,61904
1616,dodecahedron_hk72_ambo_dual_hk20,23787,24810,1023,63206,63077
1617,dodecahedron_hk72_ambo_dual_hk20,23015,24199,1184,61417,61570
1618,dodecahedron_hk72_ambo_dual_hk20,23705,24771,1066,63153,63033
1619,dodecahedron_hk72_ambo_dual_hk20,22966,24099,1133,61723,61787
1620,dodecahedron_hk72_ambo_dual_hk20,24005,24960,955,63488,63321
1621,dodecahedron_hk72_ambo_dual_hk20,23536,24604,1068,61991,62103
1622,dodecahedron_hk72_ambo_dual_hk20,24096,25067,971,63021,62921
1623,dodecahedron_hk72_ambo_dual_hk20,24151,25212,1061,62515,62604
1624,dodecahedron_hk72_ambo_dual_hk20,24273,25203,930,62583,62449
1625,dodecahedron_hk72_ambo_dual_hk20,24356,25432,1076,62537,62688
1626,truncatedIcosahedron_truncate50d_ambo_dual,2021,2034,13,40127,39060
1627,truncatedIcosahedron_truncate50d_ambo_dual,9101,9454,353,69550,69868
1628,truncatedIcosahedron_truncate50d_ambo_dual,9766,10140,374,63168,63201
1629,truncatedIcosahedron_truncate50d_ambo_dual,9233,9613,380,61929,61932
1630,truncatedIcosahedron_truncate50d_ambo_dual,10822,11225,403,64050,64071
1631,truncatedIcosahedron_truncate50d_ambo_dual,12172,12822,650,63804,64031
1632,truncatedIcosahedron_truncate50d_ambo_dual,12847,13602,755,63135,63230
1633,truncatedIcosahedron_truncate50d_ambo_dual,12763,13696,933,62023,62193
1634,truncatedIcosahedron_truncate50d_ambo_dual,21750,22410,660,71447,71170
1635,truncatedIcosahedron_truncate50d_ambo_dual,25214,25984,770,65927,66028
1636,truncatedIcosahedron_truncate50d_ambo_dual,30888,31732,844,68134,68202
1637,truncatedIcosahedron_truncate50d_ambo_dual,39858,41540,1682,71425,72265
1638,truncatedIcosahedron_truncate50d_ambo_dual,36913,38740,1827,59507,59655
1639,truncatedIcosahedron_truncate50d_ambo_dual,35701,37724,2023,61249,61444
1640,truncatedIcosahedron_truncate50d_ambo_dual,33518,35925,2407,60278,60648
1641,truncatedIcosahedron_truncate50d_ambo_dual,28357,30878,2521,57355,57466
1642,truncatedIcosahedron_truncate50d_ambo_dual,32186,34785,2599,66289,66365
1643,truncatedIcosahedron_truncate50d_ambo_dual,28669,31003,2334,58935,58673
1644,truncatedIcosahedron_truncate50d_ambo_dual,26377,28832,2455,60167,60288
1645,truncatedIcosahedron_truncate50d_ambo_dual,26914,29406,2492,62997,63029
1646,truncatedIcosahedron_truncate50d_ambo_dual,24720,27265,2545,60267,60319
1647,truncatedIcosahedron_truncate50d_ambo_dual,25813,28380,2567,63554,63574
1648,truncatedIcosahedron_truncate50d_ambo_dual,27462,29823,2361,64111,63902
1649,truncatedIcosahedron_truncate50d_ambo_dual,21758,25467,3709,56447,57807
1650,truncatedIcosahedron_truncate50d_ambo_dual,20571,24319,3748,61273,61293
1651,truncatedIcosahedron_truncate50d_ambo_dual,22438,26612,4174,64312,64752
1652,truncatedIcosahedron_truncate50d_ambo_dual,22189,26739,4550,62213,62585
1653,truncatedIcosahedron_truncate50d_ambo_dual,23078,27743,4665,63351,63465
1654,truncatedIcosahedron_truncate50d_ambo_dual,31435,36221,4786,70819,70925
1655,truncatedIcosahedron_truncate50d_ambo_dual,27711,32265,4554,58781,58542
1656,truncatedIcosahedron_truncate50d_ambo_dual,26788,31213,4425,61538,61403
1657,truncatedIcosahedron_truncate50d_ambo_dual,26845,30832,3987,62516,62078
1658,truncatedIcosahedron_truncate50d_ambo_dual,27397,30939,3542,63015,62567
1659,truncatedIcosahedron_truncate50d_ambo_dual,27023,30259,3236,62085,61776
1660,truncatedIcosahedron_truncate50d_ambo_dual,29756,32893,3137,65193,65091
1661,truncatedIcosahedron_truncate50d_ambo_dual,17200,23215,6015,49900,52776
1662,truncatedIcosahedron_truncate50d_ambo_dual,18263,24059,5796,63520,63304
1663,truncatedIcosahedron_truncate50d_ambo_dual,17946,23744,5798,62146,62143
1664,truncatedIcosahedron_truncate50d_ambo_dual,18067,23841,5774,62581,62562
1665,truncatedIcosahedron_truncate50d_ambo_dual,17984,23848,5864,62024,62109
1666,truncatedIcosahedron_truncate50d_ambo_dual,17998,23646,5648,62474,62243
1667,truncatedIcosahedron_truncate50d_ambo_dual,18104,23803,5699,62566,62616
1668,truncatedIcosahedron_truncate50d_ambo_dual,18387,24038,5651,62744,62693
1669,truncatedIcosahedron_truncate50d_ambo_dual,18325,23996,5671,62454,62472
1670,truncatedIcosahedron_truncate50d_ambo_dual,18423,23933,5510,62558,62397
1671,truncatedIcosahedron_truncate50d_ambo_dual,18172,23913,5741,62211,62439
1672,truncatedIcosahedron_truncate50d_ambo_dual,18834,24522,5688,63124,63067
1673,truncatedIcosahedron_truncate50d_ambo_dual,18094,23857,5763,61704,61793
1674,truncatedIcosahedron_truncate50d_ambo_dual,18282,24245,5963,62650,62837
1675,truncatedIcosahedron_truncate50d_ambo_dual,18078,23929,5851,62257,62143
1676,truncatedIcosahedron_truncate50d_ambo_dual,19354,25129,5775,63739,63660
1677,truncatedIcosahedron_truncate50d_ambo_dual,18373,24393,6020,61480,61714
1678,truncatedIcosahedron_truncate50d_ambo_dual,18136,24340,6204,62229,62407
1679,truncatedIcosahedron_truncate50d_ambo_dual,18470,24583,6113,62793,62702
1680,truncatedIcosahedron_truncate50d_ambo_dual,19128,24831,5703,63120,62707
1681,truncatedIcosahedron_truncate50d_ambo_dual,18474,24311,5837,61542,61661
1682,truncatedIcosahedron_truncate50d_ambo_dual,18334,24472,6138,62375,62658
1683,truncatedIcosahedron_truncate50d_ambo_dual,18298,24495,6197,62426,62482
1684,truncatedIcosahedron_truncate50d_ambo_dual,18475,24483,6008,62639,62446
1685,truncatedIcosahedron_truncate50d_ambo_dual,18198,24045,5847,62190,62015
1686,truncatedIcosahedron_truncate50d_ambo_dual,18127,24209,6082,62382,62621
1687,truncatedIcosahedron_truncate50d_ambo_dual,18089,24278,6189,62424,62526
1688,truncatedIcosahedron_truncate50d_ambo_dual,18338,24319,5981,62707,62491
1689,truncatedIcosahedron_truncate50d_ambo_dual,18122,23840,5718,62249,61981
1690,truncatedIcosahedron_truncate50d_ambo_dual,18302,24200,5898,62641,62810
1691,truncatedIcosahedron_truncate50d_ambo_dual,17820,23578,5758,61977,61837
1692,truncatedIcosahedron_truncate50d_ambo_dual,18454,24368,5914,63090,63250
1693,truncatedIcosahedron_truncate50d_ambo_dual,18027,23776,5749,62031,61868
1694,truncatedIcosahedron_truncate50d_ambo_dual,18052,24082,6030,62488,62766
1695,truncatedIcosahedron_truncate50d_ambo_dual,18211,24017,5806,62619,62395
1696,truncatedIcosahedron_truncate50d_ambo_dual,17951,23999,6048,62249,62496
1697,truncatedIcosahedron_truncate50d_ambo_dual,17936,23687,5751,62163,61860
1698,truncatedIcosahedron_truncate50d_ambo_dual,17883,23884,6001,62414,62656
1699,truncatedIcosahedron_truncate50d_ambo_dual,17730,23601,5871,62308,62175
1700,truncatedIcosahedron_truncate50d_ambo_dual,18026,24116,6090,62757,62974
1701,truncatedIcosahedron_truncate50d_ambo_dual,18196,24017,5821,62630,62359
1702,truncatedIcosahedron_truncate50d_ambo_dual,18392,24361,5969,62645,62801
1703,truncatedIcosahedron_truncate50d_ambo_dual,18097,24021,5924,62166,62119
1704,icosahedron_snub_relax_truncate033_hankin62,1740,1788,48,46112,40225
1705,icosahedron_snub_relax_truncate033_hankin62,8704,9330,626,69427,70002
1706,icosahedron_snub_relax_truncate033_hankin62,9753,10380,627,63509,63510
1707,icosahedron_snub_relax_truncate033_hankin62,8704,9340,636,61412,61409
1708,icosahedron_snub_relax_truncate033_hankin62,9960,10562,602,63718,63682
1709,icosahedron_snub_relax_truncate033_hankin62,16261,29013,12752,68814,80958
1710,icosahedron_snub_relax_truncate033_hankin62,16083,25296,9213,62282,58742
1711,icosahedron_snub_relax_truncate033_hankin62,13740,19257,5517,60119,56420
1712,icosahedron_snub_relax_truncate033_hankin62,12171,16254,4083,60891,59456
1713,icosahedron_snub_relax_truncate033_hankin62,11974,14570,2596,61919,60424
1714,icosahedron_snub_relax_truncate033_hankin62,13593,16001,2408,64081,63889
1715,icosahedron_snub_relax_truncate033_hankin62,11258,13309,2051,60123,59762
1716,icosahedron_snub_relax_truncate033_hankin62,10675,12135,1460,61867,61277
1717,icosahedron_snub_relax_truncate033_hankin62,10545,11756,1211,62330,62075
1718,icosahedron_snub_relax_truncate033_hankin62,13521,14620,1099,65437,65331
1719,icosahedron_snub_relax_truncate033_hankin62,13765,14565,800,62696,62390
1720,icosahedron_snub_relax_truncate033_hankin62,13468,14323,855,62161,62210
1721,icosahedron_snub_relax_truncate033_hankin62,13115,13956,841,62100,62091
1722,icosahedron_snub_relax_truncate033_hankin62,13080,13991,911,62427,62493
1723,icosahedron_snub_relax_truncate033_hankin62,12906,13766,860,62342,62286
1724,icosahedron_snub_relax_truncate033_hankin62,22702,23585,883,72257,72279
1725,icosahedron_snub_relax_truncate033_hankin62,28384,29342,958,68136,68205
1726,icosahedron_snub_relax_truncate033_hankin62,28849,29736,887,62927,62851
1727,icosahedron_snub_relax_truncate033_hankin62,26967,27659,692,60577,60383
1728,icosahedron_snub_relax_truncate033_hankin62,28388,29580,1192,63883,64381
1729,icosahedron_snub_relax_truncate033_hankin62,27394,28174,780,61168,60777
1730,icosahedron_snub_relax_truncate033_hankin62,27904,29153,1249,62970,63435
1731,icosahedron_snub_relax_truncate033_hankin62,27072,28276,1204,61628,61582
1732,icosahedron_snub_relax_truncate033_hankin62,30087,31394,1307,65478,65576
1733,icosahedron_snub_relax_truncate033_hankin62,26243,27555,1312,58615,58613
1734,icosahedron_snub_relax_truncate033_hankin62,27727,29005,1278,63945,63910
1735,icosahedron_snub_relax_truncate033_hankin62,26257,27524,1267,60991,60984
1736,icosahedron_snub_relax_truncate033_hankin62,27865,29203,1338,64125,64193
1737,icosahedron_snub_relax_truncate033_hankin62,26455,27678,1223,61051,60927
1738,icosahedron_snub_relax_truncate033_hankin62,28181,29411,1230,64185,64190
1739,icosahedron_snub_relax_truncate033_hankin62,26599,27830,1231,60868,60878
1740,icosahedron_snub_relax_truncate033_hankin62,28814,30188,1374,64675,64820
1741,icosahedron_snub_relax_truncate033_hankin62,26945,28303,1358,60593,60573
1742,icosahedron_snub_relax_truncate033_hankin62,29604,30959,1355,65121,65115
1743,icosahedron_snub_relax_truncate033_hankin62,27327,28546,1219,60182,60045
1744,icosahedron_snub_relax_truncate033_hankin62,30507,31944,1437,65633,65858
1745,icosahedron_snub_relax_truncate033_hankin62,28040,29283,1243,59647,59444
1746,icosahedron_snub_relax_truncate033_hankin62,30983,32310,1327,65405,65485
1747,icosahedron_snub_relax_truncate033_hankin62,28857,30152,1295,60335,60302
1748,icosahedron_snub_relax_truncate033_hankin62,31631,33058,1427,65237,65366
1749,icosahedron_snub_relax_truncate033_hankin62,29478,30766,1288,60309,60165
1750,icosahedron_snub_relax_truncate033_hankin62,31524,33226,1702,64561,64974
1751,icosahedron_snub_relax_truncate033_hankin62,29809,31203,1394,60747,60434
1752,icosahedron_snub_relax_truncate033_hankin62,31725,33308,1583,64375,64554
1753,icosahedron_snub_relax_truncate033_hankin62,29810,31275,1465,60546,60426
1754,icosahedron_snub_relax_truncate033_hankin62,31122,32753,1631,63772,63935
1755,icosahedron_snub_relax_truncate033_hankin62,30204,31562,1358,61543,61267
1756,icosahedron_snub_relax_truncate033_hankin62,30903,32221,1318,63161,63117
1757,icosahedron_snub_relax_truncate033_hankin62,29552,30945,1393,61110,61178
1758,icosahedron_snub_relax_truncate033_hankin62,29854,31348,1494,62762,62858
1759,icosahedron_snub_relax_truncate033_hankin62,29488,30856,1368,62076,61967
1760,icosahedron_snub_relax_truncate033_hankin62,28996,30222,1226,61968,61824
1761,icosahedron_snub_relax_truncate033_hankin62,28887,30310,1423,62078,62256
1762,icosahedron_snub_relax_truncate033_hankin62,28692,29972,1280,62265,62119
1763,icosahedron_snub_relax_truncate033_hankin62,28723,29972,1249,62546,62459
1764,icosahedron_snub_relax_truncate033_hankin62,27719,28967,1248,61450,61496
1765,icosahedron_snub_relax_truncate033_hankin62,28121,29347,1226,62860,62840
1766,icosahedron_snub_relax_truncate033_hankin62,27365,28625,1260,61705,61738
1767,icosahedron_snub_relax_truncate033_hankin62,27997,29358,1361,63092,63189
1768,icosahedron_snub_relax_truncate033_hankin62,26978,28177,1199,61443,61279
1769,icosahedron_snub_relax_truncate033_hankin62,27663,29023,1360,63147,63293
1770,icosahedron_snub_relax_truncate033_hankin62,27064,28377,1313,61861,61814
1771,icosahedron_snub_relax_truncate033_hankin62,27730,28997,1267,63128,63079
1772,icosahedron_snub_relax_truncate033_hankin62,27270,28463,1193,62003,61925
1773,icosahedron_snub_relax_truncate033_hankin62,28080,29363,1283,63276,63360
1774,icosahedron_snub_relax_truncate033_hankin62,27235,28477,1242,61617,61574
1775,icosahedron_snub_relax_truncate033_hankin62,28429,29801,1372,63656,63783
1776,dodecahedron_hk62_ambo_hk62,1763,1804,41,35795,34460
1777,dodecahedron_hk62_ambo_hk62,7981,8217,236,68464,68652
1778,dodecahedron_hk62_ambo_hk62,7626,7883,257,62107,62115
1779,dodecahedron_hk62_ambo_hk62,7855,8070,215,62697,62645
1780,dodecahedron_hk62_ambo_hk62,7861,8071,210,62466,62462
1781,dodecahedron_hk62_ambo_hk62,13211,13409,198,67807,67785
1782,dodecahedron_hk62_ambo_hk62,12362,12568,206,61611,61609
1783,dodecahedron_hk62_ambo_hk62,12308,12472,164,62408,62361
1784,dodecahedron_hk62_ambo_hk62,12064,12284,220,62218,62270
1785,dodecahedron_hk62_ambo_hk62,13978,14244,266,64375,64418
1786,dodecahedron_hk62_ambo_hk62,14123,14373,250,62614,62586
1787,dodecahedron_hk62_ambo_hk62,14327,14545,218,62665,62632
1788,dodecahedron_hk62_ambo_hk62,16974,17233,259,65110,65148
1789,dodecahedron_hk62_ambo_hk62,16215,16550,335,61691,61768
1790,dodecahedron_hk62_ambo_hk62,15738,16012,274,61974,61919
1791,dodecahedron_hk62_ambo_hk62,14608,14927,319,61386,61414
1792,dodecahedron_hk62_ambo_hk62,14200,14618,418,62052,62146
1793,dodecahedron_hk62_ambo_hk62,13514,13832,318,61413,61317
1794,dodecahedron_hk62_ambo_hk62,18197,18596,399,67144,67222
1795,dodecahedron_hk62_ambo_hk62,22314,22845,531,66541,66699
1796,dodecahedron_hk62_ambo_hk62,21486,21967,481,61628,61579
1797,dodecahedron_hk62_ambo_hk62,19486,19782,296,60463,60274
1798,dodecahedron_hk62_ambo_hk62,21950,22188,238,64915,64866
1799,dodecahedron_hk62_ambo_hk62,20506,20736,230,61016,61008
1800,dodecahedron_hk62_ambo_hk62,22779,23105,326,64735,64829
1801,dodecahedron_hk62_ambo_hk62,22183,22485,302,61865,61839
1802,dodecahedron_hk62_ambo_hk62,22392,23205,813,62671,63179
1803,dodecahedron_hk62_ambo_hk62,19810,20550,740,59876,59806
1804,dodecahedron_hk62_ambo_hk62,20613,21356,743,63314,63316
1805,dodecahedron_hk62_ambo_hk62,19888,20700,812,61739,61803
1806,dodecahedron_hk62_ambo_hk62,20835,21615,780,63415,63373
1807,dodecahedron_hk62_ambo_hk62,20406,21161,755,62033,61998
1808,dodecahedron_hk62_ambo_hk62,20922,21770,848,62978,63068
1809,dodecahedron_hk62_ambo_hk62,21451,22186,735,62643,62524
1810,dodecahedron_hk62_ambo_hk62,20746,21584,838,61757,61858
1811,dodecahedron_hk62_ambo_hk62,21769,22587,818,63485,63463
1812,dodecahedron_hk62_ambo_hk62,20986,21793,807,61678,61665
1813,dodecahedron_hk62_ambo_hk62,22604,23571,967,64078,64236
1814,dodecahedron_hk62_ambo_hk62,21276,22010,734,61141,60896
1815,dodecahedron_hk62_ambo_hk62,22198,22971,773,63382,63421
1816,dodecahedron_hk62_ambo_hk62,21388,22250,862,61650,61726
1817,dodecahedron_hk62_ambo_hk62,22557,23388,831,63631,63597
1818,dodecahedron_hk62_ambo_hk62,21995,22777,782,61944,61903
1819,dodecahedron_hk62_ambo_hk62,22910,23755,845,63375,63438
1820,dodecahedron_hk62_ambo_hk62,22053,22898,845,61604,61603
1821,dodecahedron_hk62_ambo_hk62,22981,23818,837,63389,63379
1822,dodecahedron_hk62_ambo_hk62,21701,22427,726,61181,61070
1823,dodecahedron_hk62_ambo_hk62,22380,23214,834,63140,63244
1824,dodecahedron_hk62_ambo_hk62,21550,22258,708,61632,61503
1825,dodecahedron_hk62_ambo_hk62,21973,22838,865,62599,62764
1826,dodecahedron_hk62_ambo_hk62,21760,22505,745,62249,62128
1827,dodecahedron_hk62_ambo_hk62,21294,22052,758,61989,62001
1828,dodecahedron_hk62_ambo_hk62,21494,22202,708,62663,62607
1829,dodecahedron_hk62_ambo_hk62,21076,21957,881,62043,62212
1830,dodecahedron_hk62_ambo_hk62,21896,22657,761,63280,63151
1831,dodecahedron_hk62_ambo_hk62,20947,21590,643,61572,61445
1832,dodecahedron_hk62_ambo_hk62,21128,21860,732,62643,62730
1833,dodecahedron_hk62_ambo_hk62,21120,21836,716,62452,62436
1834,dodecahedron_hk62_ambo_hk62,20891,21701,810,62208,62321
1835,dodecahedron_hk62_ambo_hk62,20741,21469,728,62311,62227
1836,dodecahedron_hk62_ambo_hk62,20467,21192,725,62188,62183
1837,dodecahedron_hk62_ambo_hk62,20698,21510,812,62692,62775
1838,dodecahedron_hk62_ambo_hk62,20271,21165,894,62033,62112
1839,dodecahedron_hk62_ambo_hk62,20348,21084,736,62544,62378
1840,dodecahedron_hk62_ambo_hk62,20407,21181,774,62520,62555
1841,dodecahedron_hk62_ambo_hk62,20372,21112,740,62154,62110
1842,dodecahedron_hk62_ambo_hk62,20343,21123,780,62423,62469
1843,dodecahedron_hk62_ambo_hk62,21029,21838,809,63148,63172
1844,dodecahedron_hk62_ambo_hk62,20372,21105,733,61805,61726
1845,dodecahedron_hk62_ambo_hk62,20951,21712,761,63085,63120
1846,truncatedIcosahedron_hk58_chamfer63,1996,2055,59,43505,42802
1847,truncatedIcosahedron_hk58_chamfer63,10179,10552,373,70643,70947
1848,truncatedIcosahedron_hk58_chamfer63,9468,9848,380,61750,61748
1849,truncatedIcosahedron_hk58_chamfer63,10043,10466,423,63034,63069
1850,truncatedIcosahedron_hk58_chamfer63,10768,11188,420,63187,63182
1851,truncatedIcosahedron_hk58_chamfer63,18374,18765,391,70069,70027
1852,truncatedIcosahedron_hk58_chamfer63,17190,17475,285,61278,61170
1853,truncatedIcosahedron_hk58_chamfer63,16786,17049,263,62057,62031
1854,truncatedIcosahedron_hk58_chamfer63,17914,18034,120,63590,63445
1855,truncatedIcosahedron_hk58_chamfer63,16793,17331,538,61339,61755
1856,truncatedIcosahedron_hk58_chamfer63,16455,16854,399,62122,61972
1857,truncatedIcosahedron_hk58_chamfer63,17059,17446,387,62697,62708
1858,truncatedIcosahedron_hk58_chamfer63,23787,24227,440,69243,69295
1859,truncatedIcosahedron_hk58_chamfer63,28393,29950,1557,67062,68155
1860,truncatedIcosahedron_hk58_chamfer63,26499,28082,1583,60561,60577
1861,truncatedIcosahedron_hk58_chamfer63,26806,28557,1751,62762,62927
1862,truncatedIcosahedron_hk58_chamfer63,26151,27851,1700,61803,61741
1863,truncatedIcosahedron_hk58_chamfer63,26787,28746,1959,63095,63337
1864,truncatedIcosahedron_hk58_chamfer63,28778,30674,1896,64447,64371
1865,truncatedIcosahedron_hk58_chamfer63,25887,27808,1921,59565,59581
1866,truncatedIcosahedron_hk58_chamfer63,26124,27931,1807,62701,62568
1867,truncatedIcosahedron_hk58_chamfer63,26134,28089,1955,62470,62610
1868,truncatedIcosahedron_hk58_chamfer63,26146,27916,1770,62474,62277
1869,truncatedIcosahedron_hk58_chamfer63,26132,27979,1847,62448,62506
1870,truncatedIcosahedron_hk58_chamfer63,26332,28103,1771,62667,62582
1871,truncatedIcosahedron_hk58_chamfer63,26550,28430,1880,62679,62787
1872,truncatedIcosahedron_hk58_chamfer63,26972,28798,1826,62937,62883
1873,truncatedIcosahedron_hk58_chamfer63,27178,29138,1960,62315,62454
1874,truncatedIcosahedron_hk58_chamfer63,27940,29750,1810,63225,63072
1875,truncatedIcosahedron_hk58_chamfer63,26717,28629,1912,61238,61337
1876,truncatedIcosahedron_hk58_chamfer63,28930,30835,1905,64673,64654
1877,truncatedIcosahedron_hk58_chamfer63,27892,29688,1796,61422,61292
1878,truncatedIcosahedron_hk58_chamfer63,29163,31109,1946,63733,63882
1879,truncatedIcosahedron_hk58_chamfer63,27848,29679,1831,61151,61028
1880,truncatedIcosahedron_hk58_chamfer63,29612,31470,1858,64225,64251
1881,truncatedIcosahedron_hk58_chamfer63,29135,31198,2063,61984,62187
1882,truncatedIcosahedron_hk58_chamfer63,29155,31086,1931,62481,62347
1883,truncatedIcosahedron_hk58_chamfer63,29424,31291,1867,62728,62664
1884,truncatedIcosahedron_hk58_chamfer63,29239,31231,1992,62274,62398
1885,truncatedIcosahedron_hk58_chamfer63,28463,30547,2084,61685,61770
1886,truncatedIcosahedron_hk58_chamfer63,27737,29597,1860,61796,61565
1887,truncatedIcosahedron_hk58_chamfer63,28224,30063,1839,62938,62924
1888,truncatedIcosahedron_hk58_chamfer63,28280,30166,1886,62516,62562
1889,truncatedIcosahedron_hk58_chamfer63,27925,29767,1842,61810,61767
1890,truncatedIcosahedron_hk58_chamfer63,27572,29376,1804,62109,62066
1891,truncatedIcosahedron_hk58_chamfer63,28109,29851,1742,62998,62933
1892,truncatedIcosahedron_hk58_chamfer63,26771,28587,1816,61117,61197
1893,truncatedIcosahedron_hk58_chamfer63,27511,29281,1770,63199,63146
1894,truncatedIcosahedron_hk58_chamfer63,26179,27994,1815,61130,61164
1895,truncatedIcosahedron_hk58_chamfer63,26967,28633,1666,63254,63096
1896,truncatedIcosahedron_hk58_chamfer63,25918,27819,1901,61415,61629
1897,truncatedIcosahedron_hk58_chamfer63,26331,28087,1756,62872,62727
1898,truncatedIcosahedron_hk58_chamfer63,26086,28086,2000,62215,62458
1899,truncatedIcosahedron_hk58_chamfer63,26132,27906,1774,62561,62332
1900,truncatedIcosahedron_hk58_chamfer63,25969,27868,1899,62303,62422
1901,truncatedIcosahedron_hk58_chamfer63,25905,27721,1816,62402,62319
1902,truncatedIcosahedron_hk58_chamfer63,26102,27966,1864,62656,62705
1903,truncatedIcosahedron_hk58_chamfer63,25978,27837,1859,62337,62328
1904,truncatedIcosahedron_hk58_chamfer63,26267,28157,1890,62750,62779
1905,truncatedIcosahedron_hk58_chamfer63,26552,28493,1941,62461,62515
1906,truncatedIcosahedron_hk58_chamfer63,26459,28293,1834,62367,62257
1907,truncatedIcosahedron_hk58_chamfer63,26301,28286,1985,62290,62453
1908,dodecahedron_ambo_bevel33_relax_hk66,1719,1753,34,37879,35925
1909,dodecahedron_ambo_bevel33_relax_hk66,7858,8053,195,68596,68759
1910,dodecahedron_ambo_bevel33_relax_hk66,7733,7999,266,62336,62387
1911,dodecahedron_ambo_bevel33_relax_hk66,7764,7989,225,62492,62447
1912,dodecahedron_ambo_bevel33_relax_hk66,7875,8091,216,62572,62562
1913,dodecahedron_ambo_bevel33_relax_hk66,9124,9413,289,63756,63821
1914,dodecahedron_ambo_bevel33_relax_hk66,9221,9618,397,62551,62658
1915,dodecahedron_ambo_bevel33_relax_hk66,8990,9331,341,62230,62165
1916,dodecahedron_ambo_bevel33_relax_hk66,9587,9996,409,63057,63117
1917,dodecahedron_ambo_bevel33_relax_hk66,9553,9969,416,62424,62423
1918,dodecahedron_ambo_bevel33_relax_hk66,12131,12590,459,65040,65067
1919,dodecahedron_ambo_bevel33_relax_hk66,10439,10822,383,60756,60680
1920,dodecahedron_ambo_bevel33_relax_hk66,10746,11233,487,62767,62847
1921,dodecahedron_ambo_bevel33_relax_hk66,9874,10299,425,61226,61168
1922,dodecahedron_ambo_bevel33_relax_hk66,10652,11206,554,63238,63361
1923,dodecahedron_ambo_bevel33_relax_hk66,10142,10680,538,61948,61925
1924,dodecahedron_ambo_bevel33_relax_hk66,13933,14492,559,66252,66267
1925,dodecahedron_ambo_bevel33_relax_hk66,12047,12748,701,60571,60703
1926,dodecahedron_ambo_bevel33_relax_hk66,12915,13713,798,63381,63477
1927,dodecahedron_ambo_bevel33_relax_hk66,11951,12735,784,61497,61474
1928,dodecahedron_ambo_bevel33_relax_hk66,13006,13912,906,63496,63633
1929,dodecahedron_ambo_bevel33_relax_hk66,12160,12992,832,61605,61538
1930,dodecahedron_ambo_bevel33_relax_hk66,16688,17630,942,66987,67085
1931,dodecahedron_ambo_bevel33_relax_hk66,12431,13292,861,58202,58114
1932,dodecahedron_ambo_bevel33_relax_hk66,12952,13793,841,62978,62952
1933,dodecahedron_ambo_bevel33_relax_hk66,13065,13863,798,62575,62528
1934,dodecahedron_ambo_bevel33_relax_hk66,20475,21361,886,69872,69946
1935,dodecahedron_ambo_bevel33_relax_hk66,27747,28584,837,69724,69675
1936,dodecahedron_ambo_bevel33_relax_hk66,26762,27546,784,61468,61423
1937,dodecahedron_ambo_bevel33_relax_hk66,26100,26460,360,61500,61084
1938,dodecahedron_ambo_bevel33_relax_hk66,26754,27004,250,63116,62993
1939,dodecahedron_ambo_bevel33_relax_hk66,26410,26710,300,62115,62165
1940,dodecahedron_ambo_bevel33_relax_hk66,26351,27456,1105,62457,63256
1941,dodecahedron_ambo_bevel33_relax_hk66,26386,27797,1411,62494,62801
1942,dodecahedron_ambo_bevel33_relax_hk66,28062,29514,1452,64137,64176
1943,dodecahedron_ambo_bevel33_relax_hk66,25483,26938,1455,59875,59877
1944,dodecahedron_ambo_bevel33_relax_hk66,25797,27207,1410,62771,62727
1945,dodecahedron_ambo_bevel33_relax_hk66,25540,27092,1552,62200,62344
1946,dodecahedron_ambo_bevel33_relax_hk66,25659,27175,1516,62577,62541
1947,dodecahedron_ambo_bevel33_relax_hk66,25691,27195,1504,62490,62477
1948,dodecahedron_ambo_bevel33_relax_hk66,25775,27284,1509,62551,62547
1949,dodecahedron_ambo_bevel33_relax_hk66,25919,27500,1581,62605,62676
1950,dodecahedron_ambo_bevel33_relax_hk66,26101,27521,1420,62643,62481
1951,dodecahedron_ambo_bevel33_relax_hk66,26346,27935,1589,62706,62870
1952,dodecahedron_ambo_bevel33_relax_hk66,26517,27927,1410,62638,62452
1953,dodecahedron_ambo_bevel33_relax_hk66,27012,28507,1495,62671,62744
1954,dodecahedron_ambo_bevel33_relax_hk66,26712,28148,1436,62161,62099
1955,dodecahedron_ambo_bevel33_relax_hk66,28312,29797,1485,64059,64109
1956,dodecahedron_ambo_bevel33_relax_hk66,26951,28366,1415,61100,61026
1957,dodecahedron_ambo_bevel33_relax_hk66,27437,28815,1378,62946,62908
1958,dodecahedron_ambo_bevel33_relax_hk66,27181,28681,1500,62204,62325
1959,dodecahedron_ambo_bevel33_relax_hk66,29861,31459,1598,65141,65238
1960,dodecahedron_ambo_bevel33_relax_hk66,27739,29178,1439,60339,60180
1961,dodecahedron_ambo_bevel33_relax_hk66,29028,30465,1437,63739,63746
1962,dodecahedron_ambo_bevel33_relax_hk66,27619,29149,1530,61052,61144
1963,dodecahedron_ambo_bevel33_relax_hk66,29464,30916,1452,64305,64225
1964,dodecahedron_ambo_bevel33_relax_hk66,27513,29031,1518,60511,60575
1965,dodecahedron_ambo_bevel33_relax_hk66,28593,30082,1489,63540,63500
1966,dodecahedron_ambo_bevel33_relax_hk66,27662,29199,1537,61530,61588
1967,dodecahedron_ambo_bevel33_relax_hk66,28003,29448,1445,62851,62762
1968,dodecahedron_ambo_bevel33_relax_hk66,27042,28517,1475,61499,61528
1969,dodecahedron_ambo_bevel33_relax_hk66,27083,28651,1568,62221,62306
1970,dodecahedron_ambo_bevel33_relax_hk66,26965,28415,1450,62345,62216
1971,dodecahedron_ambo_bevel33_relax_hk66,25864,27291,1427,61360,61331
1972,dodecahedron_ambo_bevel33_relax_hk66,26839,28231,1392,63436,63401
1973,dodecahedron_ambo_bevel33_relax_hk66,25907,27456,1549,61528,61683
1974,dodecahedron_ambo_bevel33_relax_hk66,26794,28183,1389,63347,63186
1975,dodecahedron_ambo_bevel33_relax_hk66,25468,26909,1441,61135,61173
1976,dodecahedron_ambo_bevel33_relax_hk66,26631,28024,1393,63623,63575
1977,dodecahedron_ambo_bevel33_relax_hk66,25621,27046,1425,61450,61479
1978,dodecahedron_ambo_bevel33_relax_hk66,26060,27576,1516,62899,62988
1979,dodecahedron_ambo_bevel33_relax_hk66,25340,26820,1480,61739,61704
1980,dodecahedron_ambo_bevel33_relax_hk66,26071,27607,1536,63246,63245
1981,dodecahedron_ambo_bevel33_relax_hk66,25263,26708,1445,61659,61615
1982,dodecahedron_ambo_bevel33_relax_hk66,26000,27484,1484,63203,63234
1983,dodecahedron_ambo_bevel33_relax_hk66,26076,27487,1411,62527,62463
1984,dodecahedron_ambo_bevel33_relax_hk66,26052,27499,1447,62437,62477
1985,dodecahedron_ambo_bevel33_relax_hk66,26143,27571,1428,62280,62244
1986,truncatedIcosahedron_ambo_relax_truncate33_hk64,2013,2054,41,38330,36941
1987,truncatedIcosahedron_ambo_relax_truncate33_hk64,9269,9697,428,69712,70101
1988,truncatedIcosahedron_ambo_relax_truncate33_hk64,9160,9553,393,62352,62312
1989,truncatedIcosahedron_ambo_relax_truncate33_hk64,9179,9499,320,62480,62407
1990,truncatedIcosahedron_ambo_relax_truncate33_hk64,9941,10358,417,63223,63318
1991,truncatedIcosahedron_ambo_relax_truncate33_hk64,11924,12494,570,64425,64573
1992,truncatedIcosahedron_ambo_relax_truncate33_hk64,12110,12780,670,62644,62742
1993,truncatedIcosahedron_ambo_relax_truncate33_hk64,11962,12661,699,62300,62334
1994,truncatedIcosahedron_ambo_relax_truncate33_hk64,12517,13359,842,63070,63205
1995,truncatedIcosahedron_ambo_relax_truncate33_hk64,12533,13432,899,62474,62525
1996,truncatedIcosahedron_ambo_relax_truncate33_hk64,15515,16399,884,65442,65417
1997,truncatedIcosahedron_ambo_relax_truncate33_hk64,10504,11402,898,57442,57449
1998,truncatedIcosahedron_ambo_relax_truncate33_hk64,10924,11824,900,62882,62873
1999,truncatedIcosahedron_ambo_relax_truncate33_hk64,10422,11319,897,61958,61955
2000,truncatedIcosahedron_ambo_relax_truncate33_hk64,14690,15537,847,66728,66676
2001,truncatedIcosahedron_ambo_relax_truncate33_hk64,14634,15487,853,62040,62052
2002,truncatedIcosahedron_ambo_relax_truncate33_hk64,15345,16221,876,63153,63191
2003,truncatedIcosahedron_ambo_relax_truncate33_hk64,14340,15176,836,61457,61414
2004,truncatedIcosahedron_ambo_relax_truncate33_hk64,15162,16203,1041,63282,63476
2005,truncatedIcosahedron_ambo_relax_truncate33_hk64,14414,15348,934,61702,61603
2006,truncatedIcosahedron_ambo_relax_truncate33_hk64,26535,27539,1004,74583,74651
2007,truncatedIcosahedron_ambo_relax_truncate33_hk64,32797,33956,1159,68718,68861
2008,truncatedIcosahedron_ambo_relax_truncate33_hk64,33926,34968,1042,63644,63526
2009,truncatedIcosahedron_ambo_relax_truncate33_hk64,30430,31084,654,58963,58574
2010,truncatedIcosahedron_ambo_relax_truncate33_hk64,31430,31879,449,63461,63255
2011,truncatedIcosahedron_ambo_relax_truncate33_hk64,30716,31362,646,61746,61940
2012,truncatedIcosahedron_ambo_relax_truncate33_hk64,31995,32739,744,63741,63837
2013,truncatedIcosahedron_ambo_relax_truncate33_hk64,31957,33085,1128,62421,62803
2014,truncatedIcosahedron_ambo_relax_truncate33_hk64,32881,34721,1840,63387,64096
2015,truncatedIcosahedron_ambo_relax_truncate33_hk64,29919,31762,1843,59491,59492
2016,truncatedIcosahedron_ambo_relax_truncate33_hk64,30016,31834,1818,62545,62523
2017,truncatedIcosahedron_ambo_relax_truncate33_hk64,30148,31988,1840,62244,62252
2018,truncatedIcosahedron_ambo_relax_truncate33_hk64,30068,31945,1877,62380,62415
2019,truncatedIcosahedron_ambo_relax_truncate33_hk64,30493,32270,1777,62885,62776
2020,truncatedIcosahedron_ambo_relax_truncate33_hk64,30058,31845,1787,62026,62027
2021,truncatedIcosahedron_ambo_relax_truncate33_hk64,30827,32627,1800,63286,63294
2022,truncatedIcosahedron_ambo_relax_truncate33_hk64,29795,31625,1830,61431,61456
2023,truncatedIcosahedron_ambo_relax_truncate33_hk64,31108,32887,1779,63772,63722
2024,truncatedIcosahedron_ambo_relax_truncate33_hk64,30063,31925,1862,61415,61497
2025,truncatedIcosahedron_ambo_relax_truncate33_hk64,31207,33076,1869,63606,63609
2026,truncatedIcosahedron_ambo_relax_truncate33_hk64,30169,31962,1793,61415,61347
2027,truncatedIcosahedron_ambo_relax_truncate33_hk64,31994,33937,1943,64286,64434
2028,truncatedIcosahedron_ambo_relax_truncate33_hk64,30899,32744,1845,61365,61266
2029,truncatedIcosahedron_ambo_relax_truncate33_hk64,32601,34474,1873,64164,64189
2030,truncatedIcosahedron_ambo_relax_truncate33_hk64,31339,33117,1778,61199,61100
2031,truncatedIcosahedron_ambo_relax_truncate33_hk64,33338,35293,1955,64467,64633
2032,truncatedIcosahedron_ambo_relax_truncate33_hk64,31753,33576,1823,60877,60742
2033,truncatedIcosahedron_ambo_relax_truncate33_hk64,33681,35529,1848,64097,64121
2034,truncatedIcosahedron_ambo_relax_truncate33_hk64,32239,34161,1922,61020,61092
2035,truncatedIcosahedron_ambo_relax_truncate33_hk64,33607,35497,1890,63882,63850
2036,truncatedIcosahedron_ambo_relax_truncate33_hk64,32034,33819,1785,60887,60769
2037,truncatedIcosahedron_ambo_relax_truncate33_hk64,33596,35509,1913,64024,64138
2038,truncatedIcosahedron_ambo_relax_truncate33_hk64,32401,34248,1847,61266,61197
2039,truncatedIcosahedron_ambo_relax_truncate33_hk64,33061,35020,1959,63108,63213
2040,truncatedIcosahedron_ambo_relax_truncate33_hk64,31920,33727,1807,61321,61163
2041,truncatedIcosahedron_ambo_relax_truncate33_hk64,32720,34641,1921,63261,63373
2042,truncatedIcosahedron_ambo_relax_truncate33_hk64,31401,33230,1829,61139,61046
2043,truncatedIcosahedron_ambo_relax_truncate33_hk64,31897,33789,1892,62956,63017
2044,truncatedIcosahedron_ambo_relax_truncate33_hk64,31109,32933,1824,61674,61603
2045,truncatedIcosahedron_ambo_relax_truncate33_hk64,31116,33087,1971,62469,62614
2046,truncatedIcosahedron_ambo_relax_truncate33_hk64,30387,32301,1914,61731,61668
2047,truncatedIcosahedron_ambo_relax_truncate33_hk64,30436,32384,1948,62512,62542
2048,truncatedIcosahedron_ambo_relax_truncate33_hk64,30147,32060,1913,62227,62189
2049,truncatedIcosahedron_ambo_relax_truncate33_hk64,30353,32215,1862,62383,62324
2050,truncatedIcosahedron_ambo_relax_truncate33_hk64,29769,31719,1950,61873,61964
2051,truncatedIcosahedron_ambo_relax_truncate33_hk64,30002,31931,1929,62693,62671
2052,truncatedIcosahedron_ambo_relax_truncate33_hk64,29780,31787,2007,62239,62314
2053,truncatedIcosahedron_ambo_relax_truncate33_hk64,30148,31991,1843,62830,62664
2054,truncatedIcosahedron_ambo_relax_truncate33_hk64,29820,31670,1850,62132,62138
2055,truncatedIcosahedron_ambo_relax_truncate33_hk64,30579,32380,1801,63221,63158
2056,truncatedIcosahedron_ambo_relax_truncate33_hk64,30402,32295,1893,62291,62375
2057,truncatedIcosahedron_ambo_relax_truncate33_hk64,30356,32278,1922,62412,62441
2058,dodecahedron_bevel2_relax_gyro,1788,1797,9,33892,31979
2059,dodecahedron_bevel2_relax_gyro,7777,8028,251,68450,68690
2060,dodecahedron_bevel2_relax_gyro,8167,8393,226,62839,62825
2061,dodecahedron_bevel2_relax_gyro,7822,8038,216,62116,62102
2062,dodecahedron_bevel2_relax_gyro,8152,8473,321,62846,62949
2063,dodecahedron_bevel2_relax_gyro,9311,9642,331,63609,63626
2064,dodecahedron_bevel2_relax_gyro,9472,9831,359,62621,62640
2065,dodecahedron_bevel2_relax_gyro,9264,9662,398,61896,61936
2066,dodecahedron_bevel2_relax_gyro,9674,10127,453,62869,62924
2067,dodecahedron_bevel2_relax_gyro,9843,10271,428,62628,62601
2068,dodecahedron_bevel2_relax_gyro,12199,12690,491,64815,64873
2069,dodecahedron_bevel2_relax_gyro,10911,11369,458,61164,61125
2070,dodecahedron_bevel2_relax_gyro,10838,11343,505,62373,62419
2071,dodecahedron_bevel2_relax_gyro,10620,11092,472,62225,62201
2072,dodecahedron_bevel2_relax_gyro,10488,10965,477,62322,62327
2073,dodecahedron_bevel2_relax_gyro,10338,10807,469,62309,62295
2074,dodecahedron_bevel2_relax_gyro,12452,12916,464,64576,64560
2075,dodecahedron_bevel2_relax_gyro,10332,10768,436,60394,60366
2076,dodecahedron_bevel2_relax_gyro,10359,10878,519,62485,62567
2077,dodecahedron_bevel2_relax_gyro,10292,10825,533,62393,62404
2078,dodecahedron_bevel2_relax_gyro,15526,16023,497,67693,67648
2079,dodecahedron_bevel2_relax_gyro,19677,33065,13388,66603,79496
2080,dodecahedron_bevel2_relax_gyro,19546,27115,7569,62325,56501
2081,dodecahedron_bevel2_relax_gyro,19764,25285,5521,62374,60339
2082,dodecahedron_bevel2_relax_gyro,20437,25678,5241,63135,62854
2083,dodecahedron_bevel2_relax_gyro,20927,27743,6816,62951,64524
2084,dodecahedron_bevel2_relax_gyro,33652,41229,7577,75185,75935
2085,dodecahedron_bevel2_relax_gyro,33357,37254,3897,62160,58476
2086,dodecahedron_bevel2_relax_gyro,33346,37341,3995,62449,62541
2087,dodecahedron_bevel2_relax_gyro,32369,36465,4096,61482,61581
2088,dodecahedron_bevel2_relax_gyro,32921,37137,4216,63012,63131
2089,dodecahedron_bevel2_relax_gyro,32459,36548,4089,62053,61924
2090,dodecahedron_bevel2_relax_gyro,37580,41850,4270,67580,67758
2091,dodecahedron_bevel2_relax_gyro,26313,33387,7074,51180,53986
2092,dodecahedron_bevel2_relax_gyro,26958,34049,7091,63103,63110
2093,dodecahedron_bevel2_relax_gyro,26416,33317,6901,61915,61727
2094,dodecahedron_bevel2_relax_gyro,27436,34179,6743,63484,63321
2095,dodecahedron_bevel2_relax_gyro,27017,33743,6726,62041,62024
2096,dodecahedron_bevel2_relax_gyro,41431,48242,6811,76874,76959
2097,dodecahedron_bevel2_relax_gyro,34291,40756,6465,54988,54688
2098,dodecahedron_bevel2_relax_gyro,34103,40103,6000,62268,61791
2099,dodecahedron_bevel2_relax_gyro,33813,39363,5550,62168,61719
2100,dodecahedron_bevel2_relax_gyro,33101,38117,5016,61737,61212
2101,dodecahedron_bevel2_relax_gyro,33632,38181,4549,62975,62520
2102,dodecahedron_bevel2_relax_gyro,34301,38808,4507,63130,63075
2103,dodecahedron_bevel2_relax_gyro,18617,22623,4006,46825,46319
2104,dodecahedron_bevel2_relax_gyro,18072,21967,3895,61904,61802
2105,dodecahedron_bevel2_relax_gyro,18576,22616,4040,62967,63108
2106,dodecahedron_bevel2_relax_gyro,18289,22261,3972,62172,62105
2107,dodecahedron_bevel2_relax_gyro,18728,22680,3952,62901,62870
2108,dodecahedron_bevel2_relax_gyro,18513,22518,4005,62247,62297
2109,dodecahedron_bevel2_relax_gyro,19076,22989,3913,63025,62931
2110,dodecahedron_bevel2_relax_gyro,18959,22825,3866,62341,62284
2111,dodecahedron_bevel2_relax_gyro,19084,23031,3947,62584,62666
2112,dodecahedron_bevel2_relax_gyro,19020,23058,4038,62385,62485
2113,dodecahedron_bevel2_relax_gyro,19165,23376,4211,62269,62434
2114,dodecahedron_bevel2_relax_gyro,18966,23207,4241,62262,62290
2115,dodecahedron_bevel2_relax_gyro,18906,23038,4132,62401,62290
2116,dodecahedron_bevel2_relax_gyro,19042,23266,4224,62652,62740
2117,dodecahedron_bevel2_relax_gyro,19383,23622,4239,62802,62816
2118,dodecahedron_bevel2_relax_gyro,19406,23793,4387,62483,62629
2119,dodecahedron_bevel2_relax_gyro,19369,23712,4343,62423,62378
2120,dodecahedron_bevel2_relax_gyro,19110,23324,4214,62202,62071
2121,dodecahedron_bevel2_relax_gyro,19504,23745,4241,62854,62881
2122,dodecahedron_bevel2_relax_gyro,19753,23956,4203,62707,62670
2123,dodecahedron_bevel2_relax_gyro,19369,23555,4186,62078,62056
2124,dodecahedron_bevel2_relax_gyro,19390,23522,4132,62483,62425
2125,dodecahedron_bevel2_relax_gyro,19234,23499,4265,62306,62437
2126,dodecahedron_bevel2_relax_gyro,19397,23695,4298,62630,62656
2127,dodecahedron_bevel2_relax_gyro,19285,23386,4101,62349,62142
2128,dodecahedron_bevel2_relax_gyro,19108,23210,4102,62284,62282
2129,dodecahedron_bevel2_relax_gyro,18909,23027,4118,61992,61988
2130,dodecahedron_bevel2_relax_gyro,18934,23069,4135,62540,62539
2131,dodecahedron_bevel2_relax_gyro,18976,23161,4185,62504,62550
2132,dodecahedron_bevel2_relax_gyro,18983,23059,4076,62467,62359
2133,dodecahedron_bevel2_relax_gyro,18816,22728,3912,62295,62128
2134,dodecahedron_bevel2_relax_gyro,18931,22791,3860,62579,62521
2135,dodecahedron_bevel2_relax_gyro,18460,22492,4032,61993,62161
2136,dodecahedron_bevel2_relax_gyro,18819,22703,3884,62820,62668
2137,dodecahedron_bevel2_relax_gyro,18376,22384,4008,62019,62139
2138,dodecahedron_bevel2_relax_gyro,18459,22489,4030,62544,62562
2139,dodecahedron_bevel2_relax_gyro,18246,22207,3961,62248,62177
2140,dodecahedron_bevel2_relax_gyro,18205,22266,4061,62419,62518
2141,dodecahedron_bevel2_relax_gyro,18376,22323,3947,62627,62514
2142,dodecahedron_bevel2_relax_gyro,18293,22243,3950,62378,62378
2143,dodecahedron_bevel2_relax_gyro,18797,22866,4069,63020,63136
2144,dodecahedron_bevel2_relax_gyro,18379,22479,4100,62041,62071
2145,dodecahedron_bevel2_relax_gyro,19000,23068,4068,62798,62766
2146,truncatedIcosidodecahedron_bevel5_relax_hk77,2419,2496,77,45880,41887
2147,truncatedIcosidodecahedron_bevel5_relax_hk77,10807,11320,513,70855,71282
2148,truncatedIcosidodecahedron_bevel5_relax_hk77,11064,11719,655,62707,62857
2149,truncatedIcosidodecahedron_bevel5_relax_hk77,10755,11346,591,62154,62087
2150,truncatedIcosidodecahedron_bevel5_relax_hk77,12975,13529,554,64682,64643
2151,truncatedIcosidodecahedron_bevel5_relax_hk77,15590,16609,1019,65062,65527
2152,truncatedIcosidodecahedron_bevel5_relax_hk77,16217,17398,1181,63071,63239
2153,truncatedIcosidodecahedron_bevel5_relax_hk77,15870,17152,1282,62115,62206
2154,truncatedIcosidodecahedron_bevel5_relax_hk77,16898,18422,1524,63487,63728
2155,truncatedIcosidodecahedron_bevel5_relax_hk77,16470,18008,1538,62025,62044
2156,truncatedIcosidodecahedron_bevel5_relax_hk77,22923,24508,1585,68903,68958
2157,truncatedIcosidodecahedron_bevel5_relax_hk77,19930,21453,1523,59519,59447
2158,truncatedIcosidodecahedron_bevel5_relax_hk77,21235,22933,1698,63745,63933
2159,truncatedIcosidodecahedron_bevel5_relax_hk77,20060,21659,1599,61262,61182
2160,truncatedIcosidodecahedron_bevel5_relax_hk77,21524,23466,1942,63920,64260
2161,truncatedIcosidodecahedron_bevel5_relax_hk77,20532,22196,1664,61109,60849
2162,truncatedIcosidodecahedron_bevel5_relax_hk77,33489,35410,1921,75419,75670
2163,truncatedIcosidodecahedron_bevel5_relax_hk77,16313,18466,2153,45274,45505
2164,truncatedIcosidodecahedron_bevel5_relax_hk77,17577,19810,2233,63722,63794
2165,truncatedIcosidodecahedron_bevel5_relax_hk77,16693,18804,2111,61580,61451
2166,truncatedIcosidodecahedron_bevel5_relax_hk77,31876,34215,2339,77650,77868
2167,truncatedIcosidodecahedron_bevel5_relax_hk77,40503,43083,2580,71085,71320
2168,truncatedIcosidodecahedron_bevel5_relax_hk77,40205,42460,2255,62157,61836
2169,truncatedIcosidodecahedron_bevel5_relax_hk77,36025,37608,1583,58283,57608
2170,truncatedIcosidodecahedron_bevel5_relax_hk77,37903,39442,1539,64394,64346
2171,truncatedIcosidodecahedron_bevel5_relax_hk77,38432,39099,667,62990,62117
2172,truncatedIcosidodecahedron_bevel5_relax_hk77,42556,43043,487,66585,66402
2173,truncatedIcosidodecahedron_bevel5_relax_hk77,41957,42513,556,61863,61929
2174,truncatedIcosidodecahedron_bevel5_relax_hk77,40095,42550,2455,60599,62493
2175,truncatedIcosidodecahedron_bevel5_relax_hk77,34890,37392,2502,57253,57296
2176,truncatedIcosidodecahedron_bevel5_relax_hk77,36671,39164,2493,64244,64224
2177,truncatedIcosidodecahedron_bevel5_relax_hk77,35130,37516,2386,60564,60468
2178,truncatedIcosidodecahedron_bevel5_relax_hk77,36688,39070,2382,64015,64012
2179,truncatedIcosidodecahedron_bevel5_relax_hk77,35556,37987,2431,61328,61374
2180,truncatedIcosidodecahedron_bevel5_relax_hk77,37046,39445,2399,63941,63916
2181,truncatedIcosidodecahedron_bevel5_relax_hk77,36266,38727,2461,61681,61741
2182,truncatedIcosidodecahedron_bevel5_relax_hk77,37384,39876,2492,63581,63608
2183,truncatedIcosidodecahedron_bevel5_relax_hk77,37570,40044,2474,62648,62628
2184,truncatedIcosidodecahedron_bevel5_relax_hk77,38014,40574,2560,62958,63043
2185,truncatedIcosidodecahedron_bevel5_relax_hk77,38754,41309,2555,63201,63195
2186,truncatedIcosidodecahedron_bevel5_relax_hk77,38349,40862,2513,62055,62011
2187,truncatedIcosidodecahedron_bevel5_relax_hk77,39404,42075,2671,63516,63671
2188,truncatedIcosidodecahedron_bevel5_relax_hk77,39290,41819,2529,62347,62196
2189,truncatedIcosidodecahedron_bevel5_relax_hk77,38880,41481,2601,62050,62122
2190,truncatedIcosidodecahedron_bevel5_relax_hk77,39464,42118,2654,63045,63095
2191,truncatedIcosidodecahedron_bevel5_relax_hk77,40151,43145,2994,63136,63484
2192,truncatedIcosidodecahedron_bevel5_relax_hk77,40170,42701,2531,62480,62014
2193,truncatedIcosidodecahedron_bevel5_relax_hk77,40021,42593,2572,62026,62070
2194,truncatedIcosidodecahedron_bevel5_relax_hk77,40534,43275,2741,62972,63142
2195,truncatedIcosidodecahedron_bevel5_relax_hk77,40190,43181,2991,62100,62363
2196,truncatedIcosidodecahedron_bevel5_relax_hk77,39929,42388,2459,62200,61666
2197,truncatedIcosidodecahedron_bevel5_relax_hk77,40142,42679,2537,62729,62748
2198,truncatedIcosidodecahedron_bevel5_relax_hk77,40461,43273,2812,62780,63105
2199,truncatedIcosidodecahedron_bevel5_relax_hk77,38939,41673,2734,60938,60853
2200,truncatedIcosidodecahedron_bevel5_relax_hk77,39031,41389,2358,62552,62173
2201,truncatedIcosidodecahedron_bevel5_relax_hk77,38707,41337,2630,62129,62407
2202,truncatedIcosidodecahedron_bevel5_relax_hk77,39076,41796,2720,62823,62913
2203,truncatedIcosidodecahedron_bevel5_relax_hk77,37551,40139,2588,60918,60801
2204,truncatedIcosidodecahedron_bevel5_relax_hk77,37945,40371,2426,62855,62691
2205,truncatedIcosidodecahedron_bevel5_relax_hk77,37309,39776,2467,61825,61864
2206,truncatedIcosidodecahedron_bevel5_relax_hk77,37553,40114,2561,62692,62791
2207,truncatedIcosidodecahedron_bevel5_relax_hk77,36409,38882,2473,61318,61219
2208,truncatedIcosidodecahedron_bevel5_relax_hk77,36917,39410,2493,62969,62985
2209,truncatedIcosidodecahedron_bevel5_relax_hk77,36174,38754,2580,61447,61521
2210,truncatedIcosidodecahedron_bevel5_relax_hk77,36284,38727,2443,62570,62433
2211,truncatedIcosidodecahedron_bevel5_relax_hk77,36087,38573,2486,62320,62360
2212,truncatedIcosidodecahedron_bevel5_relax_hk77,36292,38788,2496,62666,62675
2213,truncatedIcosidodecahedron_bevel5_relax_hk77,36144,38612,2468,62314,62284
2214,truncatedIcosidodecahedron_bevel5_relax_hk77,36161,38592,2431,62479,62429
2215,truncatedIcosidodecahedron_bevel5_relax_hk77,36473,39044,2571,62779,62911
2216,truncatedIcosidodecahedron_bevel5_relax_hk77,36507,38903,2396,62496,62305
2217,truncatedIcosidodecahedron_bevel5_relax_hk77,36460,38946,2486,62414,62503
2218,truncatedOctahedron_gyro_kis_hk17,1848,1896,48,27850,25410
2219,truncatedOctahedron_gyro_kis_hk17,8294,8605,311,68907,69166
2220,truncatedOctahedron_gyro_kis_hk17,8924,9222,298,63091,63075
2221,truncatedOctahedron_gyro_kis_hk17,8309,8594,285,61846,61832
2222,truncatedOctahedron_gyro_kis_hk17,9472,9762,290,63625,63628
2223,truncatedOctahedron_gyro_kis_hk17,12161,19798,7637,65148,72490
2224,truncatedOctahedron_gyro_kis_hk17,13151,17400,4249,63450,60061
2225,truncatedOctahedron_gyro_kis_hk17,12174,15015,2841,61189,59779
2226,truncatedOctahedron_gyro_kis_hk17,11863,13827,1964,62150,61271
2227,truncatedOctahedron_gyro_kis_hk17,12016,13729,1713,62615,62360
2228,truncatedOctahedron_gyro_kis_hk17,15167,17110,1943,65612,65841
2229,truncatedOctahedron_gyro_kis_hk17,15966,17212,1246,63241,62549
2230,truncatedOctahedron_gyro_kis_hk17,15448,16644,1196,61941,61887
2231,truncatedOctahedron_gyro_kis_hk17,15244,16366,1122,62255,62180
2232,truncatedOctahedron_gyro_kis_hk17,14708,15911,1203,61925,62010
2233,truncatedOctahedron_gyro_kis_hk17,14638,15984,1346,62393,62527
2234,truncatedOctahedron_gyro_kis_hk17,22217,23560,1343,70040,70031
2235,truncatedOctahedron_gyro_kis_hk17,24922,27684,2762,65163,66578
2236,truncatedOctahedron_gyro_kis_hk17,24762,27635,2873,62296,62408
2237,truncatedOctahedron_gyro_kis_hk17,25645,28908,3263,63342,63729
2238,truncatedOctahedron_gyro_kis_hk17,25551,29151,3600,62420,62758
2239,truncatedOctahedron_gyro_kis_hk17,26749,30517,3768,63660,63823
2240,truncatedOctahedron_gyro_kis_hk17,29273,33067,3794,64984,65010
2241,truncatedOctahedron_gyro_kis_hk17,21350,25199,3849,54221,54297
2242,truncatedOctahedron_gyro_kis_hk17,20507,24336,3829,61607,61590
2243,truncatedOctahedron_gyro_kis_hk17,21420,25277,3857,63375,63398
2244,truncatedOctahedron_gyro_kis_hk17,21191,25534,4343,62233,62717
2245,truncatedOctahedron_gyro_kis_hk17,21433,25880,4447,62703,62806
2246,truncatedOctahedron_gyro_kis_hk17,30413,35223,4810,71442,71802
2247,truncatedOctahedron_gyro_kis_hk17,24746,27701,2955,56775,54930
2248,truncatedOctahedron_gyro_kis_hk17,24836,27799,2963,62550,62555
2249,truncatedOctahedron_gyro_kis_hk17,24567,27287,2720,62191,61941
2250,truncatedOctahedron_gyro_kis_hk17,25152,27900,2748,63045,63073
2251,truncatedOctahedron_gyro_kis_hk17,25322,28057,2735,62631,62616
2252,truncatedOctahedron_gyro_kis_hk17,30481,33289,2808,67673,67744
2253,truncatedOctahedron_gyro_kis_hk17,17546,22278,4732,49522,51446
2254,truncatedOctahedron_gyro_kis_hk17,18122,22886,4764,63034,63066
2255,truncatedOctahedron_gyro_kis_hk17,17527,22210,4683,61870,61784
2256,truncatedOctahedron_gyro_kis_hk17,17928,22510,4582,62864,62758
2257,truncatedOctahedron_gyro_kis_hk17,17329,21962,4633,61553,61627
2258,truncatedOctahedron_gyro_kis_hk17,28939,33524,4585,74064,74022
2259,truncatedOctahedron_gyro_kis_hk17,45656,51070,5414,79170,79998
2260,truncatedOctahedron_gyro_kis_hk17,44392,49420,5028,61199,60808
2261,truncatedOctahedron_gyro_kis_hk17,43374,47849,4475,61424,60889
2262,truncatedOctahedron_gyro_kis_hk17,41215,44881,3666,60292,59491
2263,truncatedOctahedron_gyro_kis_hk17,38490,41628,3138,59724,59206
2264,truncatedOctahedron_gyro_kis_hk17,37640,40347,2707,61612,61178
2265,truncatedOctahedron_gyro_kis_hk17,36841,39200,2359,61717,61356
2266,truncatedOctahedron_gyro_kis_hk17,38011,40228,2217,63632,63488
2267,truncatedOctahedron_gyro_kis_hk17,35614,37760,2146,60058,59983
2268,truncatedOctahedron_gyro_kis_hk17,35286,37397,2111,62131,62094
2269,truncatedOctahedron_gyro_kis_hk17,34937,37147,2210,62107,62207
2270,truncatedOctahedron_gyro_kis_hk17,35329,37524,2195,62853,62836
2271,truncatedOctahedron_gyro_kis_hk17,35516,37763,2247,62648,62686
2272,truncatedOctahedron_gyro_kis_hk17,35855,38031,2176,62807,62728
2273,truncatedOctahedron_gyro_kis_hk17,36344,38659,2315,62597,62722
2274,truncatedOctahedron_gyro_kis_hk17,36415,38433,2018,62534,62232
2275,truncatedOctahedron_gyro_kis_hk17,36188,38491,2303,62226,62516
2276,truncatedOctahedron_gyro_kis_hk17,36493,38586,2093,62768,62553
2277,truncatedOctahedron_gyro_kis_hk17,38543,41062,2519,64511,64923
2278,truncatedOctahedron_gyro_kis_hk17,36956,39150,2194,60875,60548
2279,truncatedOctahedron_gyro_kis_hk17,37140,39787,2647,62700,63151
2280,truncatedOctahedron_gyro_kis_hk17,37330,39562,2232,62652,62234
2281,truncatedOctahedron_gyro_kis_hk17,39445,42294,2849,64576,65191
2282,truncatedOctahedron_gyro_kis_hk17,37307,39548,2241,60323,59712
2283,truncatedOctahedron_gyro_kis_hk17,38417,41008,2591,63565,63920
2284,truncatedOctahedron_gyro_kis_hk17,38828,41262,2434,62874,62713
2285,truncatedOctahedron_gyro_kis_hk17,39607,42458,2851,63239,63655
2286,truncatedOctahedron_gyro_kis_hk17,36571,38899,2328,59427,58901
2287,truncatedOctahedron_gyro_kis_hk17,38219,40952,2733,64110,64512
2288,truncatedOctahedron_gyro_kis_hk17,38362,40869,2507,62602,62377
2289,truncatedOctahedron_gyro_kis_hk17,38045,40707,2662,61859,62019
2290,truncatedOctahedron_gyro_kis_hk17,36943,39418,2475,61358,61170
2291,truncatedOctahedron_gyro_kis_hk17,36594,39048,2454,62109,62088
2292,truncatedOctahedron_gyro_kis_hk17,37562,40091,2529,63483,63545
2293,truncatedOctahedron_gyro_kis_hk17,36691,38924,2233,61590,61292
2294,truncatedOctahedron_gyro_kis_hk17,35847,38147,2300,61610,61681
2295,truncatedOctahedron_gyro_kis_hk17,36141,38447,2306,62754,62750
2296,truncatedOctahedron_gyro_kis_hk17,36218,38567,2349,62538,62579
2297,truncatedOctahedron_gyro_kis_hk17,36059,38225,2166,62308,62118
2298,truncatedOctahedron_gyro_kis_hk17,35514,37725,2211,61917,61957
2299,truncatedOctahedron_gyro_kis_hk17,35629,37836,2207,62582,62560
2300,truncatedOctahedron_gyro_kis_hk17,35028,37287,2259,61858,61909
2301,truncatedOctahedron_gyro_kis_hk17,35810,38111,2301,63251,63271
2302,truncatedOctahedron_gyro_kis_hk17,34885,37195,2310,61537,61542
2303,truncatedOctahedron_gyro_kis_hk17,35647,37848,2201,63224,63113
2304,truncatedOctahedron_gyro_kis_hk17,34884,37121,2237,61699,61732
2305,truncatedOctahedron_gyro_kis_hk17,35213,37341,2128,62507,62389
2306,truncatedOctahedron_gyro_kis_hk17,34814,37025,2211,62118,62186
2307,truncatedOctahedron_gyro_kis_hk17,35939,38102,2163,63586,63535
2308,truncatedOctahedron_gyro_kis_hk17,35105,37353,2248,61628,61708
2309,truncatedOctahedron_gyro_kis_hk17,35755,37970,2215,63111,63076
2310,truncatedIcosahedron_ambo_relax_truncate001_hankin59,2072,2064,-8,28778,26553
2311,truncatedIcosahedron_ambo_relax_truncate001_hankin59,9263,9707,444,69651,70098
2312,truncatedIcosahedron_ambo_relax_truncate001_hankin59,8912,9278,366,62109,62030
2313,truncatedIcosahedron_ambo_relax_truncate001_hankin59,9387,9800,413,62935,62982
2314,truncatedIcosahedron_ambo_relax_truncate001_hankin59,9689,10087,398,62764,62746
2315,truncatedIcosahedron_ambo_relax_truncate001_hankin59,12478,13039,561,65246,65398
2316,truncatedIcosahedron_ambo_relax_truncate001_hankin59,11644,12287,643,61627,61700
2317,truncatedIcosahedron_ambo_relax_truncate001_hankin59,12618,13407,789,63435,63577
2318,truncatedIcosahedron_ambo_relax_truncate001_hankin59,12120,13006,886,61964,62048
2319,truncatedIcosahedron_ambo_relax_truncate001_hankin59,13301,14257,956,63629,63699
2320,truncatedIcosahedron_ambo_relax_truncate001_hankin59,15021,15937,916,64234,64192
2321,truncatedIcosahedron_ambo_relax_truncate001_hankin59,11291,12243,952,58372,58400
2322,truncatedIcosahedron_ambo_relax_truncate001_hankin59,10620,11583,963,61786,61794
2323,truncatedIcosahedron_ambo_relax_truncate001_hankin59,10928,11849,921,62768,62724
2324,truncatedIcosahedron_ambo_relax_truncate001_hankin59,14632,15459,827,66163,66050
2325,truncatedIcosahedron_ambo_relax_truncate001_hankin59,15284,16146,862,63102,63141
2326,truncatedIcosahedron_ambo_relax_truncate001_hankin59,15503,16378,875,62672,62680
2327,truncatedIcosahedron_ambo_relax_truncate001_hankin59,15244,16041,797,62203,62122
2328,truncatedIcosahedron_ambo_relax_truncate001_hankin59,15363,16149,786,62580,62552
2329,truncatedIcosahedron_ambo_relax_truncate001_hankin59,15108,15977,869,62204,62287
2330,truncatedIcosahedron_ambo_relax_truncate001_hankin59,25528,26521,993,72881,73003
2331,truncatedIcosahedron_ambo_relax_truncate001_hankin59,34450,34486,36,71375,70417
2332,truncatedIcosahedron_ambo_relax_truncate001_hankin59,34773,34803,30,62787,62772
2333,truncatedIcosahedron_ambo_relax_truncate001_hankin59,34917,34957,40,62661,62668
2334,truncatedIcosahedron_ambo_relax_truncate001_hankin59,35372,35395,23,62922,62896
2335,truncatedIcosahedron_ambo_relax_truncate001_hankin59,36041,36077,36,63130,63141
2336,truncatedIcosahedron_ambo_relax_truncate001_hankin59,36358,36405,47,62777,62788
2337,truncatedIcosahedron_ambo_relax_truncate001_hankin59,35806,35848,42,61613,61610
2338,truncatedIcosahedron_ambo_relax_truncate001_hankin59,39842,39864,22,66498,66473
2339,truncatedIcosahedron_ambo_relax_truncate001_hankin59,35700,35746,46,58311,58336
2340,truncatedIcosahedron_ambo_relax_truncate001_hankin59,36724,36742,18,63481,63449
2341,truncatedIcosahedron_ambo_relax_truncate001_hankin59,35315,35359,44,61055,61066
2342,truncatedIcosahedron_ambo_relax_truncate001_hankin59,36504,36531,27,63651,63630
2343,truncatedIcosahedron_ambo_relax_truncate001_hankin59,35485,35543,58,61443,61462
2344,truncatedIcosahedron_ambo_relax_truncate001_hankin59,36541,36583,42,63519,63489
2345,truncatedIcosahedron_ambo_relax_truncate001_hankin59,35857,35900,43,61783,61775
2346,truncatedIcosahedron_ambo_relax_truncate001_hankin59,37056,37093,37,63661,63650
2347,truncatedIcosahedron_ambo_relax_truncate001_hankin59,36650,36707,57,62111,62126
2348,truncatedIcosahedron_ambo_relax_truncate001_hankin59,38312,38329,17,64129,64083
2349,truncatedIcosahedron_ambo_relax_truncate001_hankin59,37037,37077,40,61186,61205
2350,truncatedIcosahedron_ambo_relax_truncate001_hankin59,37939,37965,26,63362,63347
2351,truncatedIcosahedron_ambo_relax_truncate001_hankin59,38081,38106,25,62600,62600
2352,truncatedIcosahedron_ambo_relax_truncate001_hankin59,40539,40547,8,64920,64900
2353,truncatedIcosahedron_ambo_relax_truncate001_hankin59,38352,38372,20,59920,59913
2354,truncatedIcosahedron_ambo_relax_truncate001_hankin59,39834,39839,5,63943,63926
2355,truncatedIcosahedron_ambo_relax_truncate001_hankin59,38475,38517,42,61103,61136
2356,truncatedIcosahedron_ambo_relax_truncate001_hankin59,41748,41758,10,65735,65701
2357,truncatedIcosahedron_ambo_relax_truncate001_hankin59,38367,38401,34,59081,59100
2358,truncatedIcosahedron_ambo_relax_truncate001_hankin59,42014,42011,-3,66109,66071
2359,truncatedIcosahedron_ambo_relax_truncate001_hankin59,37410,37446,36,57858,57894
2360,truncatedIcosahedron_ambo_relax_truncate001_hankin59,40120,40139,19,65226,65206
2361,truncatedIcosahedron_ambo_relax_truncate001_hankin59,37252,37288,36,59593,59608
2362,truncatedIcosahedron_ambo_relax_truncate001_hankin59,39716,39730,14,64932,64898
2363,truncatedIcosahedron_ambo_relax_truncate001_hankin59,36486,36537,51,59234,59259
2364,truncatedIcosahedron_ambo_relax_truncate001_hankin59,37681,37709,28,63655,63629
2365,truncatedIcosahedron_ambo_relax_truncate001_hankin59,36097,36142,45,60879,60893
2366,truncatedIcosahedron_ambo_relax_truncate001_hankin59,36901,36932,31,63266,63242
2367,truncatedIcosahedron_ambo_relax_truncate001_hankin59,35760,35814,54,61320,61339
2368,truncatedIcosahedron_ambo_relax_truncate001_hankin59,35665,35711,46,62368,62357
2369,truncatedIcosahedron_ambo_relax_truncate001_hankin59,35432,35480,48,61952,61952
2370,truncatedIcosahedron_ambo_relax_truncate001_hankin59,34552,34611,59,61584,61585
2371,truncatedIcosahedron_ambo_relax_truncate001_hankin59,35319,35374,55,63230,63216
2372,truncatedIcosahedron_ambo_relax_truncate001_hankin59,34052,34134,82,61194,61218
2373,truncatedIcosahedron_ambo_relax_truncate001_hankin59,35423,35466,43,63837,63791
2374,truncatedIcosahedron_ambo_relax_truncate001_hankin59,33457,33531,74,60550,60576
2375,truncatedIcosahedron_ambo_relax_truncate001_hankin59,35567,35614,47,64571,64542
2376,truncatedIcosahedron_ambo_relax_truncate001_hankin59,33349,33431,82,60239,60276
2377,truncatedIcosahedron_ambo_relax_truncate001_hankin59,35788,35830,42,64900,64856
2378,truncatedIcosahedron_ambo_relax_truncate001_hankin59,33364,33434,70,60035,60061
2379,truncatedIcosahedron_ambo_relax_truncate001_hankin59,36503,36528,25,65601,65552
2380,truncatedIcosahedron_ambo_relax_truncate001_hankin59,33918,33968,50,59875,59898
2381,truncatedIcosahedron_ambo_relax_truncate001_hankin59,36756,36782,26,65298,65273
2382,truncatedIcosahedron_ambo_relax_truncate001_hankin73,1968,2027,59,27671,27704
2383,truncatedIcosahedron_ambo_relax_truncate001_hankin73,9700,10115,415,70192,70540
2384,truncatedIcosahedron_ambo_relax_truncate001_hankin73,9128,9524,396,61888,61864
2385,truncatedIcosahedron_ambo_relax_truncate001_hankin73,9775,10202,427,62838,62857
2386,truncatedIcosahedron_ambo_relax_truncate001_hankin73,9945,10398,453,62615,62656
2387,truncatedIcosahedron_ambo_relax_truncate001_hankin73,12991,13597,606,65547,65696
2388,truncatedIcosahedron_ambo_relax_truncate001_hankin73,12162,12807,645,61625,61669
2389,truncatedIcosahedron_ambo_relax_truncate001_hankin73,13123,13826,703,63421,63477
2390,truncatedIcosahedron_ambo_relax_truncate001_hankin73,12815,13646,831,62153,62278
2391,truncatedIcosahedron_ambo_relax_truncate001_hankin73,12836,13749,913,62479,62559
2392,truncatedIcosahedron_ambo_relax_truncate001_hankin73,15501,16429,928,65125,65137
2393,truncatedIcosahedron_ambo_relax_truncate001_hankin73,10734,11782,1048,57685,57805
2394,truncatedIcosahedron_ambo_relax_truncate001_hankin73,11017,11976,959,62736,62652
2395,truncatedIcosahedron_ambo_relax_truncate001_hankin73,10686,11727,1041,62130,62207
2396,truncatedIcosahedron_ambo_relax_truncate001_hankin73,14686,15720,1034,66462,66453
2397,truncatedIcosahedron_ambo_relax_truncate001_hankin73,15197,16036,839,62934,62761
2398,truncatedIcosahedron_ambo_relax_truncate001_hankin73,15513,16394,881,62771,62810
2399,truncatedIcosahedron_ambo_relax_truncate001_hankin73,15130,16017,887,62080,62077
2400,truncatedIcosahedron_ambo_relax_truncate001_hankin73,15491,16398,907,62820,62833
2401,truncatedIcosahedron_ambo_relax_truncate001_hankin73,14964,15842,878,61631,61598
2402,truncatedIcosahedron_ambo_relax_truncate001_hankin73,26303,27226,923,73799,73836
2403,truncatedIcosahedron_ambo_relax_truncate001_hankin73,34262,34500,238,70415,69723
2404,truncatedIcosahedron_ambo_relax_truncate001_hankin73,35682,35888,206,63873,63845
2405,truncatedIcosahedron_ambo_relax_truncate001_hankin73,35096,35330,234,61874,61899
2406,truncatedIcosahedron_ambo_relax_truncate001_hankin73,37331,37631,300,64696,64758
2407,truncatedIcosahedron_ambo_relax_truncate001_hankin73,35270,36111,841,60400,60938
2408,truncatedIcosahedron_ambo_relax_truncate001_hankin73,34803,36785,1982,61995,63133
2409,truncatedIcosahedron_ambo_relax_truncate001_hankin73,34308,36712,2404,61967,62387
2410,truncatedIcosahedron_ambo_relax_truncate001_hankin73,37002,39423,2421,65155,65169
2411,truncatedIcosahedron_ambo_relax_truncate001_hankin73,33194,35760,2566,58651,58792
2412,truncatedIcosahedron_ambo_relax_truncate001_hankin73,34231,36714,2483,63498,63414
2413,truncatedIcosahedron_ambo_relax_truncate001_hankin73,33304,35869,2565,61535,61612
2414,truncatedIcosahedron_ambo_relax_truncate001_hankin73,34550,37033,2483,63762,63623
2415,truncatedIcosahedron_ambo_relax_truncate001_hankin73,33677,36212,2535,61590,61687
2416,truncatedIcosahedron_ambo_relax_truncate001_hankin73,34839,37350,2511,63621,63588
2417,truncatedIcosahedron_ambo_relax_truncate001_hankin73,34176,36635,2459,61443,61399
2418,truncatedIcosahedron_ambo_relax_truncate001_hankin73,35031,37557,2526,63317,63381
2419,truncatedIcosahedron_ambo_relax_truncate001_hankin73,34659,37241,2582,62089,62142
2420,truncatedIcosahedron_ambo_relax_truncate001_hankin73,35571,38149,2578,63372,63366
2421,truncatedIcosahedron_ambo_relax_truncate001_hankin73,34935,37521,2586,61821,61823
2422,truncatedIcosahedron_ambo_relax_truncate001_hankin73,35685,38267,2582,63211,63206
2423,truncatedIcosahedron_ambo_relax_truncate001_hankin73,35781,38280,2499,62559,62473
2424,truncatedIcosahedron_ambo_relax_truncate001_hankin73,35957,38605,2648,62637,62785
2425,truncatedIcosahedron_ambo_relax_truncate001_hankin73,36683,39354,2671,63188,63195
2426,truncatedIcosahedron_ambo_relax_truncate001_hankin73,36178,38655,2477,61955,61760
2427,truncatedIcosahedron_ambo_relax_truncate001_hankin73,37724,40524,2800,64007,64326
2428,truncatedIcosahedron_ambo_relax_truncate001_hankin73,36378,39041,2663,61170,61032
2429,truncatedIcosahedron_ambo_relax_truncate001_hankin73,36613,39143,2530,62696,62557
2430,truncatedIcosahedron_ambo_relax_truncate001_hankin73,36115,38542,2427,61963,61856
2431,truncatedIcosahedron_ambo_relax_truncate001_hankin73,37814,40532,2718,64160,64450
2432,truncatedIcosahedron_ambo_relax_truncate001_hankin73,36619,39123,2504,61267,61050
2433,truncatedIcosahedron_ambo_relax_truncate001_hankin73,36526,39027,2501,62080,62085
2434,truncatedIcosahedron_ambo_relax_truncate001_hankin73,36307,38752,2445,62242,62172
2435,truncatedIcosahedron_ambo_relax_truncate001_hankin73,37340,40047,2707,63482,63739
2436,truncatedIcosahedron_ambo_relax_truncate001_hankin73,35846,38437,2591,60967,60848
2437,truncatedIcosahedron_ambo_relax_truncate001_hankin73,36370,38733,2363,62984,62753
2438,truncatedIcosahedron_ambo_relax_truncate001_hankin73,34875,37280,2405,60969,61001
2439,truncatedIcosahedron_ambo_relax_truncate001_hankin73,35912,38505,2593,63497,63671
2440,truncatedIcosahedron_ambo_relax_truncate001_hankin73,34445,36963,2518,60995,60915
2441,truncatedIcosahedron_ambo_relax_truncate001_hankin73,35217,37644,2427,63233,63141
2442,truncatedIcosahedron_ambo_relax_truncate001_hankin73,33937,36331,2394,61240,61199
2443,truncatedIcosahedron_ambo_relax_truncate001_hankin73,34843,37309,2466,63373,63437
2444,truncatedIcosahedron_ambo_relax_truncate001_hankin73,33523,35962,2439,61143,61100
2445,truncatedIcosahedron_ambo_relax_truncate001_hankin73,34524,37034,2510,63463,63531
2446,truncatedIcosahedron_ambo_relax_truncate001_hankin73,33024,35547,2523,60961,60971
2447,truncatedIcosahedron_ambo_relax_truncate001_hankin73,34464,36901,2437,63901,63801
2448,truncatedIcosahedron_ambo_relax_truncate001_hankin73,33184,35751,2567,61180,61307
2449,truncatedIcosahedron_ambo_relax_truncate001_hankin73,34112,36517,2405,63104,62940
2450,truncatedIcosahedron_ambo_relax_truncate001_hankin73,32932,35553,2621,61281,61494
2451,truncatedIcosahedron_ambo_relax_truncate001_hankin73,34240,36751,2511,63770,63645
2452,truncatedIcosahedron_ambo_relax_truncate001_hankin73,33480,35978,2498,61701,61683
2453,truncatedIcosahedron_ambo_relax_truncate001_hankin73,33939,36464,2525,62921,62936
2454,icosahedron_ambo_truncate033_hankin59,1760,1796,36,30289,27791
2455,icosahedron_ambo_truncate033_hankin59,9090,9596,506,69846,70313
2456,icosahedron_ambo_truncate033_hankin59,9001,9566,565,62361,62431
2457,icosahedron_ambo_truncate033_hankin59,9050,9558,508,62510,62450
2458,icosahedron_ambo_truncate033_hankin59,9096,9706,610,62506,62606
2459,icosahedron_ambo_truncate033_hankin59,10070,10447,377,63422,63183
2460,icosahedron_ambo_truncate033_hankin59,9473,9880,407,61862,61884
2461,icosahedron_ambo_truncate033_hankin59,9250,9638,388,62236,62213
2462,icosahedron_ambo_truncate033_hankin59,9057,9428,371,62265,62245
2463,icosahedron_ambo_truncate033_hankin59,9487,9811,324,62890,62838
2464,icosahedron_ambo_truncate033_hankin59,11188,11585,397,64163,64233
2465,icosahedron_ambo_truncate033_hankin59,11012,11482,470,61913,61990
2466,icosahedron_ambo_truncate033_hankin59,10683,11135,452,62130,62099
2467,icosahedron_ambo_truncate033_hankin59,10503,10965,462,62280,62284
2468,icosahedron_ambo_truncate033_hankin59,10272,10740,468,62233,62233
2469,icosahedron_ambo_truncate033_hankin59,10246,10680,434,62487,62453
2470,icosahedron_ambo_truncate033_hankin59,14823,15328,505,67039,67103
2471,icosahedron_ambo_truncate033_hankin59,20542,21047,505,68169,68170
2472,icosahedron_ambo_truncate033_hankin59,20630,21105,475,62550,62517
2473,icosahedron_ambo_truncate033_hankin59,19820,20117,297,61651,61470
2474,icosahedron_ambo_truncate033_hankin59,20693,20920,227,63333,63263
2475,icosahedron_ambo_truncate033_hankin59,20068,20270,202,61836,61808
2476,icosahedron_ambo_truncate033_hankin59,20928,21207,279,63322,63397
2477,icosahedron_ambo_truncate033_hankin59,19349,20011,662,60881,61263
2478,icosahedron_ambo_truncate033_hankin59,21816,22505,689,64929,64953
2479,icosahedron_ambo_truncate033_hankin59,18880,19513,633,59520,59460
2480,icosahedron_ambo_truncate033_hankin59,20099,20773,674,63680,63702
2481,icosahedron_ambo_truncate033_hankin59,18725,19429,704,60730,60764
2482,icosahedron_ambo_truncate033_hankin59,20253,21001,748,64044,64087
2483,icosahedron_ambo_truncate033_hankin59,18728,19397,669,60935,60846
2484,icosahedron_ambo_truncate033_hankin59,20488,21192,704,64221,64253
2485,icosahedron_ambo_truncate033_hankin59,18821,19471,650,60802,60736
2486,icosahedron_ambo_truncate033_hankin59,22369,23176,807,66010,66165
2487,icosahedron_ambo_truncate033_hankin59,18973,19720,747,59064,59001
2488,icosahedron_ambo_truncate033_hankin59,22761,23521,760,66247,66261
2489,icosahedron_ambo_truncate033_hankin59,19852,20620,768,59553,59556
2490,icosahedron_ambo_truncate033_hankin59,22944,23890,946,65554,65731
2491,icosahedron_ambo_truncate033_hankin59,20200,20940,740,59716,59510
2492,icosahedron_ambo_truncate033_hankin59,23267,24160,893,65527,65680
2493,icosahedron_ambo_truncate033_hankin59,20138,20841,703,59331,59147
2494,icosahedron_ambo_truncate033_hankin59,24643,25672,1029,66966,67289
2495,icosahedron_ambo_truncate033_hankin59,20738,21518,780,58554,58304
2496,icosahedron_ambo_truncate033_hankin59,23683,24531,848,65459,65525
2497,icosahedron_ambo_truncate033_hankin59,20816,21534,718,59311,59175
2498,icosahedron_ambo_truncate033_hankin59,25134,26100,966,66770,67025
2499,icosahedron_ambo_truncate033_hankin59,20838,21566,728,58153,57925
2500,icosahedron_ambo_truncate033_hankin59,22609,23374,765,64233,64266
2501,icosahedron_ambo_truncate033_hankin59,21354,22054,700,61205,61138
2502,icosahedron_ambo_truncate033_hankin59,22074,22818,744,63183,63222
2503,icosahedron_ambo_truncate033_hankin59,20479,21173,694,60864,60813
2504,icosahedron_ambo_truncate033_hankin59,21622,22317,695,63602,63602
2505,icosahedron_ambo_truncate033_hankin59,20742,21457,715,61587,61598
2506,icosahedron_ambo_truncate033_hankin59,21183,21887,704,62898,62888
2507,icosahedron_ambo_truncate033_hankin59,20079,20748,669,61357,61319
2508,icosahedron_ambo_truncate033_hankin59,21121,21764,643,63503,63474
2509,icosahedron_ambo_truncate033_hankin59,20124,20813,689,61517,61563
2510,icosahedron_ambo_truncate033_hankin59,20735,21490,755,63074,63127
2511,icosahedron_ambo_truncate033_hankin59,19803,20530,727,61530,61500
2512,icosahedron_ambo_truncate033_hankin59,20630,21333,703,63288,63244
2513,icosahedron_ambo_truncate033_hankin59,19703,20415,712,61252,61265
2514,icosahedron_ambo_truncate033_hankin59,20411,21137,726,63169,63182
2515,icosahedron_ambo_truncate033_hankin59,19721,20514,793,61771,61834
2516,icosahedron_ambo_truncate033_hankin59,20408,21081,673,63146,63027
2517,icosahedron_ambo_truncate033_hankin59,19819,20567,748,61872,61944
2518,icosahedron_ambo_truncate033_hankin59,20295,21083,788,62936,62958
2519,icosahedron_ambo_truncate033_hankin59,20508,21239,731,62674,62615
2520,icosahedron_ambo_truncate033_hankin59,20636,21360,724,62589,62569
2521,icosahedron_ambo_truncate033_hankin59,20687,21345,658,62511,62441
2522,dodecahedron_hk35_ambo_hk62_ambo_relax_hk42,1772,1775,3,43547,42887
2523,dodecahedron_hk35_ambo_hk62_ambo_relax_hk42,8659,8922,263,69409,69669
2524,dodecahedron_hk35_ambo_hk62_ambo_relax_hk42,8057,8354,297,61858,61892
2525,dodecahedron_hk35_ambo_hk62_ambo_relax_hk42,8634,8947,313,63037,63053
2526,dodecahedron_hk35_ambo_hk62_ambo_relax_hk42,8288,8625,337,62117,62137
2527,dodecahedron_hk35_ambo_hk62_ambo_relax_hk42,15232,15520,288,69397,69351
2528,dodecahedron_hk35_ambo_hk62_ambo_relax_hk42,14419,14584,165,61647,61524
2529,dodecahedron_hk35_ambo_hk62_ambo_relax_hk42,13865,14126,261,61554,61651
2530,dodecahedron_hk35_ambo_hk62_ambo_relax_hk42,13678,13938,260,62271,62271
2531,dodecahedron_hk35_ambo_hk62_ambo_relax_hk42,12920,13195,275,61704,61715
2532,dodecahedron_hk35_ambo_hk62_ambo_relax_hk42,13741,13985,244,63283,63248
2533,dodecahedron_hk35_ambo_hk62_ambo_relax_hk42,13503,13982,479,62222,62455
2534,dodecahedron_hk35_ambo_hk62_ambo_relax_hk42,17305,17657,352,66264,66132
2535,dodecahedron_hk35_ambo_hk62_ambo_relax_hk42,15592,15959,367,60739,60743
2536,dodecahedron_hk35_ambo_hk62_ambo_relax_hk42,16342,16669,327,63192,63164
2537,dodecahedron_hk35_ambo_hk62_ambo_relax_hk42,14973,15314,341,61145,61154
2538,dodecahedron_hk35_ambo_hk62_ambo_relax_hk42,15087,15457,370,62574,62601
2539,dodecahedron_hk35_ambo_hk62_ambo_relax_hk42,14454,14820,366,61827,61822
2540,dodecahedron_hk35_ambo_hk62_ambo_relax_hk42,18970,19316,346,66976,66952
2541,dodecahedron_hk35_ambo_hk62_ambo_relax_hk42,21735,22341,606,65215,65468
2542,dodecahedron_hk35_ambo_hk62_ambo_relax_hk42,22063,22585,522,62788,62702
2543,dodecahedron_hk35_ambo_hk62_ambo_relax_hk42,20796,21102,306,61193,60976
2544,dodecahedron_hk35_ambo_hk62_ambo_relax_hk42,22323,22492,169,63980,63850
2545,dodecahedron_hk35_ambo_hk62_ambo_relax_hk42,21526,21740,214,61367,61420
2546,dodecahedron_hk35_ambo_hk62_ambo_relax_hk42,21178,21879,701,62114,62597
2547,dodecahedron_hk35_ambo_hk62_ambo_relax_hk42,20424,21163,739,61707,61743
2548,dodecahedron_hk35_ambo_hk62_ambo_relax_hk42,30215,31032,817,72254,72329
2549,dodecahedron_hk35_ambo_hk62_ambo_relax_hk42,27725,28776,1051,59961,60194
2550,dodecahedron_hk35_ambo_hk62_ambo_relax_hk42,28588,29753,1165,63376,63486
2551,dodecahedron_hk35_ambo_hk62_ambo_relax_hk42,26298,27426,1128,60172,60129
2552,dodecahedron_hk35_ambo_hk62_ambo_relax_hk42,26024,27369,1345,62186,62400
2553,dodecahedron_hk35_ambo_hk62_ambo_relax_hk42,24883,26178,1295,61309,61265
2554,dodecahedron_hk35_ambo_hk62_ambo_relax_hk42,37335,38737,1402,74917,75015
2555,dodecahedron_hk35_ambo_hk62_ambo_relax_hk42,19974,21704,1730,45092,45420
2556,dodecahedron_hk35_ambo_hk62_ambo_relax_hk42,20291,22046,1755,62778,62794
2557,dodecahedron_hk35_ambo_hk62_ambo_relax_hk42,20140,21817,1677,62310,62208
2558,dodecahedron_hk35_ambo_hk62_ambo_relax_hk42,41306,43133,1827,83628,83775
2559,dodecahedron_hk35_ambo_hk62_ambo_relax_hk42,49581,51735,2154,70727,71053
2560,dodecahedron_hk35_ambo_hk62_ambo_relax_hk42,45057,46755,1698,57939,57478
2561,dodecahedron_hk35_ambo_hk62_ambo_relax_hk42,43618,45076,1458,60730,60490
2562,dodecahedron_hk35_ambo_hk62_ambo_relax_hk42,44462,45371,909,63307,62755
2563,dodecahedron_hk35_ambo_hk62_ambo_relax_hk42,42832,43530,698,60832,60617
2564,dodecahedron_hk35_ambo_hk62_ambo_relax_hk42,44125,44876,751,63807,63859
2565,dodecahedron_hk35_ambo_hk62_ambo_relax_hk42,43191,44049,858,61526,61630
2566,dodecahedron_hk35_ambo_hk62_ambo_relax_hk42,46224,47044,820,65494,65455
2567,dodecahedron_hk35_ambo_hk62_ambo_relax_hk42,40690,41491,801,56924,56901
2568,dodecahedron_hk35_ambo_hk62_ambo_relax_hk42,41825,42676,851,63597,63636
2569,dodecahedron_hk35_ambo_hk62_ambo_relax_hk42,40642,41478,836,61279,61259
2570,dodecahedron_hk35_ambo_hk62_ambo_relax_hk42,42100,42934,834,63918,63915
2571,dodecahedron_hk35_ambo_hk62_ambo_relax_hk42,41213,41995,782,61574,61503
2572,dodecahedron_hk35_ambo_hk62_ambo_relax_hk42,42710,43519,809,63954,63983
2573,dodecahedron_hk35_ambo_hk62_ambo_relax_hk42,41734,42595,861,61484,61535
2574,dodecahedron_hk35_ambo_hk62_ambo_relax_hk42,43093,43966,873,63821,63831
2575,dodecahedron_hk35_ambo_hk62_ambo_relax_hk42,42297,43183,886,61662,61676
2576,dodecahedron_hk35_ambo_hk62_ambo_relax_hk42,43641,44559,918,63806,63835
2577,dodecahedron_hk35_ambo_hk62_ambo_relax_hk42,42625,43549,924,61144,61153
2578,dodecahedron_hk35_ambo_hk62_ambo_relax_hk42,43734,44655,921,63570,63564
2579,dodecahedron_hk35_ambo_hk62_ambo_relax_hk42,43219,44222,1003,61947,62014
2580,dodecahedron_hk35_ambo_hk62_ambo_relax_hk42,44804,45719,915,64045,63944
2581,dodecahedron_hk35_ambo_hk62_ambo_relax_hk42,43876,44852,976,61534,61592
2582,dodecahedron_hk35_ambo_hk62_ambo_relax_hk42,44797,45779,982,63382,63385
2583,dodecahedron_hk35_ambo_hk62_ambo_relax_hk42,44669,45708,1039,62332,62389
2584,dodecahedron_hk35_ambo_hk62_ambo_relax_hk42,46771,47753,982,64553,64502
2585,dodecahedron_hk35_ambo_hk62_ambo_relax_hk42,45366,46405,1039,61056,61113
2586,dodecahedron_hk35_ambo_hk62_ambo_relax_hk42,46009,46989,980,63105,63031
2587,dodecahedron_hk35_ambo_hk62_ambo_relax_hk42,45869,46860,991,62322,62330
2588,dodecahedron_hk35_ambo_hk62_ambo_relax_hk42,47367,48361,994,63958,63949
2589,dodecahedron_hk35_ambo_hk62_ambo_relax_hk42,45462,46459,997,60556,60556
2590,dodecahedron_hk35_ambo_hk62_ambo_relax_hk42,46326,47328,1002,63324,63327
2591,dodecahedron_hk35_ambo_hk62_ambo_relax_hk42,44720,45671,951,60912,60846
2592,dodecahedron_hk35_ambo_hk62_ambo_relax_hk42,45826,46800,974,63566,63588
2593,dodecahedron_hk35_ambo_hk62_ambo_relax_hk42,44008,44912,904,60354,60294
2594,dodecahedron_hk35_ambo_hk62_ambo_relax_hk42,44227,45214,987,62676,62761
2595,dodecahedron_hk35_ambo_hk62_ambo_relax_hk42,42573,43481,908,60798,60724
2596,dodecahedron_hk35_ambo_hk62_ambo_relax_hk42,43963,44901,938,63851,63877
2597,dodecahedron_hk35_ambo_hk62_ambo_relax_hk42,42068,42914,846,60564,60471
2598,dodecahedron_hk35_ambo_hk62_ambo_relax_hk42,42687,43622,935,63069,63166
2599,dodecahedron_hk35_ambo_hk62_ambo_relax_hk42,40981,41862,881,60754,60700
2600,dodecahedron_hk35_ambo_hk62_ambo_relax_hk42,42661,43563,902,64142,64159
2601,dodecahedron_hk35_ambo_hk62_ambo_relax_hk42,39966,40831,865,59766,59728
2602,dodecahedron_hk35_ambo_hk62_ambo_relax_hk42,42014,42898,884,64507,64527
2603,dodecahedron_hk35_ambo_hk62_ambo_relax_hk42,38932,39738,806,59381,59300
2604,dodecahedron_hk35_ambo_hk62_ambo_relax_hk42,41835,42760,925,65424,65535
2605,dodecahedron_hk35_ambo_hk62_ambo_relax_hk42,38655,39508,853,59282,59206
2606,dodecahedron_hk35_ambo_hk62_ambo_relax_hk42,41702,42617,915,65508,65568
2607,dodecahedron_hk35_ambo_hk62_ambo_relax_hk42,38758,39626,868,59517,59467
2608,dodecahedron_hk35_ambo_hk62_ambo_relax_hk42,41600,42464,864,65301,65296
2609,dodecahedron_hk35_ambo_hk62_ambo_relax_hk42,38520,39384,864,59100,59091
2610,octahedron_hk17_ambo_hk73,1754,1760,6,25694,24836
2611,octahedron_hk17_ambo_hk73,7849,8101,252,68564,68800
2612,octahedron_hk17_ambo_hk73,7538,7839,301,62156,62199
2613,octahedron_hk17_ambo_hk73,7848,8146,298,62772,62764
2614,octahedron_hk17_ambo_hk73,7500,7827,327,62120,62138
2615,octahedron_hk17_ambo_hk73,16555,16852,297,71513,71478
2616,octahedron_hk17_ambo_hk73,14926,15231,305,60830,60836
2617,octahedron_hk17_ambo_hk73,15923,16191,268,63459,63416
2618,octahedron_hk17_ambo_hk73,14155,14408,253,60745,60730
2619,octahedron_hk17_ambo_hk73,15337,15548,211,63644,63600
2620,octahedron_hk17_ambo_hk73,13544,13732,188,60668,60642
2621,octahedron_hk17_ambo_hk73,14864,15061,197,63781,63771
2622,octahedron_hk17_ambo_hk73,15118,15356,238,62717,62752
2623,octahedron_hk17_ambo_hk73,15844,16021,177,63178,63108
2624,octahedron_hk17_ambo_hk73,13813,14020,207,60422,60438
2625,octahedron_hk17_ambo_hk73,13900,14071,171,62211,62150
2626,octahedron_hk17_ambo_hk73,12072,12337,265,60631,60722
2627,octahedron_hk17_ambo_hk73,12312,12515,203,62701,62637
2628,octahedron_hk17_ambo_hk73,14084,14375,291,64233,64315
2629,octahedron_hk17_ambo_hk73,19613,20011,398,67979,68086
2630,octahedron_hk17_ambo_hk73,17418,17743,325,60269,60191
2631,octahedron_hk17_ambo_hk73,18085,18362,277,63183,63078
2632,octahedron_hk17_ambo_hk73,19598,19707,109,63974,63856
2633,octahedron_hk17_ambo_hk73,19907,20111,204,62771,62863
2634,octahedron_hk17_ambo_hk73,21126,21324,198,63680,63671
2635,octahedron_hk17_ambo_hk73,19009,19685,676,60344,60819
2636,octahedron_hk17_ambo_hk73,20655,21375,720,64106,64150
2637,octahedron_hk17_ambo_hk73,19003,19761,758,60806,60840
2638,octahedron_hk17_ambo_hk73,19058,19795,737,62520,62484
2639,octahedron_hk17_ambo_hk73,19208,19932,724,62600,62588
2640,octahedron_hk17_ambo_hk73,19097,19841,744,62350,62358
2641,octahedron_hk17_ambo_hk73,19302,19998,696,62323,62263
2642,octahedron_hk17_ambo_hk73,19104,19809,705,62262,62268
2643,octahedron_hk17_ambo_hk73,19387,20087,700,62744,62736
2644,octahedron_hk17_ambo_hk73,19883,20566,683,62957,62940
2645,octahedron_hk17_ambo_hk73,18202,18847,645,60832,60795
2646,octahedron_hk17_ambo_hk73,19829,20475,646,64077,64068
2647,octahedron_hk17_ambo_hk73,18039,18680,641,60672,60664
2648,octahedron_hk17_ambo_hk73,19904,20544,640,64326,64324
2649,octahedron_hk17_ambo_hk73,18347,18968,621,60905,60881
2650,octahedron_hk17_ambo_hk73,19720,20324,604,63833,63816
2651,octahedron_hk17_ambo_hk73,18273,18852,579,61014,60985
2652,octahedron_hk17_ambo_hk73,20368,21041,673,64557,64648
2653,octahedron_hk17_ambo_hk73,18486,19066,580,60573,60485
2654,octahedron_hk17_ambo_hk73,20081,20713,632,64055,64096
2655,octahedron_hk17_ambo_hk73,18376,18904,528,60757,60650
2656,octahedron_hk17_ambo_hk73,20337,20971,634,64424,64524
2657,octahedron_hk17_ambo_hk73,18345,18897,552,60185,60102
2658,octahedron_hk17_ambo_hk73,20096,20683,587,64214,64244
2659,octahedron_hk17_ambo_hk73,18518,19125,607,60937,60954
2660,octahedron_hk17_ambo_hk73,20101,20731,630,64043,64064
2661,octahedron_hk17_ambo_hk73,18787,19300,513,61144,61023
2662,octahedron_hk17_ambo_hk73,19640,20304,664,63314,63462
2663,octahedron_hk17_ambo_hk73,18203,18852,649,61025,61007
2664,octahedron_hk17_ambo_hk73,19310,20058,748,63556,63664
2665,octahedron_hk17_ambo_hk73,18280,18853,573,61431,61253
2666,octahedron_hk17_ambo_hk73,19215,19832,617,63398,63437
2667,octahedron_hk17_ambo_hk73,17952,18571,619,61198,61196
2668,octahedron_hk17_ambo_hk73,18745,19451,706,63257,63332
2669,octahedron_hk17_ambo_hk73,18043,18678,635,61759,61686
2670,octahedron_hk17_ambo_hk73,18892,19613,721,63311,63394
2671,octahedron_hk17_ambo_hk73,17725,18370,645,61293,61214
2672,octahedron_hk17_ambo_hk73,18699,19393,694,63488,63534
2673,octahedron_hk17_ambo_hk73,17632,18320,688,61128,61096
2674,octahedron_hk17_ambo_hk73,18643,19329,686,63473,63466
2675,octahedron_hk17_ambo_hk73,17480,18144,664,61295,61273
2676,octahedron_hk17_ambo_hk73,18510,19241,731,63492,63555
2677,octahedron_hk17_ambo_hk73,17916,18548,632,61867,61766
2678,octahedron_hk17_ambo_hk73,18780,19495,715,63326,63407
2679,octahedron_hk17_ambo_hk73,18047,18705,658,61729,61657
2680,icosahedron_kis_gyro,1769,1739,-30,46189,45492
2681,icosahedron_kis_gyro,8683,9195,512,69375,69914
2682,icosahedron_kis_gyro,8900,9355,455,62679,62618
2683,icosahedron_kis_gyro,8686,9200,514,62247,62304
2684,icosahedron_kis_gyro,8949,9379,430,62725,62639
2685,icosahedron_kis_gyro,9662,10055,393,63162,63127
2686,icosahedron_kis_gyro,9276,9634,358,62129,62088
2687,icosahedron_kis_gyro,8766,9185,419,61951,62003
2688,icosahedron_kis_gyro,8793,9248,455,62494,62517
2689,icosahedron_kis_gyro,9180,9554,374,62489,62409
2690,icosahedron_kis_gyro,10665,11085,420,63946,63985
2691,icosahedron_kis_gyro,8448,8911,463,60240,60276
2692,icosahedron_kis_gyro,8563,9101,538,62567,62644
2693,icosahedron_kis_gyro,8489,8953,464,62387,62299
2694,icosahedron_kis_gyro,8527,9044,517,62498,62550
2695,icosahedron_kis_gyro,8499,8991,492,62432,62404
2696,icosahedron_kis_gyro,10304,10791,487,64272,64260
2697,icosahedron_kis_gyro,9838,10281,443,61977,61941
2698,icosahedron_kis_gyro,10036,10502,466,62649,62674
2699,icosahedron_kis_gyro,9293,9673,380,61771,61681
2700,icosahedron_kis_gyro,9728,10071,343,62877,62848
2701,icosahedron_kis_gyro,9423,9703,280,62154,62085
2702,icosahedron_kis_gyro,11547,11820,273,64589,64571
2703,icosahedron_kis_gyro,9440,9703,263,60352,60337
2704,icosahedron_kis_gyro,9653,9934,281,62672,62686
2705,icosahedron_kis_gyro,9201,9493,292,61714,61730
2706,icosahedron_kis_gyro,9493,9850,357,62759,62814
2707,icosahedron_kis_gyro,9265,9662,397,62233,62265
2708,icosahedron_kis_gyro,11818,12122,304,65014,64920
2709,icosahedron_kis_gyro,13510,14175,665,64142,64488
2710,icosahedron_kis_gyro,13675,14389,714,62627,62672
2711,icosahedron_kis_gyro,13572,14396,824,62358,62463
2712,icosahedron_kis_gyro,13796,14715,919,62685,62771
2713,icosahedron_kis_gyro,14013,15010,997,62729,62802
2714,icosahedron_kis_gyro,15554,16515,961,64001,63964
2715,icosahedron_kis_gyro,10912,12000,1088,57804,57934
2716,icosahedron_kis_gyro,11083,11927,844,62633,62386
2717,icosahedron_kis_gyro,14834,15642,808,66194,66174
2718,icosahedron_kis_gyro,15209,16348,1139,62834,63167
2719,icosahedron_kis_gyro,16232,17490,1258,63482,63599
2720,icosahedron_kis_gyro,18461,20075,1614,64689,65043
2721,icosahedron_kis_gyro,17097,18232,1135,60777,60325
2722,icosahedron_kis_gyro,15720,16833,1113,61072,61051
2723,icosahedron_kis_gyro,14191,15241,1050,60925,60852
2724,icosahedron_kis_gyro,14044,15347,1303,62314,62558
2725,icosahedron_kis_gyro,14612,15732,1120,63029,62844
2726,icosahedron_kis_gyro,17514,18780,1266,65416,65556
2727,icosahedron_kis_gyro,11102,13188,2086,56047,56868
2728,icosahedron_kis_gyro,12424,14616,2192,63783,63887
2729,icosahedron_kis_gyro,11157,13229,2072,61194,61073
2730,icosahedron_kis_gyro,12546,14780,2234,63856,64010
2731,icosahedron_kis_gyro,11188,13302,2114,61093,60980
2732,icosahedron_kis_gyro,15850,18121,2271,67123,67279
2733,icosahedron_kis_gyro,25475,52233,26758,72081,96565
2734,icosahedron_kis_gyro,26443,47170,20727,63427,57395
2735,icosahedron_kis_gyro,21869,36633,14764,57876,51920
2736,icosahedron_kis_gyro,20249,31197,10948,60841,57023
2737,icosahedron_kis_gyro,18701,26610,7909,60603,57578
2738,icosahedron_kis_gyro,23778,31267,7489,67538,67114
2739,icosahedron_kis_gyro,25848,28621,2773,64527,59801
2740,icosahedron_kis_gyro,24164,26848,2684,60828,60719
2741,icosahedron_kis_gyro,25016,27659,2643,63311,63269
2742,icosahedron_kis_gyro,24553,27001,2448,61998,61800
2743,icosahedron_kis_gyro,26144,28830,2686,64052,64285
2744,icosahedron_kis_gyro,28270,30732,2462,64588,64362
2745,icosahedron_kis_gyro,22886,28161,5275,57071,59878
2746,icosahedron_kis_gyro,21799,26674,4875,61373,60973
2747,icosahedron_kis_gyro,20213,25640,5427,60875,61423
2748,icosahedron_kis_gyro,20313,25355,5042,62563,62174
2749,icosahedron_kis_gyro,19944,25022,5078,62092,62126
2750,icosahedron_kis_gyro,28064,33040,4976,70578,70476
2751,icosahedron_kis_gyro,24679,29602,4923,59054,59015
2752,icosahedron_kis_gyro,24864,29199,4335,62638,62056
2753,icosahedron_kis_gyro,23807,27969,4162,61091,60939
2754,icosahedron_kis_gyro,24314,27687,3373,63015,62230
2755,icosahedron_kis_gyro,23900,27203,3303,62046,61974
2756,icosahedron_kis_gyro,25971,28990,3019,64531,64245
2757,icosahedron_kis_gyro,14858,18199,3341,51340,51660
2758,icosahedron_kis_gyro,15275,18611,3336,62882,62850
2759,icosahedron_kis_gyro,14861,18166,3305,62049,62015
2760,icosahedron_kis_gyro,15283,18619,3336,62883,62913
2761,icosahedron_kis_gyro,14898,18313,3415,62069,62145
2762,icosahedron_kis_gyro,15176,18508,3332,62742,62653
2763,icosahedron_kis_gyro,16439,19504,3065,63715,63453
2764,icosahedron_kis_gyro,15673,19012,3339,61695,61955
2765,icosahedron_kis_gyro,15463,18897,3434,62251,62343
2766,icosahedron_kis_gyro,16161,19594,3433,63161,63157
2767,icosahedron_kis_gyro,16932,20212,3280,63286,63132
2768,icosahedron_kis_gyro,16284,19877,3593,61814,62122
2769,icosahedron_kis_gyro,16680,20169,3489,62504,62404
2770,icosahedron_kis_gyro,16983,20066,3083,62763,62355
2771,icosahedron_kis_gyro,16716,19888,3172,62196,62282
2772,icosahedron_kis_gyro,15967,19708,3741,61712,62279
2773,icosahedron_kis_gyro,17657,20892,3235,64150,63644
2774,icosahedron_kis_gyro,16792,20031,3239,61597,61600
2775,icosahedron_kis_gyro,16852,19926,3074,62519,62354
2776,icosahedron_kis_gyro,16032,19827,3795,61641,62350
2777,icosahedron_kis_gyro,17987,21086,3099,64403,63716
2778,icosahedron_kis_gyro,16773,19995,3222,61246,61366
2779,icosahedron_kis_gyro,15653,18921,3268,61343,61385
2780,icosahedron_kis_gyro,15642,19123,3481,62450,62661
2781,icosahedron_kis_gyro,16082,19424,3342,62958,62803
2782,icosahedron_kis_gyro,15627,19137,3510,62006,62173
2783,icosahedron_kis_gyro,15905,19189,3284,62740,62511
2784,icosahedron_kis_gyro,15655,18958,3303,62209,62227
2785,icosahedron_kis_gyro,15880,19008,3128,62422,62221
2786,icosahedron_kis_gyro,16000,19222,3222,62581,62672
2787,icosahedron_kis_gyro,15437,18855,3418,61899,62091
2788,icosahedron_kis_gyro,15734,18909,3175,62765,62511
2789,icosahedron_kis_gyro,15276,18731,3455,62004,62280
2790,icosahedron_kis_gyro,15590,18802,3212,62775,62531
2791,icosahedron_kis_gyro,15243,18665,3422,62103,62321
2792,icosahedron_kis_gyro,15543,18725,3182,62761,62519
2793,icosahedron_kis_gyro,15257,18739,3482,62175,62473
2794,icosahedron_kis_gyro,15439,18671,3232,62697,62443
2795,icosahedron_kis_gyro,15224,18771,3547,62247,62559
2796,icosahedron_kis_gyro,15372,18567,3195,62614,62255
2797,icosahedron_kis_gyro,15675,19108,3433,62763,63000
2798,icosahedron_kis_gyro,15634,18834,3200,62420,62185
2799,icosahedron_kis_gyro,15745,19096,3351,62571,62722
2800,truncatedIcosidodecahedron_truncate50d_ambo_dual,2493,2519,26,49209,45883
2801,truncatedIcosidodecahedron_truncate50d_ambo_dual,10902,11392,490,70585,71039
2802,truncatedIcosidodecahedron_truncate50d_ambo_dual,11165,11704,539,62723,62771
2803,truncatedIcosidodecahedron_truncate50d_ambo_dual,10951,11463,512,62247,62207
2804,truncatedIcosidodecahedron_truncate50d_ambo_dual,13319,13961,642,64829,64957
2805,truncatedIcosidodecahedron_truncate50d_ambo_dual,16090,17128,1038,65229,65610
2806,truncatedIcosidodecahedron_truncate50d_ambo_dual,16110,17417,1307,62475,62738
2807,truncatedIcosidodecahedron_truncate50d_ambo_dual,16767,18069,1302,63118,63111
2808,truncatedIcosidodecahedron_truncate50d_ambo_dual,25588,27033,1445,71337,71477
2809,truncatedIcosidodecahedron_truncate50d_ambo_dual,29448,31072,1624,66319,66496
2810,truncatedIcosidodecahedron_truncate50d_ambo_dual,38632,40266,1634,71644,71651
2811,truncatedIcosidodecahedron_truncate50d_ambo_dual,50859,53763,2904,74679,75945
2812,truncatedIcosidodecahedron_truncate50d_ambo_dual,48741,51942,3201,60339,60636
2813,truncatedIcosidodecahedron_truncate50d_ambo_dual,46986,50574,3588,60705,61090
2814,truncatedIcosidodecahedron_truncate50d_ambo_dual,45287,49530,4243,60761,61415
2815,truncatedIcosidodecahedron_truncate50d_ambo_dual,33637,38015,4378,50811,50945
2816,truncatedIcosidodecahedron_truncate50d_ambo_dual,46015,50528,4513,74840,74970
2817,truncatedIcosidodecahedron_truncate50d_ambo_dual,40129,44985,4856,56219,56562
2818,truncatedIcosidodecahedron_truncate50d_ambo_dual,39086,44107,5021,61406,61577
2819,truncatedIcosidodecahedron_truncate50d_ambo_dual,38224,43290,5066,61598,61642
2820,truncatedIcosidodecahedron_truncate50d_ambo_dual,37744,42907,5163,61981,62076
2821,truncatedIcosidodecahedron_truncate50d_ambo_dual,37400,42590,5190,62160,62195
2822,truncatedIcosidodecahedron_truncate50d_ambo_dual,42418,47557,5139,67477,67426
2823,truncatedIcosidodecahedron_truncate50d_ambo_dual,31621,38333,6712,51657,53229
2824,truncatedIcosidodecahedron_truncate50d_ambo_dual,31859,38982,7123,62703,63106
2825,truncatedIcosidodecahedron_truncate50d_ambo_dual,32610,40650,8040,63211,64123
2826,truncatedIcosidodecahedron_truncate50d_ambo_dual,33342,42606,9264,63194,64414
2827,truncatedIcosidodecahedron_truncate50d_ambo_dual,34128,43665,9537,63254,63516
2828,truncatedIcosidodecahedron_truncate50d_ambo_dual,50283,60695,10412,78617,79489
2829,truncatedIcosidodecahedron_truncate50d_ambo_dual,42152,51715,9563,54316,53472
2830,truncatedIcosidodecahedron_truncate50d_ambo_dual,41745,50906,9161,62054,61648
2831,truncatedIcosidodecahedron_truncate50d_ambo_dual,41532,49640,8108,62249,61170
2832,truncatedIcosidodecahedron_truncate50d_ambo_dual,41925,49172,7247,62854,61989
2833,truncatedIcosidodecahedron_truncate50d_ambo_dual,42722,49425,6703,62951,62424
2834,truncatedIcosidodecahedron_truncate50d_ambo_dual,43713,49841,6128,63451,62877
2835,truncatedIcosidodecahedron_truncate50d_ambo_dual,25884,39627,13743,44682,52300
2836,truncatedIcosidodecahedron_truncate50d_ambo_dual,24725,38340,13615,61296,61171
2837,truncatedIcosidodecahedron_truncate50d_ambo_dual,26481,39983,13502,64207,64100
2838,truncatedIcosidodecahedron_truncate50d_ambo_dual,25559,38743,13184,61539,61219
2839,truncatedIcosidodecahedron_truncate50d_ambo_dual,27113,40456,13343,64016,64164
2840,truncatedIcosidodecahedron_truncate50d_ambo_dual,25914,39404,13490,61261,61406
2841,truncatedIcosidodecahedron_truncate50d_ambo_dual,26693,40184,13491,63245,63237
2842,truncatedIcosidodecahedron_truncate50d_ambo_dual,26912,40261,13349,62680,62534
2843,truncatedIcosidodecahedron_truncate50d_ambo_dual,26142,40549,14407,61691,62747
2844,truncatedIcosidodecahedron_truncate50d_ambo_dual,28370,41691,13321,64690,63600
2845,truncatedIcosidodecahedron_truncate50d_ambo_dual,26689,40721,14032,60779,61488
2846,truncatedIcosidodecahedron_truncate50d_ambo_dual,26499,40229,13730,62271,61968
2847,truncatedIcosidodecahedron_truncate50d_ambo_dual,26229,39943,13714,62190,62171
2848,truncatedIcosidodecahedron_truncate50d_ambo_dual,29348,43050,13702,65634,65566
2849,truncatedIcosidodecahedron_truncate50d_ambo_dual,25786,39466,13680,58552,58590
2850,truncatedIcosidodecahedron_truncate50d_ambo_dual,26297,40501,14204,62971,63484
2851,truncatedIcosidodecahedron_truncate50d_ambo_dual,27238,39859,12621,63402,61815
2852,truncatedIcosidodecahedron_truncate50d_ambo_dual,28750,42742,13992,63975,65340
2853,truncatedIcosidodecahedron_truncate50d_ambo_dual,26922,40690,13768,60634,60408
2854,truncatedIcosidodecahedron_truncate50d_ambo_dual,26765,40672,13907,62303,62442
2855,truncatedIcosidodecahedron_truncate50d_ambo_dual,28065,40334,12269,63759,62120
2856,truncatedIcosidodecahedron_truncate50d_ambo_dual,26662,40945,14283,61058,63058
2857,truncatedIcosidodecahedron_truncate50d_ambo_dual,26183,39852,13669,61981,61365
2858,truncatedIcosidodecahedron_truncate50d_ambo_dual,25845,39162,13317,62129,61768
2859,truncatedIcosidodecahedron_truncate50d_ambo_dual,25919,37943,12024,62530,61235
2860,truncatedIcosidodecahedron_truncate50d_ambo_dual,25808,39222,13414,62349,63735
2861,truncatedIcosidodecahedron_truncate50d_ambo_dual,25687,38966,13279,62339,62203
2862,truncatedIcosidodecahedron_truncate50d_ambo_dual,25488,38644,13156,62310,62189
2863,truncatedIcosidodecahedron_truncate50d_ambo_dual,25565,38234,12669,62539,62048
2864,truncatedIcosidodecahedron_truncate50d_ambo_dual,25470,38664,13194,62356,62889
2865,truncatedIcosidodecahedron_truncate50d_ambo_dual,25499,38264,12765,62209,61783
2866,truncatedIcosidodecahedron_truncate50d_ambo_dual,25413,38556,13143,62377,62750
2867,truncatedIcosidodecahedron_truncate50d_ambo_dual,25585,38326,12741,62634,62227
2868,truncatedIcosidodecahedron_truncate50d_ambo_dual,25473,38607,13134,62351,62740
2869,truncatedIcosidodecahedron_truncate50d_ambo_dual,25514,38365,12851,62503,62204
2870,truncatedIcosidodecahedron_truncate50d_ambo_dual,25323,38596,13273,62269,62691
2871,truncatedIcosidodecahedron_truncate50d_ambo_dual,25614,38831,13217,62753,62683
2872,truncatedIcosidodecahedron_truncate50d_ambo_dual,25257,38838,13581,62105,62467
2873,truncatedIcosidodecahedron_truncate50d_ambo_dual,25676,39022,13346,62887,62644
2874,truncatedIcosidodecahedron_truncate50d_ambo_dual,25340,39072,13732,62125,62497
2875,truncatedIcosidodecahedron_truncate50d_ambo_dual,26082,39555,13473,63203,62943
2876,truncatedIcosidodecahedron_truncate50d_ambo_dual,25849,39607,13758,62273,62566
2877,truncatedIcosidodecahedron_truncate50d_ambo_dual,26419,39905,13486,63031,62757
2878,icosidodecahedron_truncate5d_ambo_dual,1884,1898,14,37925,24442
2879,icosidodecahedron_truncate5d_ambo_dual,9419,9982,563,70003,70543
2880,icosidodecahedron_truncate5d_ambo_dual,9051,9639,588,62099,62117
2881,icosidodecahedron_truncate5d_ambo_dual,9335,9890,555,62462,62433
2882,icosidodecahedron_truncate5d_ambo_dual,9477,10092,615,62603,62660
2883,icosidodecahedron_truncate5d_ambo_dual,11372,11858,486,64349,64213
2884,icosidodecahedron_truncate5d_ambo_dual,10900,11363,463,61989,61958
2885,icosidodecahedron_truncate5d_ambo_dual,11164,11616,452,62723,62706
2886,icosidodecahedron_truncate5d_ambo_dual,10669,11154,485,61965,61996
2887,icosidodecahedron_truncate5d_ambo_dual,10995,11426,431,62786,62730
2888,icosidodecahedron_truncate5d_ambo_dual,13943,14447,504,65409,65480
2889,icosidodecahedron_truncate5d_ambo_dual,16868,18637,1769,65431,66689
2890,icosidodecahedron_truncate5d_ambo_dual,16476,18571,2095,62061,62384
2891,icosidodecahedron_truncate5d_ambo_dual,17393,20017,2624,63373,63900
2892,icosidodecahedron_truncate5d_ambo_dual,17115,20259,3144,62183,62699
2893,icosidodecahedron_truncate5d_ambo_dual,18140,21717,3577,63484,63914
2894,icosidodecahedron_truncate5d_ambo_dual,22829,26545,3716,67149,67287
2895,icosidodecahedron_truncate5d_ambo_dual,21819,23839,2020,61451,59743
2896,icosidodecahedron_truncate5d_ambo_dual,20654,22607,1953,61296,61207
2897,icosidodecahedron_truncate5d_ambo_dual,21451,23594,2143,62900,63107
2898,icosidodecahedron_truncate5d_ambo_dual,20214,22357,2143,61223,61221
2899,icosidodecahedron_truncate5d_ambo_dual,21420,23842,2422,63672,63945
2900,icosidodecahedron_truncate5d_ambo_dual,22729,25010,2281,63770,63616
2901,icosidodecahedron_truncate5d_ambo_dual,16692,19880,3188,56419,57326
2902,icosidodecahedron_truncate5d_ambo_dual,15719,18057,2338,61493,60634
2903,icosidodecahedron_truncate5d_ambo_dual,16890,19116,2226,63684,63573
2904,icosidodecahedron_truncate5d_ambo_dual,16390,18942,2552,61951,62286
2905,icosidodecahedron_truncate5d_ambo_dual,17763,20953,3190,63834,64469
2906,icosidodecahedron_truncate5d_ambo_dual,23484,26548,3064,68171,68054
2907,icosidodecahedron_truncate5d_ambo_dual,21365,24492,3127,60323,60396
2908,icosidodecahedron_truncate5d_ambo_dual,20859,23539,2680,61948,61496
2909,icosidodecahedron_truncate5d_ambo_dual,20443,22918,2475,62045,61831
2910,icosidodecahedron_truncate5d_ambo_dual,21071,23348,2277,63088,62886
2911,icosidodecahedron_truncate5d_ambo_dual,20729,22821,2092,62118,61929
2912,icosidodecahedron_truncate5d_ambo_dual,23031,25093,2062,64762,64729
2913,icosidodecahedron_truncate5d_ambo_dual,13633,17601,3968,52770,54666
2914,icosidodecahedron_truncate5d_ambo_dual,14495,18554,4059,63316,63404
2915,icosidodecahedron_truncate5d_ambo_dual,13574,17549,3975,61540,61447
2916,icosidodecahedron_truncate5d_ambo_dual,14533,18534,4001,63474,63490
2917,icosidodecahedron_truncate5d_ambo_dual,13503,17503,4000,61431,61429
2918,icosidodecahedron_truncate5d_ambo_dual,14485,18482,3997,63444,63437
2919,icosidodecahedron_truncate5d_ambo_dual,13463,17460,3997,61438,61435
2920,icosidodecahedron_truncate5d_ambo_dual,14386,18340,3954,63385,63340
2921,icosidodecahedron_truncate5d_ambo_dual,13547,17444,3897,61622,61563
2922,icosidodecahedron_truncate5d_ambo_dual,14508,18418,3910,63422,63432
2923,icosidodecahedron_truncate5d_ambo_dual,13615,17570,3955,61568,61610
2924,icosidodecahedron_truncate5d_ambo_dual,14729,18853,4124,63575,63743
2925,icosidodecahedron_truncate5d_ambo_dual,13999,18004,4005,61727,61609
2926,icosidodecahedron_truncate5d_ambo_dual,14427,18317,3890,62889,62773
2927,icosidodecahedron_truncate5d_ambo_dual,14191,18294,4103,62225,62434
2928,icosidodecahedron_truncate5d_ambo_dual,14510,18669,4159,62786,62835
2929,icosidodecahedron_truncate5d_ambo_dual,14218,18300,4082,61879,61812
2930,icosidodecahedron_truncate5d_ambo_dual,14659,18930,4271,62957,63145
2931,icosidodecahedron_truncate5d_ambo_dual,14510,18743,4233,62312,62272
2932,icosidodecahedron_truncate5d_ambo_dual,14647,19099,4452,62596,62813
2933,icosidodecahedron_truncate5d_ambo_dual,14787,19084,4297,62601,62444
2934,icosidodecahedron_truncate5d_ambo_dual,14689,18944,4255,62363,62308
2935,icosidodecahedron_truncate5d_ambo_dual,14846,18961,4115,62617,62476
2936,icosidodecahedron_truncate5d_ambo_dual,14812,19193,4381,62433,62689
2937,icosidodecahedron_truncate5d_ambo_dual,14797,19113,4316,62441,62378
2938,icosidodecahedron_truncate5d_ambo_dual,14823,19227,4404,62486,62573
2939,icosidodecahedron_truncate5d_ambo_dual,14927,19146,4219,62564,62378
2940,icosidodecahedron_truncate5d_ambo_dual,14512,19013,4501,62041,62321
2941,icosidodecahedron_truncate5d_ambo_dual,14890,19116,4226,62836,62560
2942,icosidodecahedron_truncate5d_ambo_dual,14816,18779,3963,62387,62120
2943,icosidodecahedron_truncate5d_ambo_dual,14280,18435,4155,61981,62170
2944,icosidodecahedron_truncate5d_ambo_dual,14468,18646,4178,62632,62665
2945,icosidodecahedron_truncate5d_ambo_dual,14260,18331,4071,61971,61856
2946,icosidodecahedron_truncate5d_ambo_dual,14093,18157,4064,62294,62285
2947,icosidodecahedron_truncate5d_ambo_dual,14167,18209,4042,62534,62509
2948,icosidodecahedron_truncate5d_ambo_dual,13895,17984,4089,62189,62229
2949,icosidodecahedron_truncate5d_ambo_dual,13921,17857,3936,62487,62330
2950,icosidodecahedron_truncate5d_ambo_dual,13618,17618,4000,62165,62205
2951,icosidodecahedron_truncate5d_ambo_dual,13852,17740,3888,62694,62581
2952,icosidodecahedron_truncate5d_ambo_dual,13524,17507,3983,62122,62227
2953,icosidodecahedron_truncate5d_ambo_dual,14248,18152,3904,63166,63103
2954,icosidodecahedron_truncate5d_ambo_dual,13894,17851,3957,62107,62159
2955,icosidodecahedron_truncate5d_ambo_dual,14170,18091,3921,62736,62700
2956,snubDodecahedron_truncate5d_ambo_dual,2315,2310,-5,50606,46678
2957,snubDodecahedron_truncate5d_ambo_dual,10538,11688,1150,70744,71892
2958,snubDodecahedron_truncate5d_ambo_dual,11443,12675,1232,63365,63435
2959,snubDodecahedron_truncate5d_ambo_dual,10516,11727,1211,61534,61509
2960,snubDodecahedron_truncate5d_ambo_dual,13264,14419,1155,65210,65153
2961,snubDodecahedron_truncate5d_ambo_dual,13600,14398,798,62509,62152
2962,snubDodecahedron_truncate5d_ambo_dual,14683,15522,839,63549,63562
2963,snubDodecahedron_truncate5d_ambo_dual,13520,14291,771,61296,61225
2964,snubDodecahedron_truncate5d_ambo_dual,14463,15283,820,63404,63440
2965,snubDodecahedron_truncate5d_ambo_dual,13310,14060,750,61307,61234
2966,snubDodecahedron_truncate5d_ambo_dual,20841,21711,870,69992,70110
2967,snubDodecahedron_truncate5d_ambo_dual,22435,26438,4003,64045,67186
2968,snubDodecahedron_truncate5d_ambo_dual,24484,29188,4704,64505,65208
2969,snubDodecahedron_truncate5d_ambo_dual,23610,29090,5480,61584,62361
2970,snubDodecahedron_truncate5d_ambo_dual,26076,32852,6776,64925,66221
2971,snubDodecahedron_truncate5d_ambo_dual,24951,32345,7394,61389,62006
2972,snubDodecahedron_truncate5d_ambo_dual,38390,46181,7791,75900,76294
2973,snubDodecahedron_truncate5d_ambo_dual,33860,37638,3778,57929,53914
2974,snubDodecahedron_truncate5d_ambo_dual,34966,39014,4048,63566,63832
2975,snubDodecahedron_truncate5d_ambo_dual,33911,37990,4079,61402,61423
2976,snubDodecahedron_truncate5d_ambo_dual,35091,39529,4438,63639,63997
2977,snubDodecahedron_truncate5d_ambo_dual,34335,38652,4317,61406,61299
2978,snubDodecahedron_truncate5d_ambo_dual,39832,44533,4701,67958,68337
2979,snubDodecahedron_truncate5d_ambo_dual,26896,33776,6880,49513,51697
2980,snubDodecahedron_truncate5d_ambo_dual,27731,33401,5670,63278,62083
2981,snubDodecahedron_truncate5d_ambo_dual,26962,31634,4672,61680,60679
2982,snubDodecahedron_truncate5d_ambo_dual,28003,32779,4776,63503,63605
2983,snubDodecahedron_truncate5d_ambo_dual,27254,32037,4783,61711,61717
2984,snubDodecahedron_truncate5d_ambo_dual,41767,46558,4791,77028,77035
2985,snubDodecahedron_truncate5d_ambo_dual,33312,38035,4723,53984,53929
2986,snubDodecahedron_truncate5d_ambo_dual,33872,38446,4574,63014,62862
2987,snubDodecahedron_truncate5d_ambo_dual,32819,37101,4282,61407,61105
2988,snubDodecahedron_truncate5d_ambo_dual,33355,37373,4018,62996,62731
2989,snubDodecahedron_truncate5d_ambo_dual,33022,36855,3833,62127,61940
2990,snubDodecahedron_truncate5d_ambo_dual,34863,38684,3821,64301,64287
2991,snubDodecahedron_truncate5d_ambo_dual,19439,25909,6470,47029,49678
2992,snubDodecahedron_truncate5d_ambo_dual,19343,25809,6466,62364,62350
2993,snubDodecahedron_truncate5d_ambo_dual,19611,26061,6450,62380,62350
2994,snubDodecahedron_truncate5d_ambo_dual,19268,25686,6418,62118,62077
2995,snubDodecahedron_truncate5d_ambo_dual,19827,26216,6389,63020,62981
2996,snubDodecahedron_truncate5d_ambo_dual,19813,26299,6486,62446,62536
2997,snubDodecahedron_truncate5d_ambo_dual,19904,26603,6699,62551,62763
2998,snubDodecahedron_truncate5d_ambo_dual,19934,26683,6749,62546,62592
2999,snubDodecahedron_truncate5d_ambo_dual,19479,26502,7023,61998,62279
3000,snubDodecahedron_truncate5d_ambo_dual,20544,26896,6352,63526,62852
3001,snubDodecahedron_truncate5d_ambo_dual,20650,27804,7154,62573,63356
3002,snubDodecahedron_truncate5d_ambo_dual,19939,26836,6897,61757,61489
3003,snubDodecahedron_truncate5d_ambo_dual,20239,26999,6760,62750,62628
3004,snubDodecahedron_truncate5d_ambo_dual,20857,27523,6666,63079,62983
3005,snubDodecahedron_truncate5d_ambo_dual,20312,27476,7164,61915,62412
3006,snubDodecahedron_truncate5d_ambo_dual,20049,27238,7189,62199,62220
3007,snubDodecahedron_truncate5d_ambo_dual,21144,28149,7005,63562,63371
3008,snubDodecahedron_truncate5d_ambo_dual,21101,28142,7041,62418,62453
3009,snubDodecahedron_truncate5d_ambo_dual,20333,27714,7381,61412,61743
3010,snubDodecahedron_truncate5d_ambo_dual,20435,27621,7186,62562,62366
3011,snubDodecahedron_truncate5d_ambo_dual,20224,27144,6920,62310,62036
3012,snubDodecahedron_truncate5d_ambo_dual,20769,28073,7304,63006,63396
3013,snubDodecahedron_truncate5d_ambo_dual,20283,27313,7030,61975,61697
3014,snubDodecahedron_truncate5d_ambo_dual,20246,26943,6697,62425,62060
3015,snubDodecahedron_truncate5d_ambo_dual,20067,26656,6589,62277,62171
3016,snubDodecahedron_truncate5d_ambo_dual,20209,26833,6624,62600,62637
3017,snubDodecahedron_truncate5d_ambo_dual,20353,26713,6360,62603,62340
3018,snubDodecahedron_truncate5d_ambo_dual,20120,26691,6571,62216,62429
3019,snubDodecahedron_truncate5d_ambo_dual,20318,26577,6259,62663,62346
3020,snubDodecahedron_truncate5d_ambo_dual,20408,27012,6604,62552,62894
3021,snubDodecahedron_truncate5d_ambo_dual,20147,26404,6257,62200,61852
3022,snubDodecahedron_truncate5d_ambo_dual,20523,26961,6438,62830,63007
3023,snubDodecahedron_truncate5d_ambo_dual,19534,25799,6265,61475,61297
3024,snubDodecahedron_truncate5d_ambo_dual,20690,27203,6513,63617,63862
3025,snubDodecahedron_truncate5d_ambo_dual,19418,25742,6324,60962,60762
3026,snubDodecahedron_truncate5d_ambo_dual,20298,26839,6541,63342,63555
3027,snubDodecahedron_truncate5d_ambo_dual,19143,25360,6217,61305,60978
3028,snubDodecahedron_truncate5d_ambo_dual,19986,26506,6520,63306,63604
3029,snubDodecahedron_truncate5d_ambo_dual,19215,25196,5981,61688,61149
3030,snubDodecahedron_truncate5d_ambo_dual,19616,25918,6302,62861,63182
3031,snubDodecahedron_truncate5d_ambo_dual,19719,25664,5945,62565,62203
3032,snubDodecahedron_truncate5d_ambo_dual,19784,25986,6202,62525,62781
3033,snubDodecahedron_truncate5d_ambo_dual,19866,25908,6042,62548,62381
3034,octahedron_hk34_ambo_hk72,1684,1703,19,44278,38252
3035,octahedron_hk34_ambo_hk72,7858,8190,332,68644,68937
3036,octahedron_hk34_ambo_hk72,7714,8061,347,62318,62331
3037,octahedron_hk34_ambo_hk72,7865,8210,345,62612,62609
3038,octahedron_hk34_ambo_hk72,7644,7962,318,62295,62265
3039,octahedron_hk34_ambo_hk72,16662,17008,346,71474,71504
3040,octahedron_hk34_ambo_hk72,15689,15903,214,61485,61353
3041,octahedron_hk34_ambo_hk72,15663,15901,238,62089,62106
3042,octahedron_hk34_ambo_hk72,14880,15028,148,61677,61587
3043,octahedron_hk34_ambo_hk72,14494,14633,139,62076,62065
3044,octahedron_hk34_ambo_hk72,14100,14218,118,62068,62042
3045,octahedron_hk34_ambo_hk72,13476,13686,210,61838,61928
3046,octahedron_hk34_ambo_hk72,15738,15923,185,64724,64696
3047,octahedron_hk34_ambo_hk72,14324,14507,183,61037,61025
3048,octahedron_hk34_ambo_hk72,14259,14407,148,62392,62345
3049,octahedron_hk34_ambo_hk72,13149,13365,216,61343,61415
3050,octahedron_hk34_ambo_hk72,12760,12998,238,62068,62092
3051,octahedron_hk34_ambo_hk72,12174,12449,275,61874,61903
3052,octahedron_hk34_ambo_hk72,14741,14960,219,65082,65021
3053,octahedron_hk34_ambo_hk72,16034,16416,382,63736,63900
3054,octahedron_hk34_ambo_hk72,17071,17339,268,63489,63382
3055,octahedron_hk34_ambo_hk72,16239,16430,191,61635,61545
3056,octahedron_hk34_ambo_hk72,18785,18854,69,65005,64883
3057,octahedron_hk34_ambo_hk72,16224,16663,439,59600,59980
3058,octahedron_hk34_ambo_hk72,17510,17993,483,63748,63788
3059,octahedron_hk34_ambo_hk72,17426,18083,657,62377,62555
3060,octahedron_hk34_ambo_hk72,19084,19665,581,64119,64041
3061,octahedron_hk34_ambo_hk72,17206,17834,628,60565,60622
3062,octahedron_hk34_ambo_hk72,17524,18153,629,62775,62767
3063,octahedron_hk34_ambo_hk72,17170,17873,703,62108,62180
3064,octahedron_hk34_ambo_hk72,17547,18242,695,62840,62827
3065,octahedron_hk34_ambo_hk72,17186,17832,646,62155,62045
3066,octahedron_hk34_ambo_hk72,17504,18158,654,62779,62827
3067,octahedron_hk34_ambo_hk72,18122,18832,710,63085,63131
3068,octahedron_hk34_ambo_hk72,17926,18590,664,62266,62217
3069,octahedron_hk34_ambo_hk72,17529,18165,636,62064,62040
3070,octahedron_hk34_ambo_hk72,17622,18239,617,62554,62534
3071,octahedron_hk34_ambo_hk72,17947,18572,625,62787,62792
3072,octahedron_hk34_ambo_hk72,18155,18813,658,62669,62700
3073,octahedron_hk34_ambo_hk72,18123,18750,627,62091,62047
3074,octahedron_hk34_ambo_hk72,17483,18063,580,61821,61773
3075,octahedron_hk34_ambo_hk72,18984,19554,570,63962,63951
3076,octahedron_hk34_ambo_hk72,18051,18700,649,61529,61604
3077,octahedron_hk34_ambo_hk72,18564,19214,650,62974,62973
3078,octahedron_hk34_ambo_hk72,17885,18443,558,61782,61688
3079,octahedron_hk34_ambo_hk72,19419,19991,572,64055,64062
3080,octahedron_hk34_ambo_hk72,18372,19032,660,61413,61499
3081,octahedron_hk34_ambo_hk72,18806,19436,630,62902,62863
3082,octahedron_hk34_ambo_hk72,17966,18564,598,61629,61586
3083,octahedron_hk34_ambo_hk72,18754,19366,612,63247,63261
3084,octahedron_hk34_ambo_hk72,18127,18799,672,61836,61893
3085,octahedron_hk34_ambo_hk72,18192,18807,615,62520,62464
3086,octahedron_hk34_ambo_hk72,17699,18282,583,61936,61941
3087,octahedron_hk34_ambo_hk72,18443,19055,612,63206,63232
3088,octahedron_hk34_ambo_hk72,18081,18599,518,62102,61998
3089,octahedron_hk34_ambo_hk72,17880,18432,552,61968,62012
3090,octahedron_hk34_ambo_hk72,17721,18315,594,62303,62343
3091,octahedron_hk34_ambo_hk72,17745,18289,544,62490,62431
3092,octahedron_hk34_ambo_hk72,17325,17865,540,62026,62031
3093,octahedron_hk34_ambo_hk72,17518,18058,540,62693,62706
3094,octahedron_hk34_ambo_hk72,17053,17598,545,61997,62000
3095,octahedron_hk34_ambo_hk72,17477,17985,508,62884,62843
3096,octahedron_hk34_ambo_hk72,16775,17318,543,61758,61791
3097,octahedron_hk34_ambo_hk72,17442,17974,532,63126,63104
3098,octahedron_hk34_ambo_hk72,16448,17005,557,61465,61491
3099,octahedron_hk34_ambo_hk72,17389,17987,598,63390,63440
3100,octahedron_hk34_ambo_hk72,16390,17005,615,61462,61476
3101,octahedron_hk34_ambo_hk72,18025,18548,523,64096,64000
3102,octahedron_hk34_ambo_hk72,16912,17461,549,61350,61372
3103,octahedron_hk34_ambo_hk72,18208,18779,571,63747,63778
3104,rhombicuboctahedron_hk63_ambo_hk63,1927,1938,11,46176,45618
3105,rhombicuboctahedron_hk63_ambo_hk63,8758,9234,476,69000,69468
3106,rhombicuboctahedron_hk63_ambo_hk63,9127,9518,391,62883,62798
3107,rhombicuboctahedron_hk63_ambo_hk63,8752,9214,462,62086,62144
3108,rhombicuboctahedron_hk63_ambo_hk63,9565,9985,420,63275,63231
3109,rhombicuboctahedron_hk63_ambo_hk63,16996,17440,444,69887,69903
3110,rhombicuboctahedron_hk63_ambo_hk63,16772,17156,384,62236,62174
3111,rhombicuboctahedron_hk63_ambo_hk63,14976,15268,292,60666,60570
3112,rhombicuboctahedron_hk63_ambo_hk63,14925,15169,244,62410,62360
3113,rhombicuboctahedron_hk63_ambo_hk63,14440,14759,319,61977,62039
3114,rhombicuboctahedron_hk63_ambo_hk63,18212,18305,93,66233,66006
3115,rhombicuboctahedron_hk63_ambo_hk63,18142,18257,115,62379,62411
3116,rhombicuboctahedron_hk63_ambo_hk63,18277,18579,302,62594,62782
3117,rhombicuboctahedron_hk63_ambo_hk63,17940,18305,365,62114,62167
3118,rhombicuboctahedron_hk63_ambo_hk63,17666,18092,426,62185,62231
3119,rhombicuboctahedron_hk63_ambo_hk63,17092,17534,442,61887,61888
3120,rhombicuboctahedron_hk63_ambo_hk63,16313,16792,479,61736,61756
3121,rhombicuboctahedron_hk63_ambo_hk63,16227,16714,487,62017,62029
3122,rhombicuboctahedron_hk63_ambo_hk63,22017,22522,505,68251,68267
3123,rhombicuboctahedron_hk63_ambo_hk63,27632,28387,755,68072,68305
3124,rhombicuboctahedron_hk63_ambo_hk63,23807,24426,619,58640,58495
3125,rhombicuboctahedron_hk63_ambo_hk63,25658,25919,261,64312,63951
3126,rhombicuboctahedron_hk63_ambo_hk63,24742,25025,283,61547,61563
3127,rhombicuboctahedron_hk63_ambo_hk63,26345,26722,377,64064,64155
3128,rhombicuboctahedron_hk63_ambo_hk63,25328,25753,425,61451,61488
3129,rhombicuboctahedron_hk63_ambo_hk63,26835,27299,464,63970,64003
3130,rhombicuboctahedron_hk63_ambo_hk63,25711,26666,955,61336,61819
3131,rhombicuboctahedron_hk63_ambo_hk63,23941,24862,921,60686,60649
3132,rhombicuboctahedron_hk63_ambo_hk63,23847,24900,1053,62349,62487
3133,rhombicuboctahedron_hk63_ambo_hk63,23887,24902,1015,62552,62514
3134,rhombicuboctahedron_hk63_ambo_hk63,23994,24995,1001,62569,62553
3135,rhombicuboctahedron_hk63_ambo_hk63,24200,25242,1042,62648,62705
3136,rhombicuboctahedron_hk63_ambo_hk63,24167,25138,971,62429,62354
3137,rhombicuboctahedron_hk63_ambo_hk63,25198,26287,1089,63139,63263
3138,rhombicuboctahedron_hk63_ambo_hk63,27306,28607,1301,64568,64778
3139,rhombicuboctahedron_hk63_ambo_hk63,25609,26733,1124,60754,60573
3140,rhombicuboctahedron_hk63_ambo_hk63,27026,28217,1191,63878,63941
3141,rhombicuboctahedron_hk63_ambo_hk63,26688,27886,1198,62123,62129
3142,rhombicuboctahedron_hk63_ambo_hk63,26708,27912,1204,62482,62485
3143,rhombicuboctahedron_hk63_ambo_hk63,25688,26782,1094,61442,61328
3144,rhombicuboctahedron_hk63_ambo_hk63,28379,29591,1212,65153,65269
3145,rhombicuboctahedron_hk63_ambo_hk63,26179,27531,1352,60261,60398
3146,rhombicuboctahedron_hk63_ambo_hk63,27357,28485,1128,63646,63413
3147,rhombicuboctahedron_hk63_ambo_hk63,25864,26985,1121,61011,61014
3148,rhombicuboctahedron_hk63_ambo_hk63,29004,30334,1330,65602,65808
3149,rhombicuboctahedron_hk63_ambo_hk63,26956,28389,1433,60413,60504
3150,rhombicuboctahedron_hk63_ambo_hk63,27594,28762,1168,63099,62832
3151,rhombicuboctahedron_hk63_ambo_hk63,25707,26878,1171,60574,60575
3152,rhombicuboctahedron_hk63_ambo_hk63,26209,27297,1088,62964,62866
3153,rhombicuboctahedron_hk63_ambo_hk63,25203,26338,1135,61169,61212
3154,rhombicuboctahedron_hk63_ambo_hk63,25111,26177,1066,62371,62297
3155,rhombicuboctahedron_hk63_ambo_hk63,24559,25662,1103,61905,61937
3156,rhombicuboctahedron_hk63_ambo_hk63,24509,25545,1036,62409,62343
3157,rhombicuboctahedron_hk63_ambo_hk63,24181,25275,1094,62133,62189
3158,rhombicuboctahedron_hk63_ambo_hk63,23905,24870,965,62179,62049
3159,rhombicuboctahedron_hk63_ambo_hk63,23842,24853,1011,62399,62424
3160,rhombicuboctahedron_hk63_ambo_hk63,23692,24680,988,62361,62341
3161,rhombicuboctahedron_hk63_ambo_hk63,23804,24804,1000,62572,62583
3162,rhombicuboctahedron_hk63_ambo_hk63,23403,24441,1038,62054,62090
3163,rhombicuboctahedron_hk63_ambo_hk63,23742,24792,1050,62786,62811
3164,rhombicuboctahedron_hk63_ambo_hk63,23257,24334,1077,61983,62001
3165,rhombicuboctahedron_hk63_ambo_hk63,23949,24841,892,63152,62966
3166,rhombicuboctahedron_hk63_ambo_hk63,22947,24017,1070,61457,61637
3167,rhombicuboctahedron_hk63_ambo_hk63,24089,25154,1065,63603,63594
3168,rhombicuboctahedron_hk63_ambo_hk63,23348,24396,1048,61720,61696
3169,rhombicuboctahedron_hk63_ambo_hk63,24046,25055,1009,62880,62842
3170,rhombicuboctahedron_hk63_ambo_hk63,23521,24596,1075,61937,62001
3171,rhombicuboctahedron_hk63_ambo_hk63,24221,25220,999,63160,63082
3172,rhombicuboctahedron_hk63_ambo_hk63,24047,25035,988,62288,62275
3173,rhombicuboctahedron_hk63_ambo_hk63,23895,24873,978,62310,62296
3174,truncatedIcosahedron_hk54_ambo_hk72,2029,2063,34,40649,39701
3175,truncatedIcosahedron_hk54_ambo_hk72,9245,9573,328,69675,69958
3176,truncatedIcosahedron_hk54_ambo_hk72,9057,9448,391,62272,62331
3177,truncatedIcosahedron_hk54_ambo_hk72,9322,9685,363,62726,62697
3178,truncatedIcosahedron_hk54_ambo_hk72,10331,10730,399,63471,63502
3179,truncatedIcosahedron_hk54_ambo_hk72,17450,17809,359,69570,69527
3180,truncatedIcosahedron_hk54_ambo_hk72,15864,16189,325,60878,60836
3181,truncatedIcosahedron_hk54_ambo_hk72,16556,16848,292,63153,63119
3182,truncatedIcosahedron_hk54_ambo_hk72,15174,15484,310,61078,61096
3183,truncatedIcosahedron_hk54_ambo_hk72,16429,17055,626,63707,64030
3184,truncatedIcosahedron_hk54_ambo_hk72,16101,16558,457,62134,61962
3185,truncatedIcosahedron_hk54_ambo_hk72,16739,17189,450,62759,62739
3186,truncatedIcosahedron_hk54_ambo_hk72,21038,21508,470,66759,66778
3187,truncatedIcosahedron_hk54_ambo_hk72,21087,21697,610,62504,62636
3188,truncatedIcosahedron_hk54_ambo_hk72,20418,20932,514,61843,61746
3189,truncatedIcosahedron_hk54_ambo_hk72,19692,20377,685,61733,61904
3190,truncatedIcosahedron_hk54_ambo_hk72,19461,20188,727,62230,62259
3191,truncatedIcosahedron_hk54_ambo_hk72,18350,19069,719,61347,61339
3192,truncatedIcosahedron_hk54_ambo_hk72,29770,30569,799,73878,73949
3193,truncatedIcosahedron_hk54_ambo_hk72,32329,33475,1146,65013,65358
3194,truncatedIcosahedron_hk54_ambo_hk72,30891,31734,843,61015,60717
3195,truncatedIcosahedron_hk54_ambo_hk72,29817,30519,702,61386,61245
3196,truncatedIcosahedron_hk54_ambo_hk72,30941,31402,461,63592,63341
3197,truncatedIcosahedron_hk54_ambo_hk72,30881,32033,1152,62399,63089
3198,truncatedIcosahedron_hk54_ambo_hk72,31022,33088,2066,62602,63513
3199,truncatedIcosahedron_hk54_ambo_hk72,31588,34076,2488,63027,63448
3200,truncatedIcosahedron_hk54_ambo_hk72,33540,36165,2625,64411,64549
3201,truncatedIcosahedron_hk54_ambo_hk72,30743,33250,2507,59420,59302
3202,truncatedIcosahedron_hk54_ambo_hk72,30905,33336,2431,62628,62544
3203,truncatedIcosahedron_hk54_ambo_hk72,30748,33247,2499,62304,62370
3204,truncatedIcosahedron_hk54_ambo_hk72,30963,33476,2513,62677,62689
3205,truncatedIcosahedron_hk54_ambo_hk72,31084,33498,2414,62580,62461
3206,truncatedIcosahedron_hk54_ambo_hk72,31171,33768,2597,62549,62728
3207,truncatedIcosahedron_hk54_ambo_hk72,31459,33854,2395,62750,62543
3208,truncatedIcosahedron_hk54_ambo_hk72,32061,34569,2508,63064,63175
3209,truncatedIcosahedron_hk54_ambo_hk72,31793,34207,2414,62194,62096
3210,truncatedIcosahedron_hk54_ambo_hk72,34361,37244,2883,65028,65495
3211,truncatedIcosahedron_hk54_ambo_hk72,32654,35209,2555,60754,60422
3212,truncatedIcosahedron_hk54_ambo_hk72,34405,36985,2580,64213,64236
3213,truncatedIcosahedron_hk54_ambo_hk72,32667,35199,2532,60723,60672
3214,truncatedIcosahedron_hk54_ambo_hk72,37186,40229,3043,66980,67490
3215,truncatedIcosahedron_hk54_ambo_hk72,33882,36514,2632,59212,58797
3216,truncatedIcosahedron_hk54_ambo_hk72,35482,38177,2695,64061,64122
3217,truncatedIcosahedron_hk54_ambo_hk72,34068,36757,2689,60759,60751
3218,truncatedIcosahedron_hk54_ambo_hk72,38709,41819,3110,67101,67520
3219,truncatedIcosahedron_hk54_ambo_hk72,34017,36421,2404,57767,57061
3220,truncatedIcosahedron_hk54_ambo_hk72,36751,39678,2927,65196,65717
3221,truncatedIcosahedron_hk54_ambo_hk72,34653,37421,2768,60361,60201
3222,truncatedIcosahedron_hk54_ambo_hk72,36639,39642,3003,64448,64680
3223,truncatedIcosahedron_hk54_ambo_hk72,33899,36300,2401,59721,59115
3224,truncatedIcosahedron_hk54_ambo_hk72,34186,36843,2657,62749,63003
3225,truncatedIcosahedron_hk54_ambo_hk72,34395,37176,2781,62665,62779
3226,truncatedIcosahedron_hk54_ambo_hk72,33216,36034,2818,61280,61316
3227,truncatedIcosahedron_hk54_ambo_hk72,33089,35533,2444,62332,61958
3228,truncatedIcosahedron_hk54_ambo_hk72,32126,34634,2508,61547,61609
3229,truncatedIcosahedron_hk54_ambo_hk72,32786,35416,2630,63119,63241
3230,truncatedIcosahedron_hk54_ambo_hk72,31760,34346,2586,61435,61390
3231,truncatedIcosahedron_hk54_ambo_hk72,32024,34488,2464,62726,62601
3232,truncatedIcosahedron_hk54_ambo_hk72,31358,34007,2649,61790,61974
3233,truncatedIcosahedron_hk54_ambo_hk72,31535,34074,2539,62366,62241
3234,truncatedIcosahedron_hk54_ambo_hk72,31201,33795,2594,62127,62181
3235,truncatedIcosahedron_hk54_ambo_hk72,31445,34064,2619,62705,62729
3236,truncatedIcosahedron_hk54_ambo_hk72,30867,33397,2530,61891,61793
3237,truncatedIcosahedron_hk54_ambo_hk72,31300,33796,2496,62894,62852
3238,truncatedIcosahedron_hk54_ambo_hk72,30763,33268,2505,61924,61932
3239,truncatedIcosahedron_hk54_ambo_hk72,31231,33725,2494,62930,62917
3240,truncatedIcosahedron_hk54_ambo_hk72,30801,33296,2495,62026,62031
3241,truncatedIcosahedron_hk54_ambo_hk72,31416,33991,2575,63065,63154
3242,truncatedIcosahedron_hk54_ambo_hk72,31161,33683,2522,62262,62206
3243,truncatedIcosahedron_hk54_ambo_hk72,31272,33788,2516,62571,62565
3244,dodecahedron_hk54_ambo_hk72,1772,1797,25,32961,30468
3245,dodecahedron_hk54_ambo_hk72,7756,7984,228,68451,68639
3246,dodecahedron_hk54_ambo_hk72,7921,8169,248,62627,62643
3247,dodecahedron_hk54_ambo_hk72,7718,7985,267,62258,62274
3248,dodecahedron_hk54_ambo_hk72,8190,8441,251,62934,62916
3249,dodecahedron_hk54_ambo_hk72,13127,13356,229,67114,67082
3250,dodecahedron_hk54_ambo_hk72,13278,13496,218,62613,62598
3251,dodecahedron_hk54_ambo_hk72,12243,12419,176,61426,61381
3252,dodecahedron_hk54_ambo_hk72,12834,13040,206,63053,63080
3253,dodecahedron_hk54_ambo_hk72,13761,14071,310,63395,63491
3254,dodecahedron_hk54_ambo_hk72,14148,14410,262,62854,62797
3255,dodecahedron_hk54_ambo_hk72,14148,14399,251,62516,62500
3256,dodecahedron_hk54_ambo_hk72,16952,17155,203,65265,65215
3257,dodecahedron_hk54_ambo_hk72,16151,16466,315,61649,61748
3258,dodecahedron_hk54_ambo_hk72,15892,16163,271,62191,62141
3259,dodecahedron_hk54_ambo_hk72,14954,15246,292,61523,61536
3260,dodecahedron_hk54_ambo_hk72,14579,14926,347,62085,62133
3261,dodecahedron_hk54_ambo_hk72,14169,14500,331,62050,62031
3262,dodecahedron_hk54_ambo_hk72,18610,19078,468,66899,67036
3263,dodecahedron_hk54_ambo_hk72,21427,21977,550,65259,65338
3264,dodecahedron_hk54_ambo_hk72,21757,22254,497,62795,62734
3265,dodecahedron_hk54_ambo_hk72,20654,20934,280,61071,60860
3266,dodecahedron_hk54_ambo_hk72,22203,22352,149,64010,63878
3267,dodecahedron_hk54_ambo_hk72,20011,20663,652,60269,60770
3268,dodecahedron_hk54_ambo_hk72,21295,22212,917,63746,64008
3269,dodecahedron_hk54_ambo_hk72,21226,22312,1086,62446,62612
3270,dodecahedron_hk54_ambo_hk72,23303,24397,1094,64529,64545
3271,dodecahedron_hk54_ambo_hk72,21010,22151,1141,60162,60207
3272,dodecahedron_hk54_ambo_hk72,21540,22660,1120,62993,62968
3273,dodecahedron_hk54_ambo_hk72,21221,22277,1056,62143,62076
3274,dodecahedron_hk54_ambo_hk72,21512,22658,1146,62753,62840
3275,dodecahedron_hk54_ambo_hk72,21102,22209,1107,62050,62007
3276,dodecahedron_hk54_ambo_hk72,21497,22592,1095,62857,62835
3277,dodecahedron_hk54_ambo_hk72,25308,26386,1078,66272,66245
3278,dodecahedron_hk54_ambo_hk72,24308,25420,1112,61460,61485
3279,dodecahedron_hk54_ambo_hk72,21940,22963,1023,60094,59994
3280,dodecahedron_hk54_ambo_hk72,26499,27554,1055,67020,67045
3281,dodecahedron_hk54_ambo_hk72,23126,23944,818,58752,58500
3282,dodecahedron_hk54_ambo_hk72,23946,25135,1189,63336,63649
3283,dodecahedron_hk54_ambo_hk72,22510,23928,1418,61025,61306
3284,dodecahedron_hk54_ambo_hk72,26852,28131,1279,66804,66664
3285,dodecahedron_hk54_ambo_hk72,25466,26446,980,61077,60773
3286,dodecahedron_hk54_ambo_hk72,26079,27201,1122,63072,63201
3287,dodecahedron_hk54_ambo_hk72,22903,24235,1332,59284,59493
3288,dodecahedron_hk54_ambo_hk72,27638,28816,1178,67196,67039
3289,dodecahedron_hk54_ambo_hk72,26376,27324,948,61200,60968
3290,dodecahedron_hk54_ambo_hk72,26497,27634,1137,62582,62758
3291,dodecahedron_hk54_ambo_hk72,23406,24779,1373,59370,59602
3292,dodecahedron_hk54_ambo_hk72,23258,24460,1202,62302,62139
3293,dodecahedron_hk54_ambo_hk72,22574,23656,1082,61776,61656
3294,dodecahedron_hk54_ambo_hk72,22616,23731,1115,62503,62534
3295,dodecahedron_hk54_ambo_hk72,21845,23041,1196,61690,61761
3296,dodecahedron_hk54_ambo_hk72,22439,23596,1157,63116,63068
3297,dodecahedron_hk54_ambo_hk72,21602,22716,1114,61349,61293
3298,dodecahedron_hk54_ambo_hk72,22084,23111,1027,62938,62852
3299,dodecahedron_hk54_ambo_hk72,21268,22441,1173,61643,61790
3300,dodecahedron_hk54_ambo_hk72,21884,22895,1011,63076,62912
3301,dodecahedron_hk54_ambo_hk72,21012,22165,1153,61589,61729
3302,dodecahedron_hk54_ambo_hk72,21420,22476,1056,62870,62764
3303,dodecahedron_hk54_ambo_hk72,20697,21896,1199,61740,61879
3304,dodecahedron_hk54_ambo_hk72,21150,22255,1105,62912,62819
3305,dodecahedron_hk54_ambo_hk72,20760,21863,1103,62071,62066
3306,dodecahedron_hk54_ambo_hk72,20996,22031,1035,62705,62628
3307,dodecahedron_hk54_ambo_hk72,20877,22073,1196,62342,62502
3308,dodecahedron_hk54_ambo_hk72,21191,22220,1029,62776,62607
3309,dodecahedron_hk54_ambo_hk72,21247,22419,1172,62517,62656
3310,dodecahedron_hk54_ambo_hk72,21358,22424,1066,62623,62519
3311,dodecahedron_hk54_ambo_hk72,21989,23078,1089,63093,63110
3312,dodecahedron_hk54_ambo_hk72,21903,22946,1043,62374,62327
3313,dodecahedron_hk54_ambo_hk72,21880,23048,1168,62156,62273
3314,dodecahedron_hk72_ambo_dual_hk20,1750,1774,24,42330,41186
3315,dodecahedron_hk72_ambo_dual_hk20,8173,8435,262,68886,69126
3316,dodecahedron_hk72_ambo_dual_hk20,8558,8839,281,62848,62862
3317,dodecahedron_hk72_ambo_dual_hk20,8065,8340,275,61968,61961
3318,dodecahedron_hk72_ambo_dual_hk20,8798,9014,216,63201,63133
3319,dodecahedron_hk72_ambo_dual_hk20,14154,14369,215,67807,67814
3320,dodecahedron_hk72_ambo_dual_hk20,14205,14379,174,62512,62463
3321,dodecahedron_hk72_ambo_dual_hk20,13069,13245,176,61327,61323
3322,dodecahedron_hk72_ambo_dual_hk20,13480,13749,269,62872,62964
3323,dodecahedron_hk72_ambo_dual_hk20,14168,14394,226,63203,63156
3324,dodecahedron_hk72_ambo_dual_hk20,14183,14379,196,62477,62443
3325,dodecahedron_hk72_ambo_dual_hk20,15015,15293,278,63293,63374
3326,dodecahedron_hk72_ambo_dual_hk20,17128,17398,270,64573,64565
3327,dodecahedron_hk72_ambo_dual_hk20,17530,17846,316,62852,62899
3328,dodecahedron_hk72_ambo_dual_hk20,16023,16325,302,60943,60932
