frame,shape,before_render_us,after_render_us,delta_render_us,before_wall_us,after_wall_us
2,dodecahedron_hk62_ambo_hk62,8725,8951,226,8725,8951
3,dodecahedron_hk62_ambo_hk62,7851,8082,231,61585,61591
4,dodecahedron_hk62_ambo_hk62,9166,9386,220,63775,63766
5,dodecahedron_hk62_ambo_hk62,13257,13532,275,66544,66602
6,dodecahedron_hk62_ambo_hk62,14615,14831,216,63815,63738
7,dodecahedron_hk62_ambo_hk62,12232,12414,182,60075,60039
8,dodecahedron_hk62_ambo_hk62,13555,13734,179,63783,63778
9,dodecahedron_hk62_ambo_hk62,13868,14206,338,62772,62930
10,dodecahedron_hk62_ambo_hk62,14710,14910,200,63293,63163
11,dodecahedron_hk62_ambo_hk62,14346,14570,224,62084,62120
12,dodecahedron_hk62_ambo_hk62,17129,17378,249,65240,65274
13,dodecahedron_hk62_ambo_hk62,16277,16582,305,61562,61695
14,dodecahedron_hk62_ambo_hk62,16087,16385,298,62324,62255
15,dodecahedron_hk62_ambo_hk62,14864,15209,345,61240,61286
16,dodecahedron_hk62_ambo_hk62,14561,14863,302,62160,62114
17,dodecahedron_hk62_ambo_hk62,13796,14193,397,61376,61473
18,dodecahedron_hk62_ambo_hk62,17833,18256,423,66498,66530
19,dodecahedron_hk62_ambo_hk62,22201,22812,611,66797,66978
20,dodecahedron_hk62_ambo_hk62,21191,21709,518,61451,61358
21,dodecahedron_hk62_ambo_hk62,19685,20014,329,60959,60762
22,dodecahedron_hk62_ambo_hk62,21170,21374,204,63946,63819
23,dodecahedron_hk62_ambo_hk62,20820,21085,265,62108,62172
24,dodecahedron_hk62_ambo_hk62,21782,22051,269,63407,63423
25,dodecahedron_hk62_ambo_hk62,22041,22366,325,62724,62775
26,dodecahedron_hk62_ambo_hk62,21576,22304,728,61992,62398
27,dodecahedron_hk62_ambo_hk62,19625,20329,704,60509,60541
28,dodecahedron_hk62_ambo_hk62,20073,20760,687,62961,62891
29,dodecahedron_hk62_ambo_hk62,19776,20524,748,62164,62230
30,dodecahedron_hk62_ambo_hk62,20146,20835,689,62836,62774
31,dodecahedron_hk62_ambo_hk62,20071,20694,623,62384,62320
32,dodecahedron_hk62_ambo_hk62,20455,21072,617,62846,62839
33,dodecahedron_hk62_ambo_hk62,20445,21108,663,62144,62172
34,dodecahedron_hk62_ambo_hk62,21768,22402,634,63786,63756
35,dodecahedron_hk62_ambo_hk62,20792,21434,642,61486,61495
36,dodecahedron_hk62_ambo_hk62,22417,23151,734,64076,64179
37,dodecahedron_hk62_ambo_hk62,21426,22060,634,61469,61368
38,dodecahedron_hk62_ambo_hk62,21844,22608,764,62880,63016
39,dodecahedron_hk62_ambo_hk62,21711,22457,746,62335,62308
40,dodecahedron_hk62_ambo_hk62,22969,23642,673,63709,63701
41,dodecahedron_hk62_ambo_hk62,22707,23368,661,62242,62186
42,dodecahedron_hk62_ambo_hk62,22328,23130,802,62088,62220
43,dodecahedron_hk62_ambo_hk62,22200,22871,671,62338,62201
44,dodecahedron_hk62_ambo_hk62,23300,24019,719,63562,63616
45,dodecahedron_hk62_ambo_hk62,22702,23498,796,61862,61939
46,dodecahedron_hk62_ambo_hk62,22122,22837,715,61882,61802
47,dodecahedron_hk62_ambo_hk62,22507,23190,683,62838,62814
48,dodecahedron_hk62_ambo_hk62,22223,22990,767,62178,62262
49,dodecahedron_hk62_ambo_hk62,22942,23675,733,62947,62893
50,dodecahedron_hk62_ambo_hk62,20836,21436,600,60356,60221
51,dodecahedron_hk62_ambo_hk62,22103,22712,609,63728,63737
52,dodecahedron_hk62_ambo_hk62,21421,22087,666,61766,61842
53,dodecahedron_hk62_ambo_hk62,21884,22585,701,62925,62960
54,dodecahedron_hk62_ambo_hk62,21287,21961,674,61861,61875
55,dodecahedron_hk62_ambo_hk62,21082,21775,693,62299,62274
56,dodecahedron_hk62_ambo_hk62,20971,21655,684,62356,62340
57,dodecahedron_hk62_ambo_hk62,21109,21832,723,62605,62639
58,dodecahedron_hk62_ambo_hk62,20764,21489,725,62116,62119
59,dodecahedron_hk62_ambo_hk62,20736,21392,656,62431,62365
60,dodecahedron_hk62_ambo_hk62,20734,21500,766,62459,62570
61,dodecahedron_hk62_ambo_hk62,20487,21151,664,62214,62111
62,dodecahedron_hk62_ambo_hk62,20692,21399,707,62674,62710
63,dodecahedron_hk62_ambo_hk62,20309,21042,733,62079,62103
64,dodecahedron_hk62_ambo_hk62,21154,21803,649,63307,63222
65,dodecahedron_hk62_ambo_hk62,19893,20583,690,60946,61000
66,dodecahedron_hk62_ambo_hk62,21161,21725,564,63727,63604
67,dodecahedron_hk62_ambo_hk62,20175,20788,613,61475,61579
68,dodecahedron_hk62_ambo_hk62,21279,21905,626,63620,63570
69,dodecahedron_hk62_ambo_hk62,20211,20816,605,61391,61369
70,truncatedIcosahedron_hk58_chamfer63,1887,1836,-51,44138,43478
71,truncatedIcosahedron_hk58_chamfer63,9736,10093,357,70303,70715
72,truncatedIcosahedron_hk58_chamfer63,9897,10192,295,62625,62561
73,truncatedIcosahedron_hk58_chamfer63,9694,10073,379,62259,62343
74,truncatedIcosahedron_hk58_chamfer63,11221,11591,370,63996,63987
75,truncatedIcosahedron_hk58_chamfer63,17978,18356,378,69187,69177
76,truncatedIcosahedron_hk58_chamfer63,17555,17906,351,62033,62008
77,truncatedIcosahedron_hk58_chamfer63,16733,17049,316,61636,61601
78,truncatedIcosahedron_hk58_chamfer63,18009,18121,112,63733,63531
79,truncatedIcosahedron_hk58_chamfer63,16445,16980,535,60895,61320
80,truncatedIcosahedron_hk58_chamfer63,16798,17168,370,62791,62648
81,truncatedIcosahedron_hk58_chamfer63,16671,17051,380,62013,62070
82,truncatedIcosahedron_hk58_chamfer63,23267,23559,292,69108,68969
83,truncatedIcosahedron_hk58_chamfer63,27884,29437,1553,67054,68321
84,truncatedIcosahedron_hk58_chamfer63,27291,28888,1597,61865,61900
85,truncatedIcosahedron_hk58_chamfer63,25833,27497,1664,61000,61050
86,truncatedIcosahedron_hk58_chamfer63,25989,27655,1666,62613,62603
87,truncatedIcosahedron_hk58_chamfer63,26669,28491,1822,63138,63281
88,truncatedIcosahedron_hk58_chamfer63,27731,29488,1757,63527,63443
89,truncatedIcosahedron_hk58_chamfer63,25674,27501,1827,60378,60473
90,truncatedIcosahedron_hk58_chamfer63,25914,27679,1765,62701,62639
91,truncatedIcosahedron_hk58_chamfer63,25660,27353,1693,62214,62135
92,truncatedIcosahedron_hk58_chamfer63,25859,27776,1917,62662,62884
93,truncatedIcosahedron_hk58_chamfer63,26026,27699,1673,62630,62383
94,truncatedIcosahedron_hk58_chamfer63,26554,28376,1822,62972,63200
95,truncatedIcosahedron_hk58_chamfer63,26326,27923,1597,62287,62008
96,truncatedIcosahedron_hk58_chamfer63,26963,28703,1740,63097,63246
97,truncatedIcosahedron_hk58_chamfer63,26989,28934,1945,62183,62378
98,truncatedIcosahedron_hk58_chamfer63,28221,30047,1826,63694,63573
99,truncatedIcosahedron_hk58_chamfer63,27162,28826,1664,61402,61240
100,truncatedIcosahedron_hk58_chamfer63,27710,29439,1729,63014,63074
101,truncatedIcosahedron_hk58_chamfer63,28056,29686,1630,62805,62714
102,truncatedIcosahedron_hk58_chamfer63,28749,30495,1746,63155,63270
103,truncatedIcosahedron_hk58_chamfer63,27033,28585,1552,60745,60551
104,truncatedIcosahedron_hk58_chamfer63,28546,30504,1958,63974,64381
105,truncatedIcosahedron_hk58_chamfer63,28649,30339,1690,62554,62296
106,truncatedIcosahedron_hk58_chamfer63,28817,30638,1821,62630,62750
107,truncatedIcosahedron_hk58_chamfer63,28084,29649,1565,61728,61470
108,truncatedIcosahedron_hk58_chamfer63,28526,30473,1947,62910,63339
109,truncatedIcosahedron_hk58_chamfer63,28333,30054,1721,62322,62042
110,truncatedIcosahedron_hk58_chamfer63,27791,29639,1848,61919,62047
111,truncatedIcosahedron_hk58_chamfer63,27966,29548,1582,62636,62369
112,truncatedIcosahedron_hk58_chamfer63,27276,28929,1653,61771,61848
113,truncatedIcosahedron_hk58_chamfer63,27777,29345,1568,62701,62623
114,truncatedIcosahedron_hk58_chamfer63,27111,28762,1651,61795,61879
115,truncatedIcosahedron_hk58_chamfer63,27307,28889,1582,62655,62589
116,truncatedIcosahedron_hk58_chamfer63,27175,28780,1605,62312,62353
117,truncatedIcosahedron_hk58_chamfer63,26786,28465,1679,62073,62145
118,truncatedIcosahedron_hk58_chamfer63,26935,28570,1635,62611,62564
119,truncatedIcosahedron_hk58_chamfer63,26426,28061,1635,61952,61958
120,truncatedIcosahedron_hk58_chamfer63,26443,28125,1682,62479,62524
121,truncatedIcosahedron_hk58_chamfer63,26112,27882,1770,62120,62217
122,truncatedIcosahedron_hk58_chamfer63,26357,28075,1718,62760,62709
123,truncatedIcosahedron_hk58_chamfer63,25875,27545,1670,61979,61931
124,truncatedIcosahedron_hk58_chamfer63,26230,27926,1696,62817,62841
125,truncatedIcosahedron_hk58_chamfer63,25503,27188,1685,61733,61723
126,truncatedIcosahedron_hk58_chamfer63,25742,27541,1799,62701,62815
127,truncatedIcosahedron_hk58_chamfer63,25686,27421,1735,62404,62348
128,truncatedIcosahedron_hk58_chamfer63,25894,27516,1622,62669,62555
129,truncatedIcosahedron_hk58_chamfer63,26198,27974,1776,62514,62666
130,truncatedIcosahedron_hk58_chamfer63,26333,28002,1669,62597,62495
131,truncatedIcosahedron_hk58_chamfer63,25946,27778,1832,62073,62238
132,dodecahedron_ambo_bevel33_relax_hk66,1525,1542,17,38040,36226
133,dodecahedron_ambo_bevel33_relax_hk66,7623,7817,194,68552,68730
134,dodecahedron_ambo_bevel33_relax_hk66,8040,8223,183,62877,62868
135,dodecahedron_ambo_bevel33_relax_hk66,7566,7765,199,61986,62055
136,dodecahedron_ambo_bevel33_relax_hk66,8127,8336,209,63077,63033
137,dodecahedron_ambo_bevel33_relax_hk66,9172,9455,283,63461,63548
138,dodecahedron_ambo_bevel33_relax_hk66,9393,9685,292,62676,62680
139,dodecahedron_ambo_bevel33_relax_hk66,9057,9400,343,62128,62180
140,dodecahedron_ambo_bevel33_relax_hk66,9615,10035,420,63022,63094
141,dodecahedron_ambo_bevel33_relax_hk66,9645,10056,411,62482,62482
142,dodecahedron_ambo_bevel33_relax_hk66,11839,12298,459,64658,64703
143,dodecahedron_ambo_bevel33_relax_hk66,10564,10957,393,61177,61118
144,dodecahedron_ambo_bevel33_relax_hk66,10521,10937,416,62416,62434
145,dodecahedron_ambo_bevel33_relax_hk66,10093,10515,422,61712,61721
146,dodecahedron_ambo_bevel33_relax_hk66,10142,10547,405,62511,62493
147,dodecahedron_ambo_bevel33_relax_hk66,10448,10921,473,62770,62833
148,dodecahedron_ambo_bevel33_relax_hk66,12819,13248,429,64830,64771
149,dodecahedron_ambo_bevel33_relax_hk66,12373,13058,685,61990,62313
150,dodecahedron_ambo_bevel33_relax_hk66,11807,12471,664,61948,61871
151,dodecahedron_ambo_bevel33_relax_hk66,12414,13166,752,63066,63156
152,dodecahedron_ambo_bevel33_relax_hk66,11918,12655,737,61966,61954
153,dodecahedron_ambo_bevel33_relax_hk66,12676,13476,800,63218,63280
154,dodecahedron_ambo_bevel33_relax_hk66,15083,15893,810,64867,64879
155,dodecahedron_ambo_bevel33_relax_hk66,12774,13575,801,60150,60140
156,dodecahedron_ambo_bevel33_relax_hk66,12356,13114,758,62039,61999
157,dodecahedron_ambo_bevel33_relax_hk66,12878,13692,814,62981,63037
158,dodecahedron_ambo_bevel33_relax_hk66,19192,19880,688,68774,68648
159,dodecahedron_ambo_bevel33_relax_hk66,27783,28577,794,71012,71097
160,dodecahedron_ambo_bevel33_relax_hk66,25796,26587,791,60456,60464
161,dodecahedron_ambo_bevel33_relax_hk66,26302,26655,353,62704,62236
162,dodecahedron_ambo_bevel33_relax_hk66,25483,25753,270,61642,61611
163,dodecahedron_ambo_bevel33_relax_hk66,26827,27143,316,63856,63847
164,dodecahedron_ambo_bevel33_relax_hk66,25534,26610,1076,61171,61926
165,dodecahedron_ambo_bevel33_relax_hk66,25843,27156,1313,62773,63008
166,dodecahedron_ambo_bevel33_relax_hk66,27026,28348,1322,63643,63658
167,dodecahedron_ambo_bevel33_relax_hk66,25289,26625,1336,60726,60741
168,dodecahedron_ambo_bevel33_relax_hk66,25083,26423,1340,62255,62256
169,dodecahedron_ambo_bevel33_relax_hk66,25262,26623,1361,62640,62660
170,dodecahedron_ambo_bevel33_relax_hk66,25071,26341,1270,62277,62177
171,dodecahedron_ambo_bevel33_relax_hk66,25403,26725,1322,62794,62845
172,dodecahedron_ambo_bevel33_relax_hk66,25343,26715,1372,62401,62457
173,dodecahedron_ambo_bevel33_relax_hk66,25886,27213,1327,63005,62960
174,dodecahedron_ambo_bevel33_relax_hk66,25420,26759,1339,61995,62015
175,dodecahedron_ambo_bevel33_relax_hk66,26184,27642,1458,63232,63343
176,dodecahedron_ambo_bevel33_relax_hk66,25611,26969,1358,61893,61843
177,dodecahedron_ambo_bevel33_relax_hk66,27359,28868,1509,63949,64052
178,dodecahedron_ambo_bevel33_relax_hk66,25794,27191,1397,60896,60784
179,dodecahedron_ambo_bevel33_relax_hk66,28694,30203,1509,65360,65473
180,dodecahedron_ambo_bevel33_relax_hk66,26025,27384,1359,59794,59640
181,dodecahedron_ambo_bevel33_relax_hk66,28711,30144,1433,65134,65218
182,dodecahedron_ambo_bevel33_relax_hk66,26798,28282,1484,60549,60605
183,dodecahedron_ambo_bevel33_relax_hk66,28535,30057,1522,64199,64229
184,dodecahedron_ambo_bevel33_relax_hk66,27512,28800,1288,61438,61204
185,dodecahedron_ambo_bevel33_relax_hk66,30158,31670,1512,65107,65332
186,dodecahedron_ambo_bevel33_relax_hk66,28020,29455,1435,60324,60234
187,dodecahedron_ambo_bevel33_relax_hk66,29033,30508,1475,63473,63515
188,dodecahedron_ambo_bevel33_relax_hk66,27599,28904,1305,61029,60857
189,dodecahedron_ambo_bevel33_relax_hk66,28696,30119,1423,63556,63731
190,dodecahedron_ambo_bevel33_relax_hk66,28022,29372,1350,61842,61714
191,dodecahedron_ambo_bevel33_relax_hk66,27015,28333,1318,61458,61415
192,dodecahedron_ambo_bevel33_relax_hk66,27586,28938,1352,63033,63066
193,dodecahedron_ambo_bevel33_relax_hk66,26926,28235,1309,61550,61501
194,dodecahedron_ambo_bevel33_relax_hk66,27301,28764,1463,62834,62989
195,dodecahedron_ambo_bevel33_relax_hk66,26014,27198,1184,61162,60894
196,dodecahedron_ambo_bevel33_relax_hk66,26759,28064,1305,63204,63328
197,dodecahedron_ambo_bevel33_relax_hk66,25778,27041,1263,61479,61429
198,dodecahedron_ambo_bevel33_relax_hk66,26255,27537,1282,62940,62957
199,dodecahedron_ambo_bevel33_relax_hk66,25226,26569,1343,61433,61500
200,dodecahedron_ambo_bevel33_relax_hk66,25932,27296,1364,63167,63187
201,dodecahedron_ambo_bevel33_relax_hk66,25049,26387,1338,61579,61552
202,dodecahedron_ambo_bevel33_relax_hk66,25590,26913,1323,63001,62988
203,dodecahedron_ambo_bevel33_relax_hk66,24873,26200,1327,61734,61802
204,dodecahedron_ambo_bevel33_relax_hk66,25591,26846,1255,63232,63109
205,dodecahedron_ambo_bevel33_relax_hk66,25159,26484,1325,62016,62099
206,dodecahedron_ambo_bevel33_relax_hk66,25466,26782,1316,62754,62760
207,dodecahedron_ambo_bevel33_relax_hk66,25355,26599,1244,62351,62282
208,dodecahedron_ambo_bevel33_relax_hk66,25502,26863,1361,62607,62726
209,dodecahedron_ambo_bevel33_relax_hk66,25384,26697,1313,62080,62041
210,truncatedIcosahedron_ambo_relax_truncate33_hk64,1785,1852,67,38864,37617
211,truncatedIcosahedron_ambo_relax_truncate33_hk64,9473,9869,396,70142,70459
212,truncatedIcosahedron_ambo_relax_truncate33_hk64,9746,10113,367,62733,62705
213,truncatedIcosahedron_ambo_relax_truncate33_hk64,9273,9626,353,61987,61974
214,truncatedIcosahedron_ambo_relax_truncate33_hk64,10398,10681,283,63590,63516
215,truncatedIcosahedron_ambo_relax_truncate33_hk64,12056,12637,581,64101,64407
216,truncatedIcosahedron_ambo_relax_truncate33_hk64,12432,13026,594,62838,62904
217,truncatedIcosahedron_ambo_relax_truncate33_hk64,11958,12721,763,62042,62156
218,truncatedIcosahedron_ambo_relax_truncate33_hk64,12701,13457,756,63205,63197
219,truncatedIcosahedron_ambo_relax_truncate33_hk64,12600,13374,774,62363,62379
220,truncatedIcosahedron_ambo_relax_truncate33_hk64,15298,16085,787,65159,65173
221,truncatedIcosahedron_ambo_relax_truncate33_hk64,10642,11426,784,57807,57806
222,truncatedIcosahedron_ambo_relax_truncate33_hk64,10867,11653,786,62686,62695
223,truncatedIcosahedron_ambo_relax_truncate33_hk64,10535,11304,769,62129,62111
224,truncatedIcosahedron_ambo_relax_truncate33_hk64,13931,14712,781,65858,65870
225,truncatedIcosahedron_ambo_relax_truncate33_hk64,14667,15460,793,62868,62869
226,truncatedIcosahedron_ambo_relax_truncate33_hk64,14604,15379,775,62398,62379
227,truncatedIcosahedron_ambo_relax_truncate33_hk64,14249,15098,849,62108,62179
228,truncatedIcosahedron_ambo_relax_truncate33_hk64,14185,14987,802,62396,62332
229,truncatedIcosahedron_ambo_relax_truncate33_hk64,14125,15032,907,62402,62505
230,truncatedIcosahedron_ambo_relax_truncate33_hk64,23628,24478,850,71963,71963
231,truncatedIcosahedron_ambo_relax_truncate33_hk64,31549,32612,1063,70386,70550
232,truncatedIcosahedron_ambo_relax_truncate33_hk64,30714,31693,979,61622,61521
233,truncatedIcosahedron_ambo_relax_truncate33_hk64,29613,30242,629,61359,61004
234,truncatedIcosahedron_ambo_relax_truncate33_hk64,29196,29661,465,62041,61880
235,truncatedIcosahedron_ambo_relax_truncate33_hk64,29666,30273,607,62924,63069
236,truncatedIcosahedron_ambo_relax_truncate33_hk64,29823,30527,704,62617,62716
237,truncatedIcosahedron_ambo_relax_truncate33_hk64,30759,31872,1113,63393,63803
238,truncatedIcosahedron_ambo_relax_truncate33_hk64,30946,32607,1661,62647,63195
239,truncatedIcosahedron_ambo_relax_truncate33_hk64,29174,30876,1702,60689,60730
240,truncatedIcosahedron_ambo_relax_truncate33_hk64,28707,30321,1614,61991,61906
241,truncatedIcosahedron_ambo_relax_truncate33_hk64,29317,30999,1682,62763,62816
242,truncatedIcosahedron_ambo_relax_truncate33_hk64,28981,30607,1626,62125,62069
243,truncatedIcosahedron_ambo_relax_truncate33_hk64,29778,31498,1720,63248,63347
244,truncatedIcosahedron_ambo_relax_truncate33_hk64,29505,31145,1640,62187,62168
245,truncatedIcosahedron_ambo_relax_truncate33_hk64,30330,32027,1697,63340,63343
246,truncatedIcosahedron_ambo_relax_truncate33_hk64,29629,31314,1685,61761,61748
247,truncatedIcosahedron_ambo_relax_truncate33_hk64,30942,32668,1726,63775,63816
248,truncatedIcosahedron_ambo_relax_truncate33_hk64,30225,31946,1721,61742,61741
249,truncatedIcosahedron_ambo_relax_truncate33_hk64,31297,33015,1718,63534,63531
250,truncatedIcosahedron_ambo_relax_truncate33_hk64,30612,32314,1702,61778,61761
251,truncatedIcosahedron_ambo_relax_truncate33_hk64,31750,33541,1791,63598,63695
252,truncatedIcosahedron_ambo_relax_truncate33_hk64,30993,32699,1706,61703,61619
253,truncatedIcosahedron_ambo_relax_truncate33_hk64,32516,34384,1868,63965,64144
254,truncatedIcosahedron_ambo_relax_truncate33_hk64,31457,33162,1705,61392,61239
255,truncatedIcosahedron_ambo_relax_truncate33_hk64,33121,34835,1714,64126,64115
256,truncatedIcosahedron_ambo_relax_truncate33_hk64,32019,33720,1701,61359,61348
257,truncatedIcosahedron_ambo_relax_truncate33_hk64,33549,35368,1819,63736,63912
258,truncatedIcosahedron_ambo_relax_truncate33_hk64,32509,34197,1688,61474,61290
259,truncatedIcosahedron_ambo_relax_truncate33_hk64,33347,35125,1778,63284,63387
260,truncatedIcosahedron_ambo_relax_truncate33_hk64,31940,33650,1710,61059,60975
261,truncatedIcosahedron_ambo_relax_truncate33_hk64,33508,35289,1781,64026,64098
262,truncatedIcosahedron_ambo_relax_truncate33_hk64,31858,33578,1720,60819,60751
263,truncatedIcosahedron_ambo_relax_truncate33_hk64,32641,34358,1717,63241,63240
264,truncatedIcosahedron_ambo_relax_truncate33_hk64,31227,32960,1733,61053,61063
265,truncatedIcosahedron_ambo_relax_truncate33_hk64,32238,33946,1708,63467,63443
266,truncatedIcosahedron_ambo_relax_truncate33_hk64,30415,32051,1636,60636,60562
267,truncatedIcosahedron_ambo_relax_truncate33_hk64,31466,33253,1787,63518,63662
268,truncatedIcosahedron_ambo_relax_truncate33_hk64,30074,31875,1801,61070,61084
269,truncatedIcosahedron_ambo_relax_truncate33_hk64,30472,32179,1707,62858,62771
270,truncatedIcosahedron_ambo_relax_truncate33_hk64,29290,30950,1660,61285,61232
271,truncatedIcosahedron_ambo_relax_truncate33_hk64,30057,31805,1748,63228,63372
272,truncatedIcosahedron_ambo_relax_truncate33_hk64,28880,30591,1711,61339,61247
273,truncatedIcosahedron_ambo_relax_truncate33_hk64,29862,31545,1683,63192,63160
274,truncatedIcosahedron_ambo_relax_truncate33_hk64,28457,30105,1648,61056,61022
275,truncatedIcosahedron_ambo_relax_truncate33_hk64,29588,31310,1722,63592,63667
276,truncatedIcosahedron_ambo_relax_truncate33_hk64,28356,30021,1665,61229,61173
277,truncatedIcosahedron_ambo_relax_truncate33_hk64,29625,31321,1696,63734,63761
278,truncatedIcosahedron_ambo_relax_truncate33_hk64,28368,29989,1621,61205,61129
279,truncatedIcosahedron_ambo_relax_truncate33_hk64,29769,31436,1667,63863,63906
280,truncatedIcosahedron_ambo_relax_truncate33_hk64,28552,30203,1651,61242,61227
281,truncatedIcosahedron_ambo_relax_truncate33_hk64,29808,31546,1738,63717,63804
282,dodecahedron_bevel2_relax_gyro,1577,1538,-39,34229,32453
283,dodecahedron_bevel2_relax_gyro,8158,8417,259,69037,69338
284,dodecahedron_bevel2_relax_gyro,8581,8794,213,62884,62893
285,dodecahedron_bevel2_relax_gyro,8066,8264,198,62001,61932
286,dodecahedron_bevel2_relax_gyro,8647,8919,272,63050,63115
287,dodecahedron_bevel2_relax_gyro,9625,9907,282,63389,63403
288,dodecahedron_bevel2_relax_gyro,10015,10334,319,62846,62865
289,dodecahedron_bevel2_relax_gyro,9373,9749,376,61511,61551
290,dodecahedron_bevel2_relax_gyro,10078,10516,438,63168,63226
291,dodecahedron_bevel2_relax_gyro,9834,10331,497,62219,62276
292,dodecahedron_bevel2_relax_gyro,12160,12569,409,64789,64700
293,dodecahedron_bevel2_relax_gyro,10916,11342,426,61212,61194
294,dodecahedron_bevel2_relax_gyro,11207,11592,385,62736,62710
295,dodecahedron_bevel2_relax_gyro,10613,11039,426,61865,61911
296,dodecahedron_bevel2_relax_gyro,10878,11300,422,62725,62722
297,dodecahedron_bevel2_relax_gyro,10395,10937,542,61978,62097
298,dodecahedron_bevel2_relax_gyro,12598,13067,469,64665,64646
299,dodecahedron_bevel2_relax_gyro,10324,10803,479,60238,60194
300,dodecahedron_bevel2_relax_gyro,10905,11377,472,63041,63034
301,dodecahedron_bevel2_relax_gyro,10359,10801,442,61914,61882
302,dodecahedron_bevel2_relax_gyro,15065,15486,421,67168,67147
303,dodecahedron_bevel2_relax_gyro,18915,31830,12915,66301,78793
304,dodecahedron_bevel2_relax_gyro,20178,28143,7965,63724,58765
305,dodecahedron_bevel2_relax_gyro,19079,24384,5305,61096,58429
306,dodecahedron_bevel2_relax_gyro,20870,26140,5270,64247,64210
307,dodecahedron_bevel2_relax_gyro,20701,27138,6437,62290,63453
308,dodecahedron_bevel2_relax_gyro,31934,39124,7190,73699,74445
309,dodecahedron_bevel2_relax_gyro,32788,36505,3717,63274,59826
310,dodecahedron_bevel2_relax_gyro,33221,37023,3802,62891,62969
311,dodecahedron_bevel2_relax_gyro,31469,35306,3837,60710,60790
312,dodecahedron_bevel2_relax_gyro,32203,36114,3911,63253,63267
313,dodecahedron_bevel2_relax_gyro,31434,35432,3998,61694,61784
314,dodecahedron_bevel2_relax_gyro,35846,39904,4058,66875,66934
315,dodecahedron_bevel2_relax_gyro,25678,32361,6683,52288,54909
316,dodecahedron_bevel2_relax_gyro,26046,32702,6656,62828,62800
317,dodecahedron_bevel2_relax_gyro,25769,32070,6301,62183,61827
318,dodecahedron_bevel2_relax_gyro,26273,32711,6438,62966,63104
319,dodecahedron_bevel2_relax_gyro,26105,32410,6305,62292,62161
320,dodecahedron_bevel2_relax_gyro,37737,44120,6383,74083,74172
321,dodecahedron_bevel2_relax_gyro,32884,39030,6146,57306,57095
322,dodecahedron_bevel2_relax_gyro,33326,39210,5884,62904,62626
323,dodecahedron_bevel2_relax_gyro,32654,37830,5176,61791,61079
324,dodecahedron_bevel2_relax_gyro,32770,37430,4660,62581,62062
325,dodecahedron_bevel2_relax_gyro,32330,36624,4294,62024,61710
326,dodecahedron_bevel2_relax_gyro,33931,38044,4113,64119,63882
327,dodecahedron_bevel2_relax_gyro,18038,21887,3849,46569,46303
328,dodecahedron_bevel2_relax_gyro,18443,22163,3720,62866,62737
329,dodecahedron_bevel2_relax_gyro,17923,21679,3756,61942,61977
330,dodecahedron_bevel2_relax_gyro,18393,22192,3799,62930,62970
331,dodecahedron_bevel2_relax_gyro,18067,21745,3678,62129,62008
332,dodecahedron_bevel2_relax_gyro,18414,22167,3753,62810,62884
333,dodecahedron_bevel2_relax_gyro,18295,21972,3677,62342,62271
334,dodecahedron_bevel2_relax_gyro,18621,22358,3737,62788,62848
335,dodecahedron_bevel2_relax_gyro,18555,22202,3647,62385,62305
336,dodecahedron_bevel2_relax_gyro,18730,22410,3680,62636,62670
337,dodecahedron_bevel2_relax_gyro,18698,22383,3685,62124,62116
338,dodecahedron_bevel2_relax_gyro,18877,22512,3635,62640,62591
339,dodecahedron_bevel2_relax_gyro,19062,22659,3597,62701,62663
340,dodecahedron_bevel2_relax_gyro,19062,22704,3642,62451,62507
341,dodecahedron_bevel2_relax_gyro,18862,22516,3654,62249,62274
342,dodecahedron_bevel2_relax_gyro,19108,22876,3768,62714,62822
343,dodecahedron_bevel2_relax_gyro,19085,22805,3720,62438,62398
344,dodecahedron_bevel2_relax_gyro,19106,22787,3681,62472,62442
345,dodecahedron_bevel2_relax_gyro,18986,22702,3716,62340,62376
346,dodecahedron_bevel2_relax_gyro,19083,22756,3673,62559,62515
347,dodecahedron_bevel2_relax_gyro,19068,22880,3812,62434,62584
348,dodecahedron_bevel2_relax_gyro,19051,22808,3757,62434,62390
349,dodecahedron_bevel2_relax_gyro,18959,22677,3718,62343,62328
350,dodecahedron_bevel2_relax_gyro,19122,22768,3646,62624,62553
351,dodecahedron_bevel2_relax_gyro,18772,22707,3935,62112,62395
352,dodecahedron_bevel2_relax_gyro,18891,22491,3600,62581,62306
353,dodecahedron_bevel2_relax_gyro,18800,22550,3750,62174,62275
354,dodecahedron_bevel2_relax_gyro,18943,22665,3722,62603,62574
355,dodecahedron_bevel2_relax_gyro,18563,22263,3700,62083,62057
356,dodecahedron_bevel2_relax_gyro,18584,22314,3730,62482,62511
357,dodecahedron_bevel2_relax_gyro,18679,22353,3674,62563,62498
358,dodecahedron_bevel2_relax_gyro,18602,22266,3664,62376,62374
359,dodecahedron_bevel2_relax_gyro,18542,22142,3600,62402,62339
360,dodecahedron_bevel2_relax_gyro,18549,22105,3556,62466,62426
361,dodecahedron_bevel2_relax_gyro,18683,22368,3685,62596,62718
362,dodecahedron_bevel2_relax_gyro,18629,22117,3488,62407,62202
363,dodecahedron_bevel2_relax_gyro,18541,22103,3562,62363,62435
364,dodecahedron_bevel2_relax_gyro,18455,21991,3536,62373,62340
365,dodecahedron_bevel2_relax_gyro,18537,22196,3659,62545,62665
366,dodecahedron_bevel2_relax_gyro,18470,22069,3599,62398,62390
367,dodecahedron_bevel2_relax_gyro,18999,22645,3646,63045,63036
368,dodecahedron_bevel2_relax_gyro,18691,22381,3690,62153,62198
369,dodecahedron_bevel2_relax_gyro,18529,22274,3745,62058,62102
370,truncatedIcosidodecahedron_bevel5_relax_hk77,2243,2216,-27,46174,42409
371,truncatedIcosidodecahedron_bevel5_relax_hk77,11109,11594,485,71324,71832
372,truncatedIcosidodecahedron_bevel5_relax_hk77,10812,11208,396,62163,62073
373,truncatedIcosidodecahedron_bevel5_relax_hk77,11008,11488,480,62629,62747
374,truncatedIcosidodecahedron_bevel5_relax_hk77,12287,12662,375,63741,63634
375,truncatedIcosidodecahedron_bevel5_relax_hk77,15970,16857,887,66120,66645
376,truncatedIcosidodecahedron_bevel5_relax_hk77,15487,16562,1075,61974,62153
377,truncatedIcosidodecahedron_bevel5_relax_hk77,16108,17226,1118,63077,63123
378,truncatedIcosidodecahedron_bevel5_relax_hk77,15834,17139,1305,62191,62373
379,truncatedIcosidodecahedron_bevel5_relax_hk77,16607,17971,1364,63237,63348
380,truncatedIcosidodecahedron_bevel5_relax_hk77,20865,22283,1418,66777,66774
381,truncatedIcosidodecahedron_bevel5_relax_hk77,20158,21569,1411,61732,61729
382,truncatedIcosidodecahedron_bevel5_relax_hk77,19502,20978,1476,61802,61861
383,truncatedIcosidodecahedron_bevel5_relax_hk77,20102,21657,1555,63041,63145
384,truncatedIcosidodecahedron_bevel5_relax_hk77,19684,21220,1536,62046,62015
385,truncatedIcosidodecahedron_bevel5_relax_hk77,20219,21870,1651,62675,62785
386,truncatedIcosidodecahedron_bevel5_relax_hk77,30395,32063,1668,72638,72655
387,truncatedIcosidodecahedron_bevel5_relax_hk77,16244,18289,2045,48308,48686
388,truncatedIcosidodecahedron_bevel5_relax_hk77,16093,17976,1883,62311,62147
389,truncatedIcosidodecahedron_bevel5_relax_hk77,16533,18627,2094,62907,63110
390,truncatedIcosidodecahedron_bevel5_relax_hk77,28675,30742,2067,74601,74567
391,truncatedIcosidodecahedron_bevel5_relax_hk77,40580,43150,2570,74302,74801
392,truncatedIcosidodecahedron_bevel5_relax_hk77,37211,39176,1965,59086,58482
393,truncatedIcosidodecahedron_bevel5_relax_hk77,36285,37778,1493,61529,61115
394,truncatedIcosidodecahedron_bevel5_relax_hk77,35758,37146,1388,61988,61828
395,truncatedIcosidodecahedron_bevel5_relax_hk77,38715,39383,668,65417,64696
396,truncatedIcosidodecahedron_bevel5_relax_hk77,40415,40844,429,64160,63921
397,truncatedIcosidodecahedron_bevel5_relax_hk77,41994,42572,578,64037,64190
398,truncatedIcosidodecahedron_bevel5_relax_hk77,38178,40435,2257,58643,60321
399,truncatedIcosidodecahedron_bevel5_relax_hk77,35279,37534,2255,59550,59557
400,truncatedIcosidodecahedron_bevel5_relax_hk77,35549,37690,2141,62722,62614
401,truncatedIcosidodecahedron_bevel5_relax_hk77,35289,37569,2280,61883,62017
402,truncatedIcosidodecahedron_bevel5_relax_hk77,35634,37853,2219,62808,62744
403,truncatedIcosidodecahedron_bevel5_relax_hk77,35576,37869,2293,62403,62475
404,truncatedIcosidodecahedron_bevel5_relax_hk77,36488,38749,2261,63361,63343
405,truncatedIcosidodecahedron_bevel5_relax_hk77,39070,41091,2021,65043,64801
406,truncatedIcosidodecahedron_bevel5_relax_hk77,40260,42644,2384,63640,64068
407,truncatedIcosidodecahedron_bevel5_relax_hk77,38544,40726,2182,60800,60544
408,truncatedIcosidodecahedron_bevel5_relax_hk77,42696,44979,2283,66603,66719
409,truncatedIcosidodecahedron_bevel5_relax_hk77,40932,43602,2670,60697,61085
410,truncatedIcosidodecahedron_bevel5_relax_hk77,41174,43499,2325,62704,62357
411,truncatedIcosidodecahedron_bevel5_relax_hk77,40387,42720,2333,61675,61682
412,truncatedIcosidodecahedron_bevel5_relax_hk77,42643,44966,2323,64718,64708
413,truncatedIcosidodecahedron_bevel5_relax_hk77,41980,44511,2531,61800,62007
414,truncatedIcosidodecahedron_bevel5_relax_hk77,42255,44609,2354,62736,62560
415,truncatedIcosidodecahedron_bevel5_relax_hk77,41346,43883,2537,61554,61716
416,truncatedIcosidodecahedron_bevel5_relax_hk77,43557,45852,2295,64673,64431
417,truncatedIcosidodecahedron_bevel5_relax_hk77,43073,45707,2634,61725,62040
418,truncatedIcosidodecahedron_bevel5_relax_hk77,42927,45355,2428,62317,62109
419,truncatedIcosidodecahedron_bevel5_relax_hk77,41154,43784,2630,60678,60890
420,truncatedIcosidodecahedron_bevel5_relax_hk77,39844,42362,2518,61157,61095
421,truncatedIcosidodecahedron_bevel5_relax_hk77,39832,42306,2474,62502,62405
422,truncatedIcosidodecahedron_bevel5_relax_hk77,39085,41499,2414,61715,61655
423,truncatedIcosidodecahedron_bevel5_relax_hk77,38419,40888,2469,61793,61850
424,truncatedIcosidodecahedron_bevel5_relax_hk77,37519,39854,2335,61561,61435
425,truncatedIcosidodecahedron_bevel5_relax_hk77,37235,39624,2389,62177,62238
426,truncatedIcosidodecahedron_bevel5_relax_hk77,37266,39536,2270,62493,62372
427,truncatedIcosidodecahedron_bevel5_relax_hk77,37029,39324,2295,62224,62249
428,truncatedIcosidodecahedron_bevel5_relax_hk77,36845,39099,2254,62283,62237
429,truncatedIcosidodecahedron_bevel5_relax_hk77,36678,38979,2301,62283,62341
430,truncatedIcosidodecahedron_bevel5_relax_hk77,36376,38647,2271,62160,62129
431,truncatedIcosidodecahedron_bevel5_relax_hk77,36122,38474,2352,62206,62287
432,truncatedIcosidodecahedron_bevel5_relax_hk77,36626,38884,2258,62966,62872
433,truncatedIcosidodecahedron_bevel5_relax_hk77,35850,38172,2322,61431,61544
434,truncatedIcosidodecahedron_bevel5_relax_hk77,36187,38408,2221,62853,62694
435,truncatedIcosidodecahedron_bevel5_relax_hk77,35335,37681,2346,61609,61734
436,truncatedIcosidodecahedron_bevel5_relax_hk77,35951,38250,2299,63070,63036
437,truncatedIcosidodecahedron_bevel5_relax_hk77,35411,37662,2251,61926,61873
438,truncatedIcosidodecahedron_bevel5_relax_hk77,35844,38035,2191,62893,62834
439,truncatedIcosidodecahedron_bevel5_relax_hk77,35813,38037,2224,62428,62463
440,truncatedIcosidodecahedron_bevel5_relax_hk77,35818,38026,2208,62467,62452
441,truncatedIcosidodecahedron_bevel5_relax_hk77,35928,38126,2198,62570,62561
442,truncatedOctahedron_gyro_kis_hk17,1681,1677,-4,28216,26010
443,truncatedOctahedron_gyro_kis_hk17,8376,8655,279,69158,69434
444,truncatedOctahedron_gyro_kis_hk17,9014,9244,230,63098,63049
445,truncatedOctahedron_gyro_kis_hk17,8213,8462,249,61662,61678
446,truncatedOctahedron_gyro_kis_hk17,9538,9829,291,63777,63829
447,truncatedOctahedron_gyro_kis_hk17,11350,18788,7438,64251,71462
448,truncatedOctahedron_gyro_kis_hk17,13292,17298,4006,64447,60969
449,truncatedOctahedron_gyro_kis_hk17,11800,14113,2313,60647,58945
450,truncatedOctahedron_gyro_kis_hk17,11652,13407,1755,62311,61756
451,truncatedOctahedron_gyro_kis_hk17,11624,13166,1542,62432,62221
452,truncatedOctahedron_gyro_kis_hk17,14461,16206,1745,65298,65501
453,truncatedOctahedron_gyro_kis_hk17,15895,17001,1106,63867,63225
454,truncatedOctahedron_gyro_kis_hk17,15281,16452,1171,61847,61889
455,truncatedOctahedron_gyro_kis_hk17,15194,16370,1176,62372,62368
456,truncatedOctahedron_gyro_kis_hk17,14827,15970,1143,62097,62060
457,truncatedOctahedron_gyro_kis_hk17,14554,15670,1116,62188,62160
458,truncatedOctahedron_gyro_kis_hk17,21050,22171,1121,68958,68962
459,truncatedOctahedron_gyro_kis_hk17,24284,26715,2431,65692,66993
460,truncatedOctahedron_gyro_kis_hk17,25591,28333,2742,63754,64076
461,truncatedOctahedron_gyro_kis_hk17,24358,27211,2853,61220,61394
462,truncatedOctahedron_gyro_kis_hk17,26355,29725,3370,64515,64983
463,truncatedOctahedron_gyro_kis_hk17,24781,28071,3290,60889,60807
464,truncatedOctahedron_gyro_kis_hk17,29313,32831,3518,66995,67223
465,truncatedOctahedron_gyro_kis_hk17,19168,22591,3423,52048,51941
466,truncatedOctahedron_gyro_kis_hk17,20970,24601,3631,64264,64470
467,truncatedOctahedron_gyro_kis_hk17,19627,23187,3560,61117,61045
468,truncatedOctahedron_gyro_kis_hk17,21187,25361,4174,64017,64636
469,truncatedOctahedron_gyro_kis_hk17,20910,25413,4503,62190,62513
470,truncatedOctahedron_gyro_kis_hk17,28468,33044,4576,70018,70093
471,truncatedOctahedron_gyro_kis_hk17,23902,26668,2766,57890,56069
472,truncatedOctahedron_gyro_kis_hk17,24410,27132,2722,62965,62931
473,truncatedOctahedron_gyro_kis_hk17,24039,26692,2653,62091,62022
474,truncatedOctahedron_gyro_kis_hk17,24433,26876,2443,62859,62700
475,truncatedOctahedron_gyro_kis_hk17,25121,27633,2512,63205,63198
476,truncatedOctahedron_gyro_kis_hk17,28543,30980,2437,65883,65809
477,truncatedOctahedron_gyro_kis_hk17,17601,22043,4442,51510,53514
478,truncatedOctahedron_gyro_kis_hk17,18156,22548,4392,63015,62964
479,truncatedOctahedron_gyro_kis_hk17,16999,21462,4463,61311,61376
480,truncatedOctahedron_gyro_kis_hk17,17931,22235,4304,63393,63241
481,truncatedOctahedron_gyro_kis_hk17,16692,20938,4246,60957,60901
482,truncatedOctahedron_gyro_kis_hk17,27434,31767,4333,73208,73291
483,truncatedOctahedron_gyro_kis_hk17,43792,48772,4980,78753,79387
484,truncatedOctahedron_gyro_kis_hk17,43008,47625,4617,61655,61295
485,truncatedOctahedron_gyro_kis_hk17,41979,45912,3933,61425,60746
486,truncatedOctahedron_gyro_kis_hk17,39609,43016,3407,60087,59562
487,truncatedOctahedron_gyro_kis_hk17,37306,39944,2638,60155,59387
488,truncatedOctahedron_gyro_kis_hk17,35930,38351,2421,61068,60909
489,truncatedOctahedron_gyro_kis_hk17,35797,37779,1982,62380,61889
490,truncatedOctahedron_gyro_kis_hk17,36228,38224,1996,62888,62905
491,truncatedOctahedron_gyro_kis_hk17,34824,36771,1947,61060,61010
492,truncatedOctahedron_gyro_kis_hk17,34569,36549,1980,62206,62238
493,truncatedOctahedron_gyro_kis_hk17,34934,36829,1895,62825,62742
494,truncatedOctahedron_gyro_kis_hk17,34566,36573,2007,62094,62206
495,truncatedOctahedron_gyro_kis_hk17,34522,36570,2048,62409,62456
496,truncatedOctahedron_gyro_kis_hk17,35164,37157,1993,63103,63048
497,truncatedOctahedron_gyro_kis_hk17,36817,38684,1867,63810,63666
498,truncatedOctahedron_gyro_kis_hk17,36234,38477,2243,61884,62254
499,truncatedOctahedron_gyro_kis_hk17,35135,37458,2323,61363,61442
500,truncatedOctahedron_gyro_kis_hk17,37988,40279,2291,65310,65281
501,truncatedOctahedron_gyro_kis_hk17,38241,40539,2298,62714,62775
502,truncatedOctahedron_gyro_kis_hk17,37156,39197,2041,61431,61117
503,truncatedOctahedron_gyro_kis_hk17,39263,42169,2906,64570,65432
504,truncatedOctahedron_gyro_kis_hk17,38083,40384,2301,61279,60676
505,truncatedOctahedron_gyro_kis_hk17,38700,40860,2160,63078,62936
506,truncatedOctahedron_gyro_kis_hk17,38987,41575,2588,62746,63160
507,truncatedOctahedron_gyro_kis_hk17,40669,43691,3022,64149,64576
508,truncatedOctahedron_gyro_kis_hk17,38641,40850,2209,60441,59621
509,truncatedOctahedron_gyro_kis_hk17,39858,42072,2214,63678,63683
510,truncatedOctahedron_gyro_kis_hk17,39761,42431,2670,62369,62809
511,truncatedOctahedron_gyro_kis_hk17,40509,43470,2961,63209,63501
512,truncatedOctahedron_gyro_kis_hk17,37428,39746,2318,59379,58737
513,truncatedOctahedron_gyro_kis_hk17,36773,38917,2144,61563,61384
514,truncatedOctahedron_gyro_kis_hk17,38152,40394,2242,63840,63939
515,truncatedOctahedron_gyro_kis_hk17,36950,38967,2017,61242,61083
516,truncatedOctahedron_gyro_kis_hk17,36603,38606,2003,62169,62101
517,truncatedOctahedron_gyro_kis_hk17,36212,38200,1988,62068,62050
518,truncatedOctahedron_gyro_kis_hk17,36304,38462,2158,62552,62721
519,truncatedOctahedron_gyro_kis_hk17,35370,37433,2063,61528,61433
520,truncatedOctahedron_gyro_kis_hk17,35875,38077,2202,62966,63106
521,truncatedOctahedron_gyro_kis_hk17,35109,37103,1994,61695,61489
522,truncatedOctahedron_gyro_kis_hk17,35436,37562,2126,62762,62920
523,truncatedOctahedron_gyro_kis_hk17,34561,36615,2054,61575,61515
524,truncatedOctahedron_gyro_kis_hk17,35274,37369,2095,63174,63216
525,truncatedOctahedron_gyro_kis_hk17,34141,36182,2041,61327,61274
526,truncatedOctahedron_gyro_kis_hk17,34922,37011,2089,63234,63290
527,truncatedOctahedron_gyro_kis_hk17,33714,35726,2012,61250,61177
528,truncatedOctahedron_gyro_kis_hk17,35355,37423,2068,64101,64212
529,truncatedOctahedron_gyro_kis_hk17,33870,35826,1956,60775,60620
530,truncatedOctahedron_gyro_kis_hk17,34842,36805,1963,63432,63440
531,truncatedOctahedron_gyro_kis_hk17,33787,35709,1922,61405,61364
532,truncatedOctahedron_gyro_kis_hk17,35053,37034,1981,63727,63784
533,truncatedOctahedron_gyro_kis_hk17,33935,35884,1949,61344,61318
534,truncatedIcosahedron_ambo_relax_truncate001_hankin59,1850,1831,-19,30376,28407
535,truncatedIcosahedron_ambo_relax_truncate001_hankin59,9519,9897,378,70113,70519
536,truncatedIcosahedron_ambo_relax_truncate001_hankin59,10122,10441,319,63057,62998
537,truncatedIcosahedron_ambo_relax_truncate001_hankin59,9511,9886,375,61857,61905
538,truncatedIcosahedron_ambo_relax_truncate001_hankin59,10948,11299,351,63871,63873
539,truncatedIcosahedron_ambo_relax_truncate001_hankin59,12621,13210,589,64110,64361
540,truncatedIcosahedron_ambo_relax_truncate001_hankin59,13241,13859,618,63077,63100
541,truncatedIcosahedron_ambo_relax_truncate001_hankin59,12659,13286,627,61882,61877
542,truncatedIcosahedron_ambo_relax_truncate001_hankin59,12818,13556,738,62623,62787
543,truncatedIcosahedron_ambo_relax_truncate001_hankin59,12969,13775,806,62667,62680
544,truncatedIcosahedron_ambo_relax_truncate001_hankin59,15169,15937,768,64664,64625
545,truncatedIcosahedron_ambo_relax_truncate001_hankin59,10878,11775,897,57848,57961
546,truncatedIcosahedron_ambo_relax_truncate001_hankin59,10884,11701,817,62466,62388
547,truncatedIcosahedron_ambo_relax_truncate001_hankin59,10944,11842,898,62529,62606
548,truncatedIcosahedron_ambo_relax_truncate001_hankin59,13963,14805,842,65479,65423
549,truncatedIcosahedron_ambo_relax_truncate001_hankin59,15351,16137,786,63842,63783
550,truncatedIcosahedron_ambo_relax_truncate001_hankin59,15052,15858,806,62161,62182
551,truncatedIcosahedron_ambo_relax_truncate001_hankin59,15409,16194,785,62821,62788
552,truncatedIcosahedron_ambo_relax_truncate001_hankin59,14949,15687,738,62004,61953
553,truncatedIcosahedron_ambo_relax_truncate001_hankin59,15285,16047,762,62799,62822
554,truncatedIcosahedron_ambo_relax_truncate001_hankin59,23465,24144,679,70640,70546
555,truncatedIcosahedron_ambo_relax_truncate001_hankin59,33888,33972,84,72854,72263
556,truncatedIcosahedron_ambo_relax_truncate001_hankin59,33009,33134,125,61630,61673
557,truncatedIcosahedron_ambo_relax_truncate001_hankin59,34133,34222,89,63585,63547
558,truncatedIcosahedron_ambo_relax_truncate001_hankin59,33399,33504,105,61723,61741
559,truncatedIcosahedron_ambo_relax_truncate001_hankin59,34683,34771,88,63728,63733
560,truncatedIcosahedron_ambo_relax_truncate001_hankin59,33794,33883,89,61558,61573
561,truncatedIcosahedron_ambo_relax_truncate001_hankin59,34473,34551,78,62873,62872
562,truncatedIcosahedron_ambo_relax_truncate001_hankin59,35985,36083,98,63970,63991
563,truncatedIcosahedron_ambo_relax_truncate001_hankin59,34610,34653,43,61069,61030
564,truncatedIcosahedron_ambo_relax_truncate001_hankin59,33643,33696,53,61494,61498
565,truncatedIcosahedron_ambo_relax_truncate001_hankin59,34535,34577,42,63354,63343
566,truncatedIcosahedron_ambo_relax_truncate001_hankin59,33616,33677,61,61549,61561
567,truncatedIcosahedron_ambo_relax_truncate001_hankin59,34732,34763,31,63582,63544
568,truncatedIcosahedron_ambo_relax_truncate001_hankin59,34039,34094,55,61767,61791
569,truncatedIcosahedron_ambo_relax_truncate001_hankin59,35946,35989,43,64368,64409
570,truncatedIcosahedron_ambo_relax_truncate001_hankin59,34535,34580,45,61112,61044
571,truncatedIcosahedron_ambo_relax_truncate001_hankin59,36835,36870,35,64768,64750
572,truncatedIcosahedron_ambo_relax_truncate001_hankin59,35659,35703,44,61285,61291
573,truncatedIcosahedron_ambo_relax_truncate001_hankin59,37809,37825,16,64611,64583
574,truncatedIcosahedron_ambo_relax_truncate001_hankin59,36623,36657,34,61275,61290
575,truncatedIcosahedron_ambo_relax_truncate001_hankin59,38303,38317,14,64143,64120
576,truncatedIcosahedron_ambo_relax_truncate001_hankin59,36674,36711,37,60832,60855
577,truncatedIcosahedron_ambo_relax_truncate001_hankin59,39243,39270,27,64692,64696
578,truncatedIcosahedron_ambo_relax_truncate001_hankin59,38650,38657,7,61867,61849
579,truncatedIcosahedron_ambo_relax_truncate001_hankin59,39720,39734,14,63531,63544
580,truncatedIcosahedron_ambo_relax_truncate001_hankin59,37562,37580,18,60304,60307
581,truncatedIcosahedron_ambo_relax_truncate001_hankin59,40670,40691,21,65568,65569
582,truncatedIcosahedron_ambo_relax_truncate001_hankin59,39574,39570,-4,61366,61342
583,truncatedIcosahedron_ambo_relax_truncate001_hankin59,40232,40236,4,63119,63181
584,truncatedIcosahedron_ambo_relax_truncate001_hankin59,38323,38360,37,60612,60591
585,truncatedIcosahedron_ambo_relax_truncate001_hankin59,39763,39773,10,63900,63875
586,truncatedIcosahedron_ambo_relax_truncate001_hankin59,37828,37826,-2,60527,60515
587,truncatedIcosahedron_ambo_relax_truncate001_hankin59,38214,38229,15,62846,62860
588,truncatedIcosahedron_ambo_relax_truncate001_hankin59,37475,37501,26,61721,61741
589,truncatedIcosahedron_ambo_relax_truncate001_hankin59,37424,37472,48,62407,62431
590,truncatedIcosahedron_ambo_relax_truncate001_hankin59,36746,36780,34,61785,61766
591,truncatedIcosahedron_ambo_relax_truncate001_hankin59,36085,36123,38,61798,61804
592,truncatedIcosahedron_ambo_relax_truncate001_hankin59,37225,37257,32,63603,63596
593,truncatedIcosahedron_ambo_relax_truncate001_hankin59,35407,35442,35,60390,60391
594,truncatedIcosahedron_ambo_relax_truncate001_hankin59,36704,36741,37,63764,63761
595,truncatedIcosahedron_ambo_relax_truncate001_hankin59,34761,34805,44,60525,60524
596,truncatedIcosahedron_ambo_relax_truncate001_hankin59,36622,36649,27,64319,64366
597,truncatedIcosahedron_ambo_relax_truncate001_hankin59,34338,34376,38,60231,60194
598,truncatedIcosahedron_ambo_relax_truncate001_hankin59,36113,36148,35,64237,64240
599,truncatedIcosahedron_ambo_relax_truncate001_hankin59,33650,33719,69,60003,60024
600,truncatedIcosahedron_ambo_relax_truncate001_hankin59,36088,36110,22,64898,64853
601,truncatedIcosahedron_ambo_relax_truncate001_hankin59,33318,33373,55,59690,59731
602,truncatedIcosahedron_ambo_relax_truncate001_hankin59,35701,35754,53,64845,64831
603,truncatedIcosahedron_ambo_relax_truncate001_hankin59,33572,33630,58,60332,60349
604,truncatedIcosahedron_ambo_relax_truncate001_hankin59,35733,35757,24,64622,64589
605,truncatedIcosahedron_ambo_relax_truncate001_hankin59,33552,33611,59,60287,60315
606,truncatedIcosahedron_ambo_relax_truncate001_hankin73,1822,1798,-24,30731,30648
607,truncatedIcosahedron_ambo_relax_truncate001_hankin73,9053,9414,361,69695,70081
608,truncatedIcosahedron_ambo_relax_truncate001_hankin73,9339,9690,351,62748,62732
609,truncatedIcosahedron_ambo_relax_truncate001_hankin73,8997,9345,348,61869,61877
610,truncatedIcosahedron_ambo_relax_truncate001_hankin73,10051,10453,402,63517,63624
611,truncatedIcosahedron_ambo_relax_truncate001_hankin73,11760,12286,526,64193,64265
612,truncatedIcosahedron_ambo_relax_truncate001_hankin73,12073,12711,638,62772,62881
613,truncatedIcosahedron_ambo_relax_truncate001_hankin73,11890,12552,662,62279,62301
614,truncatedIcosahedron_ambo_relax_truncate001_hankin73,12460,13181,721,63034,63081
615,truncatedIcosahedron_ambo_relax_truncate001_hankin73,12603,13408,805,62602,62688
616,truncatedIcosahedron_ambo_relax_truncate001_hankin73,15005,15804,799,64864,64858
617,truncatedIcosahedron_ambo_relax_truncate001_hankin73,10690,11542,852,58141,58192
618,truncatedIcosahedron_ambo_relax_truncate001_hankin73,10624,11473,849,62395,62389
619,truncatedIcosahedron_ambo_relax_truncate001_hankin73,10737,11572,835,62574,62561
620,truncatedIcosahedron_ambo_relax_truncate001_hankin73,13580,14391,811,65304,65281
621,truncatedIcosahedron_ambo_relax_truncate001_hankin73,15155,15870,715,64024,63939
622,truncatedIcosahedron_ambo_relax_truncate001_hankin73,14686,15405,719,61981,62001
623,truncatedIcosahedron_ambo_relax_truncate001_hankin73,15228,16096,868,63002,63206
624,truncatedIcosahedron_ambo_relax_truncate001_hankin73,14600,15368,768,61887,61741
625,truncatedIcosahedron_ambo_relax_truncate001_hankin73,15264,16128,864,62808,62896
626,truncatedIcosahedron_ambo_relax_truncate001_hankin73,23728,24497,769,70923,70829
627,truncatedIcosahedron_ambo_relax_truncate001_hankin73,34440,34722,282,73130,72638
628,truncatedIcosahedron_ambo_relax_truncate001_hankin73,32244,32565,321,60262,60301
629,truncatedIcosahedron_ambo_relax_truncate001_hankin73,35695,35922,227,65907,65802
630,truncatedIcosahedron_ambo_relax_truncate001_hankin73,33439,33742,303,60204,60266
631,truncatedIcosahedron_ambo_relax_truncate001_hankin73,36083,36906,823,65102,65625
632,truncatedIcosahedron_ambo_relax_truncate001_hankin73,31892,33737,1845,58267,59290
633,truncatedIcosahedron_ambo_relax_truncate001_hankin73,34980,37230,2250,65548,65953
634,truncatedIcosahedron_ambo_relax_truncate001_hankin73,34270,36648,2378,61748,61859
635,truncatedIcosahedron_ambo_relax_truncate001_hankin73,34465,36824,2359,62645,62638
636,truncatedIcosahedron_ambo_relax_truncate001_hankin73,32130,34472,2342,60123,60107
637,truncatedIcosahedron_ambo_relax_truncate001_hankin73,34373,36648,2275,64703,64690
638,truncatedIcosahedron_ambo_relax_truncate001_hankin73,32433,34675,2242,60581,60489
639,truncatedIcosahedron_ambo_relax_truncate001_hankin73,34799,37108,2309,64822,64876
640,truncatedIcosahedron_ambo_relax_truncate001_hankin73,33375,35748,2373,61037,61103
641,truncatedIcosahedron_ambo_relax_truncate001_hankin73,35849,38179,2330,64618,64570
642,truncatedIcosahedron_ambo_relax_truncate001_hankin73,35224,37508,2284,61836,61780
643,truncatedIcosahedron_ambo_relax_truncate001_hankin73,35778,38218,2440,63014,63170
644,truncatedIcosahedron_ambo_relax_truncate001_hankin73,38663,41049,2386,65346,65293
645,truncatedIcosahedron_ambo_relax_truncate001_hankin73,36183,38707,2524,59981,60126
646,truncatedIcosahedron_ambo_relax_truncate001_hankin73,38325,40903,2578,64604,64658
647,truncatedIcosahedron_ambo_relax_truncate001_hankin73,35124,37578,2454,59259,59136
648,truncatedIcosahedron_ambo_relax_truncate001_hankin73,38488,40986,2498,65814,65877
649,truncatedIcosahedron_ambo_relax_truncate001_hankin73,36251,38801,2550,60225,60277
650,truncatedIcosahedron_ambo_relax_truncate001_hankin73,39770,42390,2620,65978,66104
651,truncatedIcosahedron_ambo_relax_truncate001_hankin73,35048,37363,2315,57793,57433
652,truncatedIcosahedron_ambo_relax_truncate001_hankin73,39872,42255,2383,67286,67352
653,truncatedIcosahedron_ambo_relax_truncate001_hankin73,36559,39336,2777,59148,59543
654,truncatedIcosahedron_ambo_relax_truncate001_hankin73,39992,42736,2744,65895,65862
655,truncatedIcosahedron_ambo_relax_truncate001_hankin73,34979,37210,2231,57448,56934
656,truncatedIcosahedron_ambo_relax_truncate001_hankin73,37052,39465,2413,64533,64717
657,truncatedIcosahedron_ambo_relax_truncate001_hankin73,35661,38417,2756,60819,61165
658,truncatedIcosahedron_ambo_relax_truncate001_hankin73,37408,39981,2573,64208,64025
659,truncatedIcosahedron_ambo_relax_truncate001_hankin73,34703,36835,2132,59756,59310
660,truncatedIcosahedron_ambo_relax_truncate001_hankin73,35016,37417,2401,62771,63044
661,truncatedIcosahedron_ambo_relax_truncate001_hankin73,35031,37628,2597,62477,62672
662,truncatedIcosahedron_ambo_relax_truncate001_hankin73,34541,37057,2516,61969,61890
663,truncatedIcosahedron_ambo_relax_truncate001_hankin73,34177,36541,2364,62096,61946
664,truncatedIcosahedron_ambo_relax_truncate001_hankin73,33648,36011,2363,61933,61991
665,truncatedIcosahedron_ambo_relax_truncate001_hankin73,34411,36691,2280,63279,63131
666,truncatedIcosahedron_ambo_relax_truncate001_hankin73,32928,35250,2322,60975,61012
667,truncatedIcosahedron_ambo_relax_truncate001_hankin73,34127,36420,2293,63660,63630
668,truncatedIcosahedron_ambo_relax_truncate001_hankin73,32927,35251,2324,61261,61284
669,truncatedIcosahedron_ambo_relax_truncate001_hankin73,34270,36590,2320,63805,63801
670,truncatedIcosahedron_ambo_relax_truncate001_hankin73,33165,35433,2268,61346,61306
671,truncatedIcosahedron_ambo_relax_truncate001_hankin73,34003,36249,2246,63297,63277
672,truncatedIcosahedron_ambo_relax_truncate001_hankin73,33468,35814,2346,61926,62027
673,truncatedIcosahedron_ambo_relax_truncate001_hankin73,33665,36042,2377,62417,62434
674,truncatedIcosahedron_ambo_relax_truncate001_hankin73,34188,36490,2302,62989,62909
675,truncatedIcosahedron_ambo_relax_truncate001_hankin73,33534,35951,2417,61796,61928
676,truncatedIcosahedron_ambo_relax_truncate001_hankin73,34170,36523,2353,63097,63040
677,truncatedIcosahedron_ambo_relax_truncate001_hankin73,33223,35614,2391,61515,61550
678,icosahedron_ambo_truncate033_hankin59,1557,1557,0,30795,28452
679,icosahedron_ambo_truncate033_hankin59,8959,9417,458,69916,70319
680,icosahedron_ambo_truncate033_hankin59,9216,9705,489,62719,62755
681,icosahedron_ambo_truncate033_hankin59,8961,9396,435,62207,62153
682,icosahedron_ambo_truncate033_hankin59,9482,9941,459,62966,63007
683,icosahedron_ambo_truncate033_hankin59,10171,10492,321,63133,62959
684,icosahedron_ambo_truncate033_hankin59,9679,10082,403,61965,62049
685,icosahedron_ambo_truncate033_hankin59,9237,9570,333,62017,61948
686,icosahedron_ambo_truncate033_hankin59,9195,9563,368,62421,62453
687,icosahedron_ambo_truncate033_hankin59,9994,10423,429,63259,63321
688,icosahedron_ambo_truncate033_hankin59,10994,11295,301,63461,63333
689,icosahedron_ambo_truncate033_hankin59,11662,12113,451,62784,62964
690,icosahedron_ambo_truncate033_hankin59,10646,11163,517,61446,61496
691,icosahedron_ambo_truncate033_hankin59,11452,11923,471,63266,63267
692,icosahedron_ambo_truncate033_hankin59,10601,11101,500,61669,61631
693,icosahedron_ambo_truncate033_hankin59,10874,11360,486,62734,62720
694,icosahedron_ambo_truncate033_hankin59,14642,15149,507,66229,66250
695,icosahedron_ambo_truncate033_hankin59,22666,23202,536,70445,70479
696,icosahedron_ambo_truncate033_hankin59,22206,22715,509,61995,61971
697,icosahedron_ambo_truncate033_hankin59,20983,21226,243,61234,60966
698,icosahedron_ambo_truncate033_hankin59,21632,21814,182,63107,63038
699,icosahedron_ambo_truncate033_hankin59,20807,21067,260,61631,61713
700,icosahedron_ambo_truncate033_hankin59,21900,22213,313,63551,63605
701,icosahedron_ambo_truncate033_hankin59,19705,20362,657,60261,60608
702,icosahedron_ambo_truncate033_hankin59,22213,22846,633,64947,64934
703,icosahedron_ambo_truncate033_hankin59,19284,19849,565,59530,59466
704,icosahedron_ambo_truncate033_hankin59,20917,21479,562,64093,64091
705,icosahedron_ambo_truncate033_hankin59,18950,19591,641,60195,60305
706,icosahedron_ambo_truncate033_hankin59,20856,21498,642,64413,64369
707,icosahedron_ambo_truncate033_hankin59,18748,19365,617,60354,60328
708,icosahedron_ambo_truncate033_hankin59,20816,21386,570,64535,64483
709,icosahedron_ambo_truncate033_hankin59,19008,19715,707,60642,60789
710,icosahedron_ambo_truncate033_hankin59,20905,21494,589,64358,64241
711,icosahedron_ambo_truncate033_hankin59,19740,20378,638,61294,61334
712,icosahedron_ambo_truncate033_hankin59,20715,21361,646,63437,63441
713,icosahedron_ambo_truncate033_hankin59,20010,20742,732,61757,61841
714,icosahedron_ambo_truncate033_hankin59,21106,21713,607,63557,63431
715,icosahedron_ambo_truncate033_hankin59,20182,20881,699,61538,61630
716,icosahedron_ambo_truncate033_hankin59,21538,22095,557,63818,63675
717,icosahedron_ambo_truncate033_hankin59,21051,21762,711,61975,62118
718,icosahedron_ambo_truncate033_hankin59,21528,22206,678,62939,62961
719,icosahedron_ambo_truncate033_hankin59,20349,21019,670,61336,61272
720,icosahedron_ambo_truncate033_hankin59,21120,21711,591,63233,63155
721,icosahedron_ambo_truncate033_hankin59,21725,22495,770,62813,63002
722,icosahedron_ambo_truncate033_hankin59,21886,22512,626,62622,62485
723,icosahedron_ambo_truncate033_hankin59,20800,21443,643,61376,61393
724,icosahedron_ambo_truncate033_hankin59,20845,21469,624,62497,62487
725,icosahedron_ambo_truncate033_hankin59,20941,21630,689,62557,62620
726,icosahedron_ambo_truncate033_hankin59,21557,22217,660,63078,63053
727,icosahedron_ambo_truncate033_hankin59,20201,20737,536,61104,60985
728,icosahedron_ambo_truncate033_hankin59,20598,21175,577,62856,62899
729,icosahedron_ambo_truncate033_hankin59,20524,21135,611,62393,62419
730,icosahedron_ambo_truncate033_hankin59,20541,21183,642,62469,62516
731,icosahedron_ambo_truncate033_hankin59,19929,20485,556,61856,61764
732,icosahedron_ambo_truncate033_hankin59,20061,20658,597,62581,62695
733,icosahedron_ambo_truncate033_hankin59,20044,20591,547,62498,62392
734,icosahedron_ambo_truncate033_hankin59,19985,20555,570,62402,62426
735,icosahedron_ambo_truncate033_hankin59,20045,20602,557,62520,62509
736,icosahedron_ambo_truncate033_hankin59,19984,20556,572,62399,62414
737,icosahedron_ambo_truncate033_hankin59,20259,20849,590,62495,62501
738,icosahedron_ambo_truncate033_hankin59,20196,20773,577,62397,62385
739,icosahedron_ambo_truncate033_hankin59,20296,20868,572,62560,62556
740,icosahedron_ambo_truncate033_hankin59,20316,20900,584,62483,62500
741,icosahedron_ambo_truncate033_hankin59,20048,20629,581,62192,62188
742,icosahedron_ambo_truncate033_hankin59,20414,20996,582,62828,62828
743,icosahedron_ambo_truncate033_hankin59,20538,21096,558,62584,62562
744,icosahedron_ambo_truncate033_hankin59,20491,21070,579,62421,62436
745,icosahedron_ambo_truncate033_hankin59,20366,20988,622,62334,62432
746,dodecahedron_hk35_ambo_hk62_ambo_relax_hk42,1534,1531,-3,43675,43005
747,dodecahedron_hk35_ambo_hk62_ambo_relax_hk42,8531,8764,233,69456,69691
748,dodecahedron_hk35_ambo_hk62_ambo_relax_hk42,8221,8428,207,62150,62125
749,dodecahedron_hk35_ambo_hk62_ambo_relax_hk42,8465,8641,176,62695,62673
750,dodecahedron_hk35_ambo_hk62_ambo_relax_hk42,8543,8686,143,62540,62496
751,dodecahedron_hk35_ambo_hk62_ambo_relax_hk42,15274,15490,216,69162,69233
752,dodecahedron_hk35_ambo_hk62_ambo_relax_hk42,13616,13835,219,60799,60788
753,dodecahedron_hk35_ambo_hk62_ambo_relax_hk42,13819,13972,153,62339,62275
754,dodecahedron_hk35_ambo_hk62_ambo_relax_hk42,12779,12903,124,61417,61396
755,dodecahedron_hk35_ambo_hk62_ambo_relax_hk42,13326,13523,197,63010,63079
756,dodecahedron_hk35_ambo_hk62_ambo_relax_hk42,12667,12814,147,61794,61750
757,dodecahedron_hk35_ambo_hk62_ambo_relax_hk42,14057,14432,375,63854,64078
758,dodecahedron_hk35_ambo_hk62_ambo_relax_hk42,16144,16534,390,64528,64564
759,dodecahedron_hk35_ambo_hk62_ambo_relax_hk42,16043,16309,266,62340,62251
760,dodecahedron_hk35_ambo_hk62_ambo_relax_hk42,15293,15577,284,61746,61707
761,dodecahedron_hk35_ambo_hk62_ambo_relax_hk42,15003,15269,266,62173,62153
762,dodecahedron_hk35_ambo_hk62_ambo_relax_hk42,14253,14548,295,61712,61725
763,dodecahedron_hk35_ambo_hk62_ambo_relax_hk42,14260,14581,321,62468,62495
764,dodecahedron_hk35_ambo_hk62_ambo_relax_hk42,17808,18050,242,66013,65929
765,dodecahedron_hk35_ambo_hk62_ambo_relax_hk42,21934,22409,475,66559,66774
766,dodecahedron_hk35_ambo_hk62_ambo_relax_hk42,19352,19764,412,59873,59813
767,dodecahedron_hk35_ambo_hk62_ambo_relax_hk42,20924,21124,200,64031,63806
768,dodecahedron_hk35_ambo_hk62_ambo_relax_hk42,20039,20155,116,61570,61484
769,dodecahedron_hk35_ambo_hk62_ambo_relax_hk42,21995,22175,180,64158,64193
770,dodecahedron_hk35_ambo_hk62_ambo_relax_hk42,19020,19608,588,59484,59891
771,dodecahedron_hk35_ambo_hk62_ambo_relax_hk42,20688,21372,684,64132,64224
772,dodecahedron_hk35_ambo_hk62_ambo_relax_hk42,26185,26825,640,67955,67913
773,dodecahedron_hk35_ambo_hk62_ambo_relax_hk42,27668,28681,1013,63961,64323
774,dodecahedron_hk35_ambo_hk62_ambo_relax_hk42,24855,25869,1014,59639,59616
775,dodecahedron_hk35_ambo_hk62_ambo_relax_hk42,26155,27287,1132,63762,63874
776,dodecahedron_hk35_ambo_hk62_ambo_relax_hk42,23533,24660,1127,59840,59835
777,dodecahedron_hk35_ambo_hk62_ambo_relax_hk42,24907,26197,1290,63839,64005
778,dodecahedron_hk35_ambo_hk62_ambo_relax_hk42,34236,35442,1206,71793,71707
779,dodecahedron_hk35_ambo_hk62_ambo_relax_hk42,20105,21644,1539,48327,48658
780,dodecahedron_hk35_ambo_hk62_ambo_relax_hk42,18561,19867,1306,60915,60681
781,dodecahedron_hk35_ambo_hk62_ambo_relax_hk42,20043,21543,1500,63943,64136
782,dodecahedron_hk35_ambo_hk62_ambo_relax_hk42,36255,37678,1423,78672,78598
783,dodecahedron_hk35_ambo_hk62_ambo_relax_hk42,48867,50986,2119,75025,75711
784,dodecahedron_hk35_ambo_hk62_ambo_relax_hk42,39759,41309,1550,53345,52781
785,dodecahedron_hk35_ambo_hk62_ambo_relax_hk42,42744,44190,1446,65180,65079
786,dodecahedron_hk35_ambo_hk62_ambo_relax_hk42,39669,40521,852,59383,58852
787,dodecahedron_hk35_ambo_hk62_ambo_relax_hk42,42274,42985,711,65107,64923
788,dodecahedron_hk35_ambo_hk62_ambo_relax_hk42,39796,40589,793,59981,60063
789,dodecahedron_hk35_ambo_hk62_ambo_relax_hk42,42589,43472,883,65253,65341
790,dodecahedron_hk35_ambo_hk62_ambo_relax_hk42,41913,42738,825,61783,61728
791,dodecahedron_hk35_ambo_hk62_ambo_relax_hk42,40896,41681,785,61445,61404
792,dodecahedron_hk35_ambo_hk62_ambo_relax_hk42,38821,39620,799,60386,60399
793,dodecahedron_hk35_ambo_hk62_ambo_relax_hk42,40952,41736,784,64598,64569
794,dodecahedron_hk35_ambo_hk62_ambo_relax_hk42,39349,40174,825,60859,60900
795,dodecahedron_hk35_ambo_hk62_ambo_relax_hk42,41279,42103,824,64390,64382
796,dodecahedron_hk35_ambo_hk62_ambo_relax_hk42,40002,40835,833,61184,61195
797,dodecahedron_hk35_ambo_hk62_ambo_relax_hk42,41733,42569,836,64192,64192
798,dodecahedron_hk35_ambo_hk62_ambo_relax_hk42,40254,41135,881,60982,61035
799,dodecahedron_hk35_ambo_hk62_ambo_relax_hk42,42452,43321,869,64660,64645
800,dodecahedron_hk35_ambo_hk62_ambo_relax_hk42,41451,42318,867,61460,61514
801,dodecahedron_hk35_ambo_hk62_ambo_relax_hk42,43088,43945,857,63835,63769
802,dodecahedron_hk35_ambo_hk62_ambo_relax_hk42,42106,43001,895,61477,61518
803,dodecahedron_hk35_ambo_hk62_ambo_relax_hk42,43869,44768,899,64224,64234
804,dodecahedron_hk35_ambo_hk62_ambo_relax_hk42,42719,43595,876,61318,61287
805,dodecahedron_hk35_ambo_hk62_ambo_relax_hk42,44630,45456,826,64372,64328
806,dodecahedron_hk35_ambo_hk62_ambo_relax_hk42,43594,44416,822,61431,61421
807,dodecahedron_hk35_ambo_hk62_ambo_relax_hk42,45382,46280,898,64255,64322
808,dodecahedron_hk35_ambo_hk62_ambo_relax_hk42,44140,44973,833,61219,61154
809,dodecahedron_hk35_ambo_hk62_ambo_relax_hk42,45315,46225,910,63636,63713
810,dodecahedron_hk35_ambo_hk62_ambo_relax_hk42,43950,44892,942,61096,61130
811,dodecahedron_hk35_ambo_hk62_ambo_relax_hk42,45012,45957,945,63523,63527
812,dodecahedron_hk35_ambo_hk62_ambo_relax_hk42,44195,45112,917,61649,61616
813,dodecahedron_hk35_ambo_hk62_ambo_relax_hk42,44966,45867,901,63239,63266
814,dodecahedron_hk35_ambo_hk62_ambo_relax_hk42,43497,44418,921,61047,61013
815,dodecahedron_hk35_ambo_hk62_ambo_relax_hk42,43687,44611,924,62645,62651
816,dodecahedron_hk35_ambo_hk62_ambo_relax_hk42,43330,44291,961,62104,62134
817,dodecahedron_hk35_ambo_hk62_ambo_relax_hk42,43861,44774,913,62747,62704
818,dodecahedron_hk35_ambo_hk62_ambo_relax_hk42,42331,43244,913,60930,60929
819,dodecahedron_hk35_ambo_hk62_ambo_relax_hk42,42884,43737,853,63013,62955
820,dodecahedron_hk35_ambo_hk62_ambo_relax_hk42,42163,42989,826,61741,61713
821,dodecahedron_hk35_ambo_hk62_ambo_relax_hk42,42391,43263,872,62678,62735
822,dodecahedron_hk35_ambo_hk62_ambo_relax_hk42,41460,42289,829,61531,61487
823,dodecahedron_hk35_ambo_hk62_ambo_relax_hk42,41035,41896,861,62034,62067
824,dodecahedron_hk35_ambo_hk62_ambo_relax_hk42,40981,41811,830,62408,62375
825,dodecahedron_hk35_ambo_hk62_ambo_relax_hk42,40884,41741,857,62363,62390
826,dodecahedron_hk35_ambo_hk62_ambo_relax_hk42,40435,41211,776,62018,61931
827,dodecahedron_hk35_ambo_hk62_ambo_relax_hk42,40600,41420,820,62625,62720
828,dodecahedron_hk35_ambo_hk62_ambo_relax_hk42,40291,41082,791,62206,62123
829,dodecahedron_hk35_ambo_hk62_ambo_relax_hk42,40384,41203,819,62558,62581
830,dodecahedron_hk35_ambo_hk62_ambo_relax_hk42,40057,40864,807,62135,62111
831,dodecahedron_hk35_ambo_hk62_ambo_relax_hk42,40578,41409,831,62980,63006
832,dodecahedron_hk35_ambo_hk62_ambo_relax_hk42,40222,41006,784,62106,62057
833,dodecahedron_hk35_ambo_hk62_ambo_relax_hk42,40484,41327,843,62470,62519
834,octahedron_hk17_ambo_hk73,1520,1476,-44,23496,22609
835,octahedron_hk17_ambo_hk73,7343,7718,375,68278,68695
836,octahedron_hk17_ambo_hk73,8446,8731,285,63549,63473
837,octahedron_hk17_ambo_hk73,7318,7706,388,61340,61437
838,octahedron_hk17_ambo_hk73,8510,8839,329,63654,63595
839,octahedron_hk17_ambo_hk73,16372,16819,447,70300,70433
840,octahedron_hk17_ambo_hk73,17445,17768,323,63530,63464
841,octahedron_hk17_ambo_hk73,15884,16177,293,60949,60858
842,octahedron_hk17_ambo_hk73,15516,15887,371,62090,62171
843,octahedron_hk17_ambo_hk73,15266,15542,276,62210,62115
844,octahedron_hk17_ambo_hk73,14717,14974,257,61912,61892
845,octahedron_hk17_ambo_hk73,14729,14950,221,62458,62437
846,octahedron_hk17_ambo_hk73,16140,16363,223,63859,63878
847,octahedron_hk17_ambo_hk73,15653,15848,195,61930,61895
848,octahedron_hk17_ambo_hk73,14463,14742,279,61263,61353
849,octahedron_hk17_ambo_hk73,13713,13949,236,61394,61338
850,octahedron_hk17_ambo_hk73,12671,12959,288,61421,61472
851,octahedron_hk17_ambo_hk73,12210,12450,240,62001,61953
852,octahedron_hk17_ambo_hk73,14288,14581,293,64542,64592
853,octahedron_hk17_ambo_hk73,18800,19185,385,66954,67033
854,octahedron_hk17_ambo_hk73,17017,17333,316,60678,60654
855,octahedron_hk17_ambo_hk73,17504,17755,251,62998,62857
856,octahedron_hk17_ambo_hk73,19017,19264,247,63977,63942
857,octahedron_hk17_ambo_hk73,19800,20045,245,63249,63242
858,octahedron_hk17_ambo_hk73,20846,21246,400,63507,63662
859,octahedron_hk17_ambo_hk73,19605,20060,455,61218,61271
860,octahedron_hk17_ambo_hk73,19321,19828,507,62175,62227
861,octahedron_hk17_ambo_hk73,19500,19931,431,62641,62567
862,octahedron_hk17_ambo_hk73,17991,18506,515,60938,61025
863,octahedron_hk17_ambo_hk73,19010,19586,576,63486,63541
864,octahedron_hk17_ambo_hk73,18949,19434,485,62401,62312
865,octahedron_hk17_ambo_hk73,19072,19661,589,62252,62365
866,octahedron_hk17_ambo_hk73,19125,19615,490,62511,62414
867,octahedron_hk17_ambo_hk73,19537,20085,548,62873,62992
868,octahedron_hk17_ambo_hk73,19391,19937,546,62370,62313
869,octahedron_hk17_ambo_hk73,19374,20047,673,62442,62566
870,octahedron_hk17_ambo_hk73,20135,20720,585,63223,63135
871,octahedron_hk17_ambo_hk73,18907,19571,664,61231,61313
872,octahedron_hk17_ambo_hk73,20376,20990,614,63931,63880
873,octahedron_hk17_ambo_hk73,20295,20837,542,62378,62309
874,octahedron_hk17_ambo_hk73,20199,20847,648,62366,62472
875,octahedron_hk17_ambo_hk73,20177,20788,611,62438,62402
876,octahedron_hk17_ambo_hk73,20633,21236,603,62918,62901
877,octahedron_hk17_ambo_hk73,20881,21384,503,62710,62602
878,octahedron_hk17_ambo_hk73,20037,20513,476,61618,61591
879,octahedron_hk17_ambo_hk73,20677,21314,637,63100,63262
880,octahedron_hk17_ambo_hk73,19771,20308,537,61556,61456
881,octahedron_hk17_ambo_hk73,20595,21111,516,63035,63064
882,octahedron_hk17_ambo_hk73,18562,19066,504,60489,60417
883,octahedron_hk17_ambo_hk73,19639,20149,510,63537,63537
884,octahedron_hk17_ambo_hk73,18960,19497,537,61782,61810
885,octahedron_hk17_ambo_hk73,19669,20232,563,63170,63185
886,octahedron_hk17_ambo_hk73,17932,18442,510,60731,60673
887,octahedron_hk17_ambo_hk73,18911,19408,497,63445,63427
888,octahedron_hk17_ambo_hk73,17762,18261,499,61319,61313
889,octahedron_hk17_ambo_hk73,18669,19172,503,63357,63378
890,octahedron_hk17_ambo_hk73,17695,18169,474,61488,61458
891,octahedron_hk17_ambo_hk73,18292,18785,493,63047,63078
892,octahedron_hk17_ambo_hk73,17729,18268,539,61896,61943
893,octahedron_hk17_ambo_hk73,18020,18498,478,62750,62688
894,octahedron_hk17_ambo_hk73,17932,18439,507,62372,62403
895,octahedron_hk17_ambo_hk73,17995,18518,523,62525,62596
896,octahedron_hk17_ambo_hk73,18089,18483,394,62607,62425
897,octahedron_hk17_ambo_hk73,18667,19156,489,62787,62881
898,octahedron_hk17_ambo_hk73,18397,18820,423,62191,62125
899,octahedron_hk17_ambo_hk73,18995,19512,517,63061,63153
900,octahedron_hk17_ambo_hk73,18512,18899,387,61978,61851
901,octahedron_hk17_ambo_hk73,19587,20071,484,63535,63631
902,octahedron_hk17_ambo_hk73,18728,19260,532,61604,61652
903,octahedron_hk17_ambo_hk73,19535,20027,492,63267,63228
904,icosahedron_kis_gyro,1566,1587,21,44493,44020
905,icosahedron_kis_gyro,9120,9585,465,70011,70454
906,icosahedron_kis_gyro,9264,9759,495,62606,62641
907,icosahedron_kis_gyro,9079,9576,497,62275,62279
908,icosahedron_kis_gyro,9470,10032,562,62843,62971
909,icosahedron_kis_gyro,10127,10520,393,63148,62927
910,icosahedron_kis_gyro,9996,10299,303,62318,62231
911,icosahedron_kis_gyro,9249,9608,359,61711,61768
912,icosahedron_kis_gyro,9638,10018,380,62852,62872
913,icosahedron_kis_gyro,9602,10072,470,62111,62201
914,icosahedron_kis_gyro,10870,11241,371,63732,63637
915,icosahedron_kis_gyro,9156,9685,529,60741,60889
916,icosahedron_kis_gyro,8723,9241,518,62025,62016
917,icosahedron_kis_gyro,9117,9646,529,62853,62864
918,icosahedron_kis_gyro,8606,9136,530,61952,61952
919,icosahedron_kis_gyro,9037,9551,514,62899,62876
920,icosahedron_kis_gyro,10088,10626,538,63519,63538
921,icosahedron_kis_gyro,10318,10764,446,62687,62595
922,icosahedron_kis_gyro,9567,9935,368,61712,61677
923,icosahedron_kis_gyro,9683,10008,325,62633,62519
924,icosahedron_kis_gyro,9303,9634,331,62081,62089
925,icosahedron_kis_gyro,9781,10062,281,62940,62896
926,icosahedron_kis_gyro,10915,11218,303,63596,63616
927,icosahedron_kis_gyro,9746,10034,288,61273,61243
928,icosahedron_kis_gyro,9255,9566,311,61966,61981
929,icosahedron_kis_gyro,9565,9854,289,62501,62483
930,icosahedron_kis_gyro,9211,9527,316,62109,62139
931,icosahedron_kis_gyro,9559,9902,343,62809,62836
932,icosahedron_kis_gyro,11291,11604,313,64196,64164
933,icosahedron_kis_gyro,13789,14385,596,64958,65244
934,icosahedron_kis_gyro,13268,13966,698,61939,62042
935,icosahedron_kis_gyro,13765,14537,772,62956,63088
936,icosahedron_kis_gyro,13521,14301,780,62273,62224
937,icosahedron_kis_gyro,14143,15026,883,63073,63185
938,icosahedron_kis_gyro,15056,15896,840,63373,63333
939,icosahedron_kis_gyro,11096,12015,919,58499,58574
940,icosahedron_kis_gyro,10939,11746,807,62304,62191
941,icosahedron_kis_gyro,14873,15596,723,66395,66311
942,icosahedron_kis_gyro,14931,15931,1000,62518,62786
943,icosahedron_kis_gyro,16294,17539,1245,63822,64075
944,icosahedron_kis_gyro,17697,19133,1436,63864,64037
945,icosahedron_kis_gyro,17005,17894,889,61499,60949
946,icosahedron_kis_gyro,15434,16526,1092,60891,61092
947,icosahedron_kis_gyro,13239,14155,916,60267,60097
948,icosahedron_kis_gyro,14722,15754,1032,63945,64060
949,icosahedron_kis_gyro,13742,14670,928,61471,61432
950,icosahedron_kis_gyro,17069,18064,995,65842,65855
951,icosahedron_kis_gyro,10978,12714,1736,56370,57110
952,icosahedron_kis_gyro,12396,14185,1789,63878,63928
953,icosahedron_kis_gyro,10820,12441,1621,60884,60714
954,icosahedron_kis_gyro,12244,14001,1757,63878,64023
955,icosahedron_kis_gyro,10736,12332,1596,60957,60793
956,icosahedron_kis_gyro,15048,16715,1667,66773,66840
957,icosahedron_kis_gyro,23602,48292,24690,71000,94022
958,icosahedron_kis_gyro,24440,42641,18201,63295,56811
959,icosahedron_kis_gyro,20040,33511,13471,58060,53332
960,icosahedron_kis_gyro,19814,28189,8375,62235,57139
961,icosahedron_kis_gyro,17883,24521,6638,60268,58522
962,icosahedron_kis_gyro,23477,29060,5583,68062,67049
963,icosahedron_kis_gyro,24727,27149,2422,63749,60530
964,icosahedron_kis_gyro,24640,26853,2213,62360,62148
965,icosahedron_kis_gyro,24068,26426,2358,61864,62035
966,icosahedron_kis_gyro,24831,27150,2319,63223,63186
967,icosahedron_kis_gyro,25084,27586,2502,62714,62897
968,icosahedron_kis_gyro,28164,30507,2343,65545,65383
969,icosahedron_kis_gyro,21689,26554,4865,55961,58500
970,icosahedron_kis_gyro,21838,26165,4327,62600,62072
971,icosahedron_kis_gyro,19679,24847,5168,60304,61140
972,icosahedron_kis_gyro,19903,24505,4602,62686,62118
973,icosahedron_kis_gyro,19715,24415,4700,62276,62376
974,icosahedron_kis_gyro,26275,30889,4614,69024,68936
975,icosahedron_kis_gyro,24589,29001,4412,60772,60560
976,icosahedron_kis_gyro,24243,28345,4102,62116,61864
977,icosahedron_kis_gyro,23710,27465,3755,61719,61308
978,icosahedron_kis_gyro,23944,27229,3285,62698,62224
979,icosahedron_kis_gyro,24104,27054,2950,62622,62287
980,icosahedron_kis_gyro,25773,28737,2964,64132,64148
981,icosahedron_kis_gyro,14935,17942,3007,51623,51666
982,icosahedron_kis_gyro,15238,18153,2915,62764,62671
983,icosahedron_kis_gyro,14955,18037,3082,62182,62351
984,icosahedron_kis_gyro,15356,18347,2991,62865,62769
985,icosahedron_kis_gyro,15332,18374,3042,62414,62486
986,icosahedron_kis_gyro,15049,18130,3081,62184,62221
987,icosahedron_kis_gyro,15429,18391,2962,62841,62706
988,icosahedron_kis_gyro,15283,18205,2922,62315,62276
989,icosahedron_kis_gyro,15422,18399,2977,62600,62650
990,icosahedron_kis_gyro,15727,18706,2979,62819,62823
991,icosahedron_kis_gyro,15595,18593,2998,62329,62347
992,icosahedron_kis_gyro,17006,19690,2684,63859,63558
993,icosahedron_kis_gyro,15850,18849,2999,60986,61297
994,icosahedron_kis_gyro,16352,19155,2803,62964,62769
995,icosahedron_kis_gyro,16314,19111,2797,62423,62417
996,icosahedron_kis_gyro,15599,18525,2926,61745,61874
997,icosahedron_kis_gyro,16292,19304,3012,63153,63240
998,icosahedron_kis_gyro,16618,19265,2647,62779,62422
999,icosahedron_kis_gyro,15965,19113,3148,61806,62310
1000,icosahedron_kis_gyro,15555,18530,2975,62051,61879
1001,icosahedron_kis_gyro,16256,19404,3148,63160,63342
1002,icosahedron_kis_gyro,15242,18256,3014,61454,61318
1003,icosahedron_kis_gyro,16783,20106,3323,64002,64366
1004,icosahedron_kis_gyro,14781,17960,3179,60512,60321
1005,icosahedron_kis_gyro,16021,19170,3149,63698,63672
1006,icosahedron_kis_gyro,14785,17758,2973,61206,61048
1007,icosahedron_kis_gyro,16187,19432,3245,63862,64122
1008,icosahedron_kis_gyro,14603,17809,3206,60877,60823
1009,icosahedron_kis_gyro,16181,19454,3273,63787,63864
1010,icosahedron_kis_gyro,14545,17738,3193,60825,60752
1011,icosahedron_kis_gyro,16174,19406,3232,64091,64131
1012,icosahedron_kis_gyro,14518,17802,3284,60806,60855
1013,icosahedron_kis_gyro,16183,19512,3329,64132,64172
1014,icosahedron_kis_gyro,14572,17880,3308,60850,60816
1015,icosahedron_kis_gyro,16129,19387,3258,64023,63975
1016,icosahedron_kis_gyro,14738,17931,3193,61071,61006
1017,icosahedron_kis_gyro,15972,19246,3274,63697,63829
1018,icosahedron_kis_gyro,14615,17717,3102,61160,60930
1019,icosahedron_kis_gyro,15955,19214,3259,63801,63964
1020,icosahedron_kis_gyro,14594,17682,3088,61100,60929
1021,icosahedron_kis_gyro,16214,19488,3274,64082,64267
1022,icosahedron_kis_gyro,14840,17979,3139,61088,60942
1023,icosahedron_kis_gyro,16140,19368,3228,63760,63849
1024,truncatedIcosidodecahedron_truncate50d_ambo_dual,2197,2207,10,48518,45301
1025,truncatedIcosidodecahedron_truncate50d_ambo_dual,10384,10799,415,70396,70810
1026,truncatedIcosidodecahedron_truncate50d_ambo_dual,11063,11506,443,63132,63170
1027,truncatedIcosidodecahedron_truncate50d_ambo_dual,10422,10871,449,61820,61827
1028,truncatedIcosidodecahedron_truncate50d_ambo_dual,12996,13471,475,65037,65061
1029,truncatedIcosidodecahedron_truncate50d_ambo_dual,15126,16005,879,64567,64996
1030,truncatedIcosidodecahedron_truncate50d_ambo_dual,16179,17308,1129,63512,63817
1031,truncatedIcosidodecahedron_truncate50d_ambo_dual,15838,17099,1261,62166,62252
1032,truncatedIcosidodecahedron_truncate50d_ambo_dual,25625,26914,1289,72248,72277
1033,truncatedIcosidodecahedron_truncate50d_ambo_dual,28077,29412,1335,64913,64959
1034,truncatedIcosidodecahedron_truncate50d_ambo_dual,37112,38556,1444,71498,71606
1035,truncatedIcosidodecahedron_truncate50d_ambo_dual,48106,50464,2358,73445,74366
1036,truncatedIcosidodecahedron_truncate50d_ambo_dual,48179,51110,2931,62528,63100
1037,truncatedIcosidodecahedron_truncate50d_ambo_dual,45324,48286,2962,59609,59638
1038,truncatedIcosidodecahedron_truncate50d_ambo_dual,45150,48895,3745,62288,63071
1039,truncatedIcosidodecahedron_truncate50d_ambo_dual,29802,33287,3485,47115,46844
1040,truncatedIcosidodecahedron_truncate50d_ambo_dual,41548,45617,4069,74201,74797
1041,truncatedIcosidodecahedron_truncate50d_ambo_dual,35038,38835,3797,55624,55355
1042,truncatedIcosidodecahedron_truncate50d_ambo_dual,36396,40545,4149,63820,64168
1043,truncatedIcosidodecahedron_truncate50d_ambo_dual,34025,38028,4003,60089,59943
1044,truncatedIcosidodecahedron_truncate50d_ambo_dual,35355,39731,4376,63793,64219
1045,truncatedIcosidodecahedron_truncate50d_ambo_dual,33438,37494,4056,60598,60224
1046,truncatedIcosidodecahedron_truncate50d_ambo_dual,39065,43461,4396,68083,68428
1047,truncatedIcosidodecahedron_truncate50d_ambo_dual,28238,33820,5582,51629,52815
1048,truncatedIcosidodecahedron_truncate50d_ambo_dual,30088,36457,6369,64312,65088
1049,truncatedIcosidodecahedron_truncate50d_ambo_dual,29502,36623,7121,61881,62624
1050,truncatedIcosidodecahedron_truncate50d_ambo_dual,31669,40296,8627,64619,66132
1051,truncatedIcosidodecahedron_truncate50d_ambo_dual,31299,40476,9177,62078,62638
1052,truncatedIcosidodecahedron_truncate50d_ambo_dual,45720,55674,9954,76884,77660
1053,truncatedIcosidodecahedron_truncate50d_ambo_dual,38451,47725,9274,55186,54503
1054,truncatedIcosidodecahedron_truncate50d_ambo_dual,39663,48363,8700,63671,63079
1055,truncatedIcosidodecahedron_truncate50d_ambo_dual,39644,47254,7610,62444,61345
1056,truncatedIcosidodecahedron_truncate50d_ambo_dual,41039,47582,6543,63857,62790
1057,truncatedIcosidodecahedron_truncate50d_ambo_dual,45064,51136,6072,66225,65798
1058,truncatedIcosidodecahedron_truncate50d_ambo_dual,44082,49814,5732,61533,61147
1059,truncatedIcosidodecahedron_truncate50d_ambo_dual,28855,41773,12918,47235,54420
1060,truncatedIcosidodecahedron_truncate50d_ambo_dual,25858,39024,13166,59466,59712
1061,truncatedIcosidodecahedron_truncate50d_ambo_dual,27626,40497,12871,64236,63922
1062,truncatedIcosidodecahedron_truncate50d_ambo_dual,26182,39068,12886,61017,61033
1063,truncatedIcosidodecahedron_truncate50d_ambo_dual,26547,39617,13070,62827,63004
1064,truncatedIcosidodecahedron_truncate50d_ambo_dual,26199,39125,12926,62113,61969
1065,truncatedIcosidodecahedron_truncate50d_ambo_dual,26931,39301,12370,63193,62638
1066,truncatedIcosidodecahedron_truncate50d_ambo_dual,26576,37885,11309,62105,61044
1067,truncatedIcosidodecahedron_truncate50d_ambo_dual,25815,38173,12358,61701,62748
1068,truncatedIcosidodecahedron_truncate50d_ambo_dual,28383,40001,11618,65029,64292
1069,truncatedIcosidodecahedron_truncate50d_ambo_dual,25070,37066,11996,59147,59526
1070,truncatedIcosidodecahedron_truncate50d_ambo_dual,26799,37503,10704,64191,62895
1071,truncatedIcosidodecahedron_truncate50d_ambo_dual,25801,38966,13165,61463,63978
1072,truncatedIcosidodecahedron_truncate50d_ambo_dual,28140,39560,11420,64862,63054
1073,truncatedIcosidodecahedron_truncate50d_ambo_dual,25459,37820,12361,59462,60411
1074,truncatedIcosidodecahedron_truncate50d_ambo_dual,26734,37847,11113,63717,62489
1075,truncatedIcosidodecahedron_truncate50d_ambo_dual,25838,38791,12953,61564,63412
1076,truncatedIcosidodecahedron_truncate50d_ambo_dual,27764,38902,11138,64386,62573
1077,truncatedIcosidodecahedron_truncate50d_ambo_dual,25475,38109,12634,60161,61668
1078,truncatedIcosidodecahedron_truncate50d_ambo_dual,26858,38098,11240,63850,62449
1079,truncatedIcosidodecahedron_truncate50d_ambo_dual,26065,38991,12926,61669,63356
1080,truncatedIcosidodecahedron_truncate50d_ambo_dual,25863,38244,12381,62260,61712
1081,truncatedIcosidodecahedron_truncate50d_ambo_dual,25959,38338,12379,62557,62556
1082,truncatedIcosidodecahedron_truncate50d_ambo_dual,25694,37989,12295,62195,62116
1083,truncatedIcosidodecahedron_truncate50d_ambo_dual,25501,38195,12694,62269,62665
1084,truncatedIcosidodecahedron_truncate50d_ambo_dual,24879,37021,12142,61839,61342
1085,truncatedIcosidodecahedron_truncate50d_ambo_dual,25634,38340,12706,63277,63779
1086,truncatedIcosidodecahedron_truncate50d_ambo_dual,25040,37274,12234,61867,61394
1087,truncatedIcosidodecahedron_truncate50d_ambo_dual,25748,38491,12743,63176,63679
1088,truncatedIcosidodecahedron_truncate50d_ambo_dual,24918,37422,12504,61638,61391
1089,truncatedIcosidodecahedron_truncate50d_ambo_dual,25957,38726,12769,63245,63522
1090,truncatedIcosidodecahedron_truncate50d_ambo_dual,24880,37397,12517,61385,61132
1091,truncatedIcosidodecahedron_truncate50d_ambo_dual,26255,39166,12911,63841,64230
1092,truncatedIcosidodecahedron_truncate50d_ambo_dual,25262,37865,12603,61469,61161
1093,truncatedIcosidodecahedron_truncate50d_ambo_dual,26625,39380,12755,63830,63977
1094,truncatedIcosidodecahedron_truncate50d_ambo_dual,25539,38159,12620,61374,61241
1095,truncatedIcosidodecahedron_truncate50d_ambo_dual,26859,39497,12638,63780,63788
1096,truncatedIcosidodecahedron_truncate50d_ambo_dual,25350,38129,12779,60953,61095
1097,truncatedIcosidodecahedron_truncate50d_ambo_dual,27234,39908,12674,64345,64240
1098,truncatedIcosidodecahedron_truncate50d_ambo_dual,25843,38326,12483,61070,60931
1099,truncatedIcosidodecahedron_truncate50d_ambo_dual,26974,39576,12602,63645,63710
1100,truncatedIcosidodecahedron_truncate50d_ambo_dual,26112,38587,12475,61598,61473
1101,truncatedIcosidodecahedron_truncate50d_ambo_dual,25961,38891,12930,62302,62753
1102,icosidodecahedron_truncate5d_ambo_dual,1757,1793,36,38256,25364
1103,icosidodecahedron_truncate5d_ambo_dual,9066,9560,494,69763,70221
1104,icosidodecahedron_truncate5d_ambo_dual,8829,9314,485,62225,62216
1105,icosidodecahedron_truncate5d_ambo_dual,9123,9586,463,62500,62478
1106,icosidodecahedron_truncate5d_ambo_dual,9445,9882,437,62784,62763
1107,icosidodecahedron_truncate5d_ambo_dual,11240,11605,365,64244,64168
1108,icosidodecahedron_truncate5d_ambo_dual,10907,11366,459,62113,62214
1109,icosidodecahedron_truncate5d_ambo_dual,11116,11543,427,62672,62632
1110,icosidodecahedron_truncate5d_ambo_dual,10783,11150,367,62129,62060
1111,icosidodecahedron_truncate5d_ambo_dual,11053,11477,424,62730,62781
1112,icosidodecahedron_truncate5d_ambo_dual,13562,13959,397,64973,64997
1113,icosidodecahedron_truncate5d_ambo_dual,17031,18778,1747,65976,67268
1114,icosidodecahedron_truncate5d_ambo_dual,16443,18525,2082,61869,62203
1115,icosidodecahedron_truncate5d_ambo_dual,17572,20227,2655,63592,64162
1116,icosidodecahedron_truncate5d_ambo_dual,17264,20467,3203,62154,62705
1117,icosidodecahedron_truncate5d_ambo_dual,18319,22030,3711,63520,64023
1118,icosidodecahedron_truncate5d_ambo_dual,22080,25926,3846,66226,66357
1119,icosidodecahedron_truncate5d_ambo_dual,21774,23734,1960,62123,60264
1120,icosidodecahedron_truncate5d_ambo_dual,20685,22637,1952,61372,61366
1121,icosidodecahedron_truncate5d_ambo_dual,21251,23480,2229,62711,62990
1122,icosidodecahedron_truncate5d_ambo_dual,20426,22530,2104,61626,61510
1123,icosidodecahedron_truncate5d_ambo_dual,21454,23697,2243,63488,63619
1124,icosidodecahedron_truncate5d_ambo_dual,22494,24763,2269,63502,63526
1125,icosidodecahedron_truncate5d_ambo_dual,16775,19879,3104,56745,57629
1126,icosidodecahedron_truncate5d_ambo_dual,15870,18168,2298,61607,60751
1127,icosidodecahedron_truncate5d_ambo_dual,16911,18850,1939,63505,63142
1128,icosidodecahedron_truncate5d_ambo_dual,16875,19216,2341,62416,62827
1129,icosidodecahedron_truncate5d_ambo_dual,17635,20201,2566,63222,63446
1130,icosidodecahedron_truncate5d_ambo_dual,22606,25321,2715,67433,67580
1131,icosidodecahedron_truncate5d_ambo_dual,20918,23628,2710,60771,60760
1132,icosidodecahedron_truncate5d_ambo_dual,20314,22801,2487,61855,61635
1133,icosidodecahedron_truncate5d_ambo_dual,20228,22451,2223,62375,62107
1134,icosidodecahedron_truncate5d_ambo_dual,20640,22585,1945,62875,62596
1135,icosidodecahedron_truncate5d_ambo_dual,20689,22526,1837,62510,62401
1136,icosidodecahedron_truncate5d_ambo_dual,22653,24500,1847,64423,64424
1137,icosidodecahedron_truncate5d_ambo_dual,13588,17225,3637,53144,54926
1138,icosidodecahedron_truncate5d_ambo_dual,14406,18023,3617,63280,63258
1139,icosidodecahedron_truncate5d_ambo_dual,13602,17244,3642,61658,61737
1140,icosidodecahedron_truncate5d_ambo_dual,14453,17979,3526,63366,63197
1141,icosidodecahedron_truncate5d_ambo_dual,13527,17207,3680,61534,61689
1142,icosidodecahedron_truncate5d_ambo_dual,14305,17801,3496,63239,63039
1143,icosidodecahedron_truncate5d_ambo_dual,13795,17530,3735,61952,62191
1144,icosidodecahedron_truncate5d_ambo_dual,14208,17638,3430,62874,62570
1145,icosidodecahedron_truncate5d_ambo_dual,13775,17566,3791,62027,62390
1146,icosidodecahedron_truncate5d_ambo_dual,14144,17656,3512,62831,62551
1147,icosidodecahedron_truncate5d_ambo_dual,14019,17726,3707,62336,62532
1148,icosidodecahedron_truncate5d_ambo_dual,13947,17503,3556,62389,62236
1149,icosidodecahedron_truncate5d_ambo_dual,13947,17629,3682,62461,62594
1150,icosidodecahedron_truncate5d_ambo_dual,14196,17867,3671,62711,62700
1151,icosidodecahedron_truncate5d_ambo_dual,14296,18298,4002,62564,62891
1152,icosidodecahedron_truncate5d_ambo_dual,13956,17746,3790,62110,61944
1153,icosidodecahedron_truncate5d_ambo_dual,14359,18212,3853,62677,62674
1154,icosidodecahedron_truncate5d_ambo_dual,14032,17832,3800,62142,62069
1155,icosidodecahedron_truncate5d_ambo_dual,14654,18589,3935,63089,63219
1156,icosidodecahedron_truncate5d_ambo_dual,13991,17989,3998,61799,61869
1157,icosidodecahedron_truncate5d_ambo_dual,14930,19054,4124,63401,63531
1158,icosidodecahedron_truncate5d_ambo_dual,14113,18243,4130,61633,61640
1159,icosidodecahedron_truncate5d_ambo_dual,14932,18882,3950,63280,63100
1160,icosidodecahedron_truncate5d_ambo_dual,14203,18352,4149,61731,61932
1161,icosidodecahedron_truncate5d_ambo_dual,14567,18795,4228,62824,62903
1162,icosidodecahedron_truncate5d_ambo_dual,14523,18457,3934,62417,62123
1163,icosidodecahedron_truncate5d_ambo_dual,14421,18154,3733,62364,62158
1164,icosidodecahedron_truncate5d_ambo_dual,14513,18510,3997,62553,62822
1165,icosidodecahedron_truncate5d_ambo_dual,14243,18299,4056,62192,62249
1166,icosidodecahedron_truncate5d_ambo_dual,14957,18813,3856,63182,63029
1167,icosidodecahedron_truncate5d_ambo_dual,13911,17780,3869,61467,61427
1168,icosidodecahedron_truncate5d_ambo_dual,14615,18410,3795,63165,63078
1169,icosidodecahedron_truncate5d_ambo_dual,13824,17710,3886,61420,61511
1170,icosidodecahedron_truncate5d_ambo_dual,14326,18141,3815,62963,62892
1171,icosidodecahedron_truncate5d_ambo_dual,13667,17540,3873,61803,61860
1172,icosidodecahedron_truncate5d_ambo_dual,14115,17889,3774,62909,62801
1173,icosidodecahedron_truncate5d_ambo_dual,13648,17361,3713,61993,61932
1174,icosidodecahedron_truncate5d_ambo_dual,14023,17719,3696,62844,62821
1175,icosidodecahedron_truncate5d_ambo_dual,13817,17438,3621,62254,62187
1176,icosidodecahedron_truncate5d_ambo_dual,13915,17708,3793,62564,62731
1177,icosidodecahedron_truncate5d_ambo_dual,14335,18064,3729,62882,62817
1178,icosidodecahedron_truncate5d_ambo_dual,14298,18116,3818,62424,62514
1179,icosidodecahedron_truncate5d_ambo_dual,14449,18236,3787,62610,62637
1180,snubDodecahedron_truncate5d_ambo_dual,2053,2043,-10,50112,46268
1181,snubDodecahedron_truncate5d_ambo_dual,10911,11938,1027,71313,72354
1182,snubDodecahedron_truncate5d_ambo_dual,11036,12082,1046,62587,62605
1183,snubDodecahedron_truncate5d_ambo_dual,10918,11917,999,62343,62301
1184,snubDodecahedron_truncate5d_ambo_dual,12594,13650,1056,64138,64200
1185,snubDodecahedron_truncate5d_ambo_dual,14244,14924,680,63853,63472
1186,snubDodecahedron_truncate5d_ambo_dual,14103,14886,783,62317,62423
1187,snubDodecahedron_truncate5d_ambo_dual,14098,14876,778,62455,62450
1188,snubDodecahedron_truncate5d_ambo_dual,13911,14715,804,62275,62300
1189,snubDodecahedron_truncate5d_ambo_dual,13785,14545,760,62336,62279
1190,snubDodecahedron_truncate5d_ambo_dual,19118,19839,721,67796,67756
1191,snubDodecahedron_truncate5d_ambo_dual,23027,26840,3813,66356,69454
1192,snubDodecahedron_truncate5d_ambo_dual,23083,27517,4434,62513,63132
1193,snubDodecahedron_truncate5d_ambo_dual,23914,29306,5392,63290,64303
1194,snubDodecahedron_truncate5d_ambo_dual,24263,30559,6296,62862,63715
1195,snubDodecahedron_truncate5d_ambo_dual,25252,32275,7023,63432,64168
1196,snubDodecahedron_truncate5d_ambo_dual,34509,41801,7292,71717,71988
1197,snubDodecahedron_truncate5d_ambo_dual,33580,37310,3730,61520,57950
1198,snubDodecahedron_truncate5d_ambo_dual,32747,36511,3764,61613,61641
1199,snubDodecahedron_truncate5d_ambo_dual,33458,37370,3912,63177,63321
1200,snubDodecahedron_truncate5d_ambo_dual,32566,36569,4003,61568,61661
1201,snubDodecahedron_truncate5d_ambo_dual,33692,37922,4230,63336,63556
1202,snubDodecahedron_truncate5d_ambo_dual,36243,40281,4038,65014,64821
1203,snubDodecahedron_truncate5d_ambo_dual,27037,33740,6703,53251,55922
1204,snubDodecahedron_truncate5d_ambo_dual,25506,30535,5029,60930,59257
1205,snubDodecahedron_truncate5d_ambo_dual,26812,31327,4515,63768,63251
1206,snubDodecahedron_truncate5d_ambo_dual,25971,30108,4137,61621,61243
1207,snubDodecahedron_truncate5d_ambo_dual,26894,31274,4380,63421,63682
1208,snubDodecahedron_truncate5d_ambo_dual,37433,41797,4364,72989,72983
1209,snubDodecahedron_truncate5d_ambo_dual,32860,37104,4244,57886,57756
1210,snubDodecahedron_truncate5d_ambo_dual,32103,36285,4182,61704,61639
1211,snubDodecahedron_truncate5d_ambo_dual,32088,36139,4051,62435,62314
1212,snubDodecahedron_truncate5d_ambo_dual,32385,35965,3580,62747,62288
1213,snubDodecahedron_truncate5d_ambo_dual,31859,35330,3471,61935,61826
1214,snubDodecahedron_truncate5d_ambo_dual,34462,37953,3491,65066,65083
1215,snubDodecahedron_truncate5d_ambo_dual,18929,25052,6123,46929,49568
1216,snubDodecahedron_truncate5d_ambo_dual,20386,26126,5740,63921,63535
1217,snubDodecahedron_truncate5d_ambo_dual,19380,25448,6068,61138,61461
1218,snubDodecahedron_truncate5d_ambo_dual,20681,26489,5808,63761,63503
1219,snubDodecahedron_truncate5d_ambo_dual,19685,25784,6099,61457,61754
1220,snubDodecahedron_truncate5d_ambo_dual,20866,26747,5881,63642,63478
1221,snubDodecahedron_truncate5d_ambo_dual,20778,26669,5891,62433,62383
1222,snubDodecahedron_truncate5d_ambo_dual,19825,26166,6341,61510,61965
1223,snubDodecahedron_truncate5d_ambo_dual,20772,26726,5954,63407,63013
1224,snubDodecahedron_truncate5d_ambo_dual,20413,27107,6694,62102,62848
1225,snubDodecahedron_truncate5d_ambo_dual,20610,26785,6175,62657,62145
1226,snubDodecahedron_truncate5d_ambo_dual,19557,26007,6450,61410,61682
1227,snubDodecahedron_truncate5d_ambo_dual,20099,26397,6298,63002,62842
1228,snubDodecahedron_truncate5d_ambo_dual,20048,26154,6106,62410,62223
1229,snubDodecahedron_truncate5d_ambo_dual,20133,26378,6245,62547,62686
1230,snubDodecahedron_truncate5d_ambo_dual,19820,26317,6497,62149,62400
1231,snubDodecahedron_truncate5d_ambo_dual,20028,26355,6327,62668,62499
1232,snubDodecahedron_truncate5d_ambo_dual,20894,27099,6205,63329,63204
1233,snubDodecahedron_truncate5d_ambo_dual,19850,26011,6161,61175,61120
1234,snubDodecahedron_truncate5d_ambo_dual,20226,26877,6651,62837,63383
1235,snubDodecahedron_truncate5d_ambo_dual,19875,26325,6450,62165,61892
1236,snubDodecahedron_truncate5d_ambo_dual,20912,27330,6418,63498,63464
1237,snubDodecahedron_truncate5d_ambo_dual,20243,26247,6004,61792,61366
1238,snubDodecahedron_truncate5d_ambo_dual,20648,26855,6207,62867,63069
1239,snubDodecahedron_truncate5d_ambo_dual,19673,25632,5959,61485,61238
1240,snubDodecahedron_truncate5d_ambo_dual,20731,26642,5911,63526,63472
1241,snubDodecahedron_truncate5d_ambo_dual,20016,25875,5859,61746,61695
1242,snubDodecahedron_truncate5d_ambo_dual,20238,26354,6116,62684,62941
1243,snubDodecahedron_truncate5d_ambo_dual,20492,26215,5723,62716,62320
1244,snubDodecahedron_truncate5d_ambo_dual,19906,25971,6065,61873,62217
1245,snubDodecahedron_truncate5d_ambo_dual,20111,25842,5731,62667,62331
1246,snubDodecahedron_truncate5d_ambo_dual,19802,25952,6150,62152,62571
1247,snubDodecahedron_truncate5d_ambo_dual,19785,25548,5763,62444,62110
1248,snubDodecahedron_truncate5d_ambo_dual,19234,25447,6213,61969,62361
1249,snubDodecahedron_truncate5d_ambo_dual,19488,25358,5870,62479,62120
1250,snubDodecahedron_truncate5d_ambo_dual,18981,25119,6138,61944,62222
1251,snubDodecahedron_truncate5d_ambo_dual,19200,25207,6007,62681,62550
1252,snubDodecahedron_truncate5d_ambo_dual,19065,25195,6130,62327,62455
1253,snubDodecahedron_truncate5d_ambo_dual,19062,25198,6136,62444,62464
1254,snubDodecahedron_truncate5d_ambo_dual,19145,24990,5845,62534,62254
1255,snubDodecahedron_truncate5d_ambo_dual,19335,25451,6116,62651,62927
1256,snubDodecahedron_truncate5d_ambo_dual,19580,25406,5826,62707,62417
1257,snubDodecahedron_truncate5d_ambo_dual,19417,25678,6261,62298,62732
1258,octahedron_hk34_ambo_hk72,1546,1537,-9,44590,38319
1259,octahedron_hk34_ambo_hk72,7718,7934,216,68626,68852
1260,octahedron_hk34_ambo_hk72,7846,8130,284,62590,62656
1261,octahedron_hk34_ambo_hk72,7655,7866,211,62276,62252
1262,octahedron_hk34_ambo_hk72,8052,8277,225,62914,62874
1263,octahedron_hk34_ambo_hk72,16404,16598,194,70776,70738
1264,octahedron_hk34_ambo_hk72,16400,16642,242,62443,62501
1265,octahedron_hk34_ambo_hk72,15771,15958,187,61505,61444
1266,octahedron_hk34_ambo_hk72,14736,14967,231,61421,61464
1267,octahedron_hk34_ambo_hk72,14294,14481,187,62000,61972
1268,octahedron_hk34_ambo_hk72,13858,14021,163,62012,61997
1269,octahedron_hk34_ambo_hk72,13740,13923,183,62328,62361
1270,octahedron_hk34_ambo_hk72,15336,15518,182,64037,64062
1271,octahedron_hk34_ambo_hk72,14504,14666,162,61579,61595
1272,octahedron_hk34_ambo_hk72,13905,14050,145,61859,61811
1273,octahedron_hk34_ambo_hk72,12918,13104,186,61474,61515
1274,octahedron_hk34_ambo_hk72,12368,12560,192,61911,61971
1275,octahedron_hk34_ambo_hk72,11757,11974,217,61907,61872
1276,octahedron_hk34_ambo_hk72,14139,14328,189,64843,64812
1277,octahedron_hk34_ambo_hk72,15739,16079,340,64016,64203
1278,octahedron_hk34_ambo_hk72,16166,16506,340,62873,62865
1279,octahedron_hk34_ambo_hk72,16180,16393,213,62474,62347
1280,octahedron_hk34_ambo_hk72,18048,18123,75,64327,64187
1281,octahedron_hk34_ambo_hk72,16068,16451,383,60214,60511
1282,octahedron_hk34_ambo_hk72,17298,17741,443,63685,63741
1283,octahedron_hk34_ambo_hk72,17137,17745,608,62296,62464
1284,octahedron_hk34_ambo_hk72,18850,19359,509,64172,64074
1285,octahedron_hk34_ambo_hk72,17147,17711,564,60759,60821
1286,octahedron_hk34_ambo_hk72,17657,18139,482,62970,62888
1287,octahedron_hk34_ambo_hk72,17436,17901,465,62240,62223
1288,octahedron_hk34_ambo_hk72,17885,18359,474,62910,62975
1289,octahedron_hk34_ambo_hk72,17503,17930,427,62135,62031
1290,octahedron_hk34_ambo_hk72,17900,18329,429,62864,62859
1291,octahedron_hk34_ambo_hk72,17449,17899,450,62010,62033
1292,octahedron_hk34_ambo_hk72,18463,18850,387,63481,63413
1293,octahedron_hk34_ambo_hk72,17319,17728,409,61316,61339
1294,octahedron_hk34_ambo_hk72,19419,19806,387,64550,64537
1295,octahedron_hk34_ambo_hk72,17441,17935,494,60483,60592
1296,octahedron_hk34_ambo_hk72,17700,18129,429,62719,62662
1297,octahedron_hk34_ambo_hk72,17253,17731,478,61703,61743
1298,octahedron_hk34_ambo_hk72,18990,19414,424,64199,64144
1299,octahedron_hk34_ambo_hk72,17685,18130,445,61158,61178
1300,octahedron_hk34_ambo_hk72,18243,18662,419,63020,62993
1301,octahedron_hk34_ambo_hk72,17771,18245,474,61988,62098
1302,octahedron_hk34_ambo_hk72,19389,19785,396,64131,63993
1303,octahedron_hk34_ambo_hk72,17718,18177,459,60790,60851
1304,octahedron_hk34_ambo_hk72,18406,18824,418,63157,63108
1305,octahedron_hk34_ambo_hk72,17751,18262,511,61786,61899
1306,octahedron_hk34_ambo_hk72,18860,19328,468,63549,63535
1307,octahedron_hk34_ambo_hk72,17510,17967,457,61118,61100
1308,octahedron_hk34_ambo_hk72,17830,18266,436,62779,62761
1309,octahedron_hk34_ambo_hk72,18145,18635,490,62782,62829
1310,octahedron_hk34_ambo_hk72,17418,17862,444,61735,61675
1311,octahedron_hk34_ambo_hk72,18053,18539,486,63097,63137
1312,octahedron_hk34_ambo_hk72,17463,17876,413,61869,61794
1313,octahedron_hk34_ambo_hk72,17760,18194,434,62516,62534
1314,octahedron_hk34_ambo_hk72,17383,17844,461,62072,62102
1315,octahedron_hk34_ambo_hk72,18086,18516,430,63165,63188
1316,octahedron_hk34_ambo_hk72,17421,17844,423,61850,61789
1317,octahedron_hk34_ambo_hk72,17870,18302,432,62910,62919
1318,octahedron_hk34_ambo_hk72,17389,17824,435,61980,61982
1319,octahedron_hk34_ambo_hk72,17874,18296,422,62946,62933
1320,octahedron_hk34_ambo_hk72,17315,17766,451,61903,61932
1321,octahedron_hk34_ambo_hk72,17888,18333,445,63024,63017
1322,octahedron_hk34_ambo_hk72,17362,17854,492,61934,61983
1323,octahedron_hk34_ambo_hk72,17932,18359,427,63031,62966
1324,octahedron_hk34_ambo_hk72,17071,17626,555,61600,61729
1325,octahedron_hk34_ambo_hk72,18111,18557,446,63505,63393
1326,octahedron_hk34_ambo_hk72,17340,17902,562,61691,61807
1327,octahedron_hk34_ambo_hk72,18078,18537,459,63197,63097
1328,rhombicuboctahedron_hk63_ambo_hk63,1741,1724,-17,46124,45653
1329,rhombicuboctahedron_hk63_ambo_hk63,9504,9900,396,69969,70423
1330,rhombicuboctahedron_hk63_ambo_hk63,9061,9426,365,62047,61979
1331,rhombicuboctahedron_hk63_ambo_hk63,9429,9868,439,62829,62900
1332,rhombicuboctahedron_hk63_ambo_hk63,9744,10240,496,62775,62834
1333,rhombicuboctahedron_hk63_ambo_hk63,19058,19501,443,71729,71693
1334,rhombicuboctahedron_hk63_ambo_hk63,17768,18115,347,61157,61061
1335,rhombicuboctahedron_hk63_ambo_hk63,16496,16771,275,61182,61115
1336,rhombicuboctahedron_hk63_ambo_hk63,15427,15715,288,61390,61405
1337,rhombicuboctahedron_hk63_ambo_hk63,15400,15744,344,62430,62485
1338,rhombicuboctahedron_hk63_ambo_hk63,18097,18171,74,65156,64887
1339,rhombicuboctahedron_hk63_ambo_hk63,18462,18525,63,62830,62813
1340,rhombicuboctahedron_hk63_ambo_hk63,18000,18365,365,61997,62302
1341,rhombicuboctahedron_hk63_ambo_hk63,18206,18617,411,62624,62658
1342,rhombicuboctahedron_hk63_ambo_hk63,18323,18716,393,62558,62593
1343,rhombicuboctahedron_hk63_ambo_hk63,17033,17480,447,61223,61226
1344,rhombicuboctahedron_hk63_ambo_hk63,16842,17298,456,62272,62278
1345,rhombicuboctahedron_hk63_ambo_hk63,16092,16577,485,61394,61419
1346,rhombicuboctahedron_hk63_ambo_hk63,21649,22139,490,68024,68030
1347,rhombicuboctahedron_hk63_ambo_hk63,26504,27301,797,67266,67591
1348,rhombicuboctahedron_hk63_ambo_hk63,25415,26108,693,61371,61238
1349,rhombicuboctahedron_hk63_ambo_hk63,24872,25105,233,61914,61455
1350,rhombicuboctahedron_hk63_ambo_hk63,26176,26449,273,63766,63803
1351,rhombicuboctahedron_hk63_ambo_hk63,25771,26169,398,62054,62168
1352,rhombicuboctahedron_hk63_ambo_hk63,26328,26739,411,63017,63030
1353,rhombicuboctahedron_hk63_ambo_hk63,26769,27250,481,62899,62972
1354,rhombicuboctahedron_hk63_ambo_hk63,25693,26641,948,61382,61853
1355,rhombicuboctahedron_hk63_ambo_hk63,24555,25430,875,61323,61250
1356,rhombicuboctahedron_hk63_ambo_hk63,23748,24589,841,61658,61674
1357,rhombicuboctahedron_hk63_ambo_hk63,24839,25716,877,63605,63587
1358,rhombicuboctahedron_hk63_ambo_hk63,23374,24221,847,60997,60967
1359,rhombicuboctahedron_hk63_ambo_hk63,24830,25670,840,63918,63903
1360,rhombicuboctahedron_hk63_ambo_hk63,23387,24276,889,61025,61051
1361,rhombicuboctahedron_hk63_ambo_hk63,24846,25741,895,63600,63604
1362,rhombicuboctahedron_hk63_ambo_hk63,23572,24580,1008,61188,61300
1363,rhombicuboctahedron_hk63_ambo_hk63,25214,26125,911,64102,64007
1364,rhombicuboctahedron_hk63_ambo_hk63,24027,24942,915,61272,61285
1365,rhombicuboctahedron_hk63_ambo_hk63,25185,26054,869,63620,63570
1366,rhombicuboctahedron_hk63_ambo_hk63,24173,25124,951,61449,61530
1367,rhombicuboctahedron_hk63_ambo_hk63,25511,26444,933,63804,63782
1368,rhombicuboctahedron_hk63_ambo_hk63,24988,25946,958,61939,61952
1369,rhombicuboctahedron_hk63_ambo_hk63,25385,26277,892,62865,62844
1370,rhombicuboctahedron_hk63_ambo_hk63,25054,26060,1006,62185,62243
1371,rhombicuboctahedron_hk63_ambo_hk63,25344,26244,900,62752,62644
1372,rhombicuboctahedron_hk63_ambo_hk63,25319,26288,969,62419,62504
1373,rhombicuboctahedron_hk63_ambo_hk63,26118,27144,1026,63259,63323
1374,rhombicuboctahedron_hk63_ambo_hk63,25582,26578,996,61925,61896
1375,rhombicuboctahedron_hk63_ambo_hk63,25176,26090,914,62054,61973
1376,rhombicuboctahedron_hk63_ambo_hk63,25537,26569,1032,62823,62940
1377,rhombicuboctahedron_hk63_ambo_hk63,26002,27023,1021,62680,62670
1378,rhombicuboctahedron_hk63_ambo_hk63,25094,25959,865,61543,61397
1379,rhombicuboctahedron_hk63_ambo_hk63,24917,25857,940,62291,62360
1380,rhombicuboctahedron_hk63_ambo_hk63,24899,25818,919,62442,62430
1381,rhombicuboctahedron_hk63_ambo_hk63,25328,26215,887,62891,62858
1382,rhombicuboctahedron_hk63_ambo_hk63,24244,25084,840,61378,61328
1383,rhombicuboctahedron_hk63_ambo_hk63,24569,25488,919,62787,62919
1384,rhombicuboctahedron_hk63_ambo_hk63,24124,25001,877,62070,61974
1385,rhombicuboctahedron_hk63_ambo_hk63,24401,25273,872,62745,62734
1386,rhombicuboctahedron_hk63_ambo_hk63,24254,25096,842,62313,62284
1387,rhombicuboctahedron_hk63_ambo_hk63,24340,25194,854,62548,62565
1388,rhombicuboctahedron_hk63_ambo_hk63,24129,24955,826,62257,62221
1389,rhombicuboctahedron_hk63_ambo_hk63,23875,24711,836,62205,62217
1390,rhombicuboctahedron_hk63_ambo_hk63,24033,24882,849,62619,62628
1391,rhombicuboctahedron_hk63_ambo_hk63,23840,24722,882,62268,62307
1392,rhombicuboctahedron_hk63_ambo_hk63,23962,24818,856,62573,62552
1393,rhombicuboctahedron_hk63_ambo_hk63,23719,24573,854,61980,61973
1394,rhombicuboctahedron_hk63_ambo_hk63,23776,24690,914,62517,62580
1395,rhombicuboctahedron_hk63_ambo_hk63,23738,24580,842,62422,62351
1396,rhombicuboctahedron_hk63_ambo_hk63,23812,24662,850,62540,62599
1397,rhombicuboctahedron_hk63_ambo_hk63,23724,24573,849,62427,62379
1398,truncatedIcosahedron_hk54_ambo_hk72,1850,1841,-9,40587,39729
1399,truncatedIcosahedron_hk54_ambo_hk72,10059,10434,375,70663,71049
1400,truncatedIcosahedron_hk54_ambo_hk72,9585,9921,336,61986,61949
1401,truncatedIcosahedron_hk54_ambo_hk72,9634,9961,327,62517,62501
1402,truncatedIcosahedron_hk54_ambo_hk72,11366,11718,352,64200,64216
1403,truncatedIcosahedron_hk54_ambo_hk72,17449,17867,418,68507,68574
1404,truncatedIcosahedron_hk54_ambo_hk72,17955,18316,361,62960,62901
1405,truncatedIcosahedron_hk54_ambo_hk72,15747,16075,328,60249,60223
1406,truncatedIcosahedron_hk54_ambo_hk72,16798,17158,360,63510,63526
1407,truncatedIcosahedron_hk54_ambo_hk72,15961,16458,497,61618,61758
1408,truncatedIcosahedron_hk54_ambo_hk72,16704,17073,369,63201,63064
1409,truncatedIcosahedron_hk54_ambo_hk72,16159,16541,382,61598,61595
1410,truncatedIcosahedron_hk54_ambo_hk72,20787,21163,376,67086,67139
1411,truncatedIcosahedron_hk54_ambo_hk72,20073,20596,523,61746,61871
1412,truncatedIcosahedron_hk54_ambo_hk72,20102,20699,597,62486,62559
1413,truncatedIcosahedron_hk54_ambo_hk72,18772,19326,554,61129,61094
1414,truncatedIcosahedron_hk54_ambo_hk72,18887,19518,631,62577,62652
1415,truncatedIcosahedron_hk54_ambo_hk72,17900,18564,664,61476,61496
1416,truncatedIcosahedron_hk54_ambo_hk72,27682,28359,677,72247,72257
1417,truncatedIcosahedron_hk54_ambo_hk72,30546,31558,1012,65282,65602
1418,truncatedIcosahedron_hk54_ambo_hk72,30161,30985,824,62074,61873
1419,truncatedIcosahedron_hk54_ambo_hk72,28794,29424,630,61091,60887
1420,truncatedIcosahedron_hk54_ambo_hk72,30090,30511,421,63753,63547
1421,truncatedIcosahedron_hk54_ambo_hk72,29619,30674,1055,61982,62622
1422,truncatedIcosahedron_hk54_ambo_hk72,30045,31926,1881,62885,63711
1423,truncatedIcosahedron_hk54_ambo_hk72,30317,32727,2410,62731,63260
1424,truncatedIcosahedron_hk54_ambo_hk72,32099,34520,2421,64296,64306
1425,truncatedIcosahedron_hk54_ambo_hk72,29888,32263,2375,59990,59938
1426,truncatedIcosahedron_hk54_ambo_hk72,29964,32317,2353,62535,62521
1427,truncatedIcosahedron_hk54_ambo_hk72,30176,32633,2457,62672,62783
1428,truncatedIcosahedron_hk54_ambo_hk72,30199,32524,2325,62483,62354
1429,truncatedIcosahedron_hk54_ambo_hk72,30699,33018,2319,62965,62944
1430,truncatedIcosahedron_hk54_ambo_hk72,30452,32784,2332,62215,62235
1431,truncatedIcosahedron_hk54_ambo_hk72,31232,33524,2292,63239,63201
1432,truncatedIcosahedron_hk54_ambo_hk72,31613,34000,2387,62831,62938
1433,truncatedIcosahedron_hk54_ambo_hk72,32090,34413,2323,62921,62873
1434,truncatedIcosahedron_hk54_ambo_hk72,34867,37357,2490,65233,65403
1435,truncatedIcosahedron_hk54_ambo_hk72,32082,34383,2301,59682,59488
1436,truncatedIcosahedron_hk54_ambo_hk72,33451,35870,2419,63819,63946
1437,truncatedIcosahedron_hk54_ambo_hk72,32584,35080,2496,61601,61723
1438,truncatedIcosahedron_hk54_ambo_hk72,37292,40006,2714,67224,67395
1439,truncatedIcosahedron_hk54_ambo_hk72,33969,36470,2501,59129,58924
1440,truncatedIcosahedron_hk54_ambo_hk72,36049,38599,2550,64542,64590
1441,truncatedIcosahedron_hk54_ambo_hk72,33373,35899,2526,59544,59509
1442,truncatedIcosahedron_hk54_ambo_hk72,38196,40870,2674,67286,67431
1443,truncatedIcosahedron_hk54_ambo_hk72,33663,36054,2391,57928,57644
1444,truncatedIcosahedron_hk54_ambo_hk72,36462,39156,2694,65261,65569
1445,truncatedIcosahedron_hk54_ambo_hk72,33975,36589,2614,59975,59891
1446,truncatedIcosahedron_hk54_ambo_hk72,35272,37942,2670,63757,63815
1447,truncatedIcosahedron_hk54_ambo_hk72,33500,35874,2374,60689,60393
1448,truncatedIcosahedron_hk54_ambo_hk72,34192,36595,2403,63152,63182
1449,truncatedIcosahedron_hk54_ambo_hk72,33516,35958,2442,61784,61826
1450,truncatedIcosahedron_hk54_ambo_hk72,32679,35262,2583,61624,61765
1451,truncatedIcosahedron_hk54_ambo_hk72,32468,34789,2321,62249,62043
1452,truncatedIcosahedron_hk54_ambo_hk72,31562,33943,2381,61608,61613
1453,truncatedIcosahedron_hk54_ambo_hk72,32489,34839,2350,63387,63364
1454,truncatedIcosahedron_hk54_ambo_hk72,31253,33664,2411,61227,61287
1455,truncatedIcosahedron_hk54_ambo_hk72,31663,33888,2225,62870,62685
1456,truncatedIcosahedron_hk54_ambo_hk72,30898,33181,2283,61692,61762
1457,truncatedIcosahedron_hk54_ambo_hk72,31102,33477,2375,62424,62512
1458,truncatedIcosahedron_hk54_ambo_hk72,30700,32964,2264,62050,61949
1459,truncatedIcosahedron_hk54_ambo_hk72,31035,33340,2305,62797,62833
1460,truncatedIcosahedron_hk54_ambo_hk72,30778,33053,2275,62205,62180
1461,truncatedIcosahedron_hk54_ambo_hk72,30344,32713,2369,62017,62120
1462,truncatedIcosahedron_hk54_ambo_hk72,30766,33169,2403,62872,62918
1463,truncatedIcosahedron_hk54_ambo_hk72,30306,32686,2380,62002,61979
1464,truncatedIcosahedron_hk54_ambo_hk72,30609,32949,2340,62764,62777
1465,truncatedIcosahedron_hk54_ambo_hk72,30752,33064,2312,62657,62567
1466,truncatedIcosahedron_hk54_ambo_hk72,30934,33357,2423,62644,62755
1467,truncatedIcosahedron_hk54_ambo_hk72,30407,32629,2222,61923,61734
1468,dodecahedron_hk54_ambo_hk72,1575,1564,-11,33629,31397
1469,dodecahedron_hk54_ambo_hk72,8553,8777,224,69433,69674
1470,dodecahedron_hk54_ambo_hk72,7702,7916,214,61614,61600
1471,dodecahedron_hk54_ambo_hk72,8577,8822,245,63337,63368
1472,dodecahedron_hk54_ambo_hk72,8103,8336,233,61988,61981
1473,dodecahedron_hk54_ambo_hk72,15259,15509,250,69353,69353
1474,dodecahedron_hk54_ambo_hk72,12731,12959,228,59928,59908
1475,dodecahedron_hk54_ambo_hk72,14063,14246,183,63787,63748
1476,dodecahedron_hk54_ambo_hk72,12295,12490,195,60680,60710
1477,dodecahedron_hk54_ambo_hk72,14278,14584,306,64444,64553
1478,dodecahedron_hk54_ambo_hk72,14570,14842,272,62730,62772
1479,dodecahedron_hk54_ambo_hk72,13868,14110,242,61815,61734
1480,dodecahedron_hk54_ambo_hk72,16955,17157,202,65541,65506
1481,dodecahedron_hk54_ambo_hk72,15759,16000,241,61234,61253
1482,dodecahedron_hk54_ambo_hk72,16110,16424,314,62811,62877
1483,dodecahedron_hk54_ambo_hk72,14476,14817,341,60829,60850
1484,dodecahedron_hk54_ambo_hk72,14577,14885,308,62565,62531
1485,dodecahedron_hk54_ambo_hk72,13698,14050,352,61583,61625
1486,dodecahedron_hk54_ambo_hk72,17938,18303,365,66702,66715
1487,dodecahedron_hk54_ambo_hk72,21053,21600,547,65537,65716
1488,dodecahedron_hk54_ambo_hk72,22105,22596,491,63507,63441
1489,dodecahedron_hk54_ambo_hk72,20160,20463,303,60244,60066
1490,dodecahedron_hk54_ambo_hk72,21980,22188,208,64287,64184
1491,dodecahedron_hk54_ambo_hk72,19488,20133,645,59955,60460
1492,dodecahedron_hk54_ambo_hk72,20742,21555,813,63756,63881
1493,dodecahedron_hk54_ambo_hk72,20749,21743,994,62463,62647
1494,dodecahedron_hk54_ambo_hk72,22622,23613,991,64332,64329
1495,dodecahedron_hk54_ambo_hk72,20793,21819,1026,60633,60667
1496,dodecahedron_hk54_ambo_hk72,21426,22411,985,63083,63051
1497,dodecahedron_hk54_ambo_hk72,20932,21928,996,61968,61979
1498,dodecahedron_hk54_ambo_hk72,21339,22332,993,62868,62866
1499,dodecahedron_hk54_ambo_hk72,21116,22053,937,62237,62189
1500,dodecahedron_hk54_ambo_hk72,21455,22411,956,62800,62821
1501,dodecahedron_hk54_ambo_hk72,21185,22209,1024,62189,62259
1502,dodecahedron_hk54_ambo_hk72,21719,22752,1033,62994,63005
1503,dodecahedron_hk54_ambo_hk72,21359,22386,1027,62101,62094
1504,dodecahedron_hk54_ambo_hk72,21894,22935,1041,62994,63017
1505,dodecahedron_hk54_ambo_hk72,21658,22649,991,61915,61911
1506,dodecahedron_hk54_ambo_hk72,22028,23110,1082,62873,62922
1507,dodecahedron_hk54_ambo_hk72,22151,23157,1006,62584,62509
1508,dodecahedron_hk54_ambo_hk72,22411,23372,961,62721,62677
1509,dodecahedron_hk54_ambo_hk72,22273,23345,1072,62323,62434
1510,dodecahedron_hk54_ambo_hk72,22189,23347,1158,62384,62456
1511,dodecahedron_hk54_ambo_hk72,22707,23755,1048,62979,62868
1512,dodecahedron_hk54_ambo_hk72,22518,23604,1086,62278,62310
1513,dodecahedron_hk54_ambo_hk72,23126,24128,1002,63069,62986
1514,dodecahedron_hk54_ambo_hk72,22383,23463,1080,61718,61795
1515,dodecahedron_hk54_ambo_hk72,23274,24257,983,63352,63254
1516,dodecahedron_hk54_ambo_hk72,22655,23728,1073,61842,61933
1517,dodecahedron_hk54_ambo_hk72,23062,24034,972,62875,62768
1518,dodecahedron_hk54_ambo_hk72,22545,23626,1081,61945,62109
1519,dodecahedron_hk54_ambo_hk72,22814,23813,999,62782,62646
1520,dodecahedron_hk54_ambo_hk72,21916,22850,934,61565,61500
1521,dodecahedron_hk54_ambo_hk72,22705,23701,996,63000,63055
1522,dodecahedron_hk54_ambo_hk72,21612,22630,1018,61368,61392
1523,dodecahedron_hk54_ambo_hk72,22605,23659,1054,63453,63490
1524,dodecahedron_hk54_ambo_hk72,21443,22398,955,61305,61201
1525,dodecahedron_hk54_ambo_hk72,22368,23395,1027,63384,63458
1526,dodecahedron_hk54_ambo_hk72,21314,22225,911,61399,61283
1527,dodecahedron_hk54_ambo_hk72,22342,23297,955,63490,63540
1528,dodecahedron_hk54_ambo_hk72,21394,22305,911,61514,61470
1529,dodecahedron_hk54_ambo_hk72,21544,22553,1009,62611,62709
1530,dodecahedron_hk54_ambo_hk72,21234,22200,966,62152,62098
1531,dodecahedron_hk54_ambo_hk72,21247,22224,977,62465,62474
1532,dodecahedron_hk54_ambo_hk72,21335,22324,989,62545,62621
1533,dodecahedron_hk54_ambo_hk72,21284,22307,1023,62464,62445
1534,dodecahedron_hk54_ambo_hk72,21216,22181,965,62386,62335
1535,dodecahedron_hk54_ambo_hk72,21569,22583,1014,62814,62864
1536,dodecahedron_hk54_ambo_hk72,21574,22512,938,62472,62389
1537,dodecahedron_hk54_ambo_hk72,21600,22652,1052,62242,62351
1538,dodecahedron_hk72_ambo_dual_hk20,1574,1549,-25,42435,41358
1539,dodecahedron_hk72_ambo_dual_hk20,8721,8956,235,69610,69863
1540,dodecahedron_hk72_ambo_dual_hk20,8125,8361,236,61864,61866
1541,dodecahedron_hk72_ambo_dual_hk20,8713,8939,226,63047,63039
1542,dodecahedron_hk72_ambo_dual_hk20,8935,9225,290,62690,62747
1543,dodecahedron_hk72_ambo_dual_hk20,14531,14765,234,68042,67959
1544,dodecahedron_hk72_ambo_dual_hk20,14684,14880,196,62611,62568
1545,dodecahedron_hk72_ambo_dual_hk20,12846,13126,280,60619,60702
1546,dodecahedron_hk72_ambo_dual_hk20,14222,14542,320,63831,63932
1547,dodecahedron_hk72_ambo_dual_hk20,13660,13940,280,61939,61858
1548,dodecahedron_hk72_ambo_dual_hk20,14517,14728,211,63318,63250
1549,dodecahedron_hk72_ambo_dual_hk20,14820,15083,263,62766,62810
1550,dodecahedron_hk72_ambo_dual_hk20,17643,17881,238,65282,65259
1551,dodecahedron_hk72_ambo_dual_hk20,17340,17680,340,62105,62211
1552,dodecahedron_hk72_ambo_dual_hk20,16888,17211,323,61985,61952
1553,dodecahedron_hk72_ambo_dual_hk20,15648,16017,369,60893,60926
1554,dodecahedron_hk72_ambo_dual_hk20,14817,15137,320,61632,61563
1555,dodecahedron_hk72_ambo_dual_hk20,14441,14791,350,62087,62115
1556,dodecahedron_hk72_ambo_dual_hk20,17068,17372,304,65092,65049
1557,dodecahedron_hk72_ambo_dual_hk20,16140,17258,1118,61522,62317
1558,dodecahedron_hk72_ambo_dual_hk20,16316,17516,1200,62635,62719
1559,dodecahedron_hk72_ambo_dual_hk20,16384,17828,1444,62524,62827
1560,dodecahedron_hk72_ambo_dual_hk20,16802,18387,1585,62936,63022
1561,dodecahedron_hk72_ambo_dual_hk20,16816,18494,1678,62475,62569
1562,dodecahedron_hk72_ambo_dual_hk20,18678,20265,1587,64325,64233
1563,dodecahedron_hk72_ambo_dual_hk20,13423,15319,1896,57205,57513
1564,dodecahedron_hk72_ambo_dual_hk20,13454,15339,1885,62484,62482
1565,dodecahedron_hk72_ambo_dual_hk20,13499,15432,1933,62506,62551
1566,dodecahedron_hk72_ambo_dual_hk20,13619,15788,2169,62581,62817
1567,dodecahedron_hk72_ambo_dual_hk20,13866,16170,2304,62708,62844
1568,dodecahedron_hk72_ambo_dual_hk20,16804,19108,2304,65398,65399
1569,dodecahedron_hk72_ambo_dual_hk20,15519,16950,1431,60904,60023
1570,dodecahedron_hk72_ambo_dual_hk20,15258,16562,1304,62202,62073
1571,dodecahedron_hk72_ambo_dual_hk20,15100,16313,1213,62305,62193
1572,dodecahedron_hk72_ambo_dual_hk20,15969,17206,1237,63332,63349
1573,dodecahedron_hk72_ambo_dual_hk20,15915,17141,1226,62401,62451
1574,dodecahedron_hk72_ambo_dual_hk20,20972,22138,1166,67567,67459
1575,dodecahedron_hk72_ambo_dual_hk20,28514,31446,2932,69940,71728
1576,dodecahedron_hk72_ambo_dual_hk20,28475,31088,2613,62417,62096
1577,dodecahedron_hk72_ambo_dual_hk20,27194,29415,2221,61173,60786
1578,dodecahedron_hk72_ambo_dual_hk20,26129,27927,1798,61391,60972
1579,dodecahedron_hk72_ambo_dual_hk20,25618,27152,1534,61949,61683
1580,dodecahedron_hk72_ambo_dual_hk20,24483,25643,1160,61321,60952
1581,dodecahedron_hk72_ambo_dual_hk20,23977,25028,1051,61952,61841
1582,dodecahedron_hk72_ambo_dual_hk20,25129,25994,865,63610,63425
1583,dodecahedron_hk72_ambo_dual_hk20,23130,24010,880,60442,60477
1584,dodecahedron_hk72_ambo_dual_hk20,23528,24370,842,62857,62826
1585,dodecahedron_hk72_ambo_dual_hk20,23066,24008,942,61680,61786
1586,dodecahedron_hk72_ambo_dual_hk20,23470,24316,846,62864,62824
1587,dodecahedron_hk72_ambo_dual_hk20,23170,24055,885,62216,62192
1588,dodecahedron_hk72_ambo_dual_hk20,23313,24124,811,62604,62530
1589,dodecahedron_hk72_ambo_dual_hk20,25633,26477,844,64780,64821
1590,dodecahedron_hk72_ambo_dual_hk20,23402,24217,815,60229,60203
1591,dodecahedron_hk72_ambo_dual_hk20,25937,27024,1087,64985,65267
1592,dodecahedron_hk72_ambo_dual_hk20,23357,24168,811,59882,59606
1593,dodecahedron_hk72_ambo_dual_hk20,26215,27409,1194,65324,65703
1594,dodecahedron_hk72_ambo_dual_hk20,25361,26325,964,61607,61377
1595,dodecahedron_hk72_ambo_dual_hk20,24355,25207,852,61456,61341
1596,dodecahedron_hk72_ambo_dual_hk20,24310,25225,915,62416,62486
1597,dodecahedron_hk72_ambo_dual_hk20,29098,30274,1176,67250,67510
1598,dodecahedron_hk72_ambo_dual_hk20,25987,26954,967,59351,59142
1599,dodecahedron_hk72_ambo_dual_hk20,24122,24985,863,60596,60493
1600,dodecahedron_hk72_ambo_dual_hk20,25335,26336,1001,63679,63866
1601,dodecahedron_hk72_ambo_dual_hk20,29753,31002,1249,66692,66874
1602,dodecahedron_hk72_ambo_dual_hk20,25990,26877,887,58697,58335
1603,dodecahedron_hk72_ambo_dual_hk20,24523,25352,829,60995,60925
1604,dodecahedron_hk72_ambo_dual_hk20,25960,26974,1014,63899,64066
1605,dodecahedron_hk72_ambo_dual_hk20,25732,26871,1139,62234,62357
1606,dodecahedron_hk72_ambo_dual_hk20,25112,26027,915,61834,61608
1607,dodecahedron_hk72_ambo_dual_hk20,24032,24966,934,61380,61386
1608,dodecahedron_hk72_ambo_dual_hk20,24903,25959,1056,63332,63455
1609,dodecahedron_hk72_ambo_dual_hk20,23897,24954,1057,61456,61456
1610,dodecahedron_hk72_ambo_dual_hk20,23871,24860,989,62434,62368
1611,dodecahedron_hk72_ambo_dual_hk20,23470,24486,1016,62060,62085
1612,dodecahedron_hk72_ambo_dual_hk20,24202,25190,988,63201,63165
1613,dodecahedron_hk72_ambo_dual_hk20,23551,24508,957,61811,61826
1614,dodecahedron_hk72_ambo_dual_hk20,23455,24460,1005,62420,62411
1615,dodecahedron_hk72_ambo_dual_hk20,23421,24419,998,62427,62420
1616,dodecahedron_hk72_ambo_dual_hk20,23383,24385,1002,62412,62429
1617,dodecahedron_hk72_ambo_dual_hk20,23330,24309,979,62155,62144
1618,dodecahedron_hk72_ambo_dual_hk20,23188,24142,954,62320,62296
1619,dodecahedron_hk72_ambo_dual_hk20,23157,24146,989,62429,62466
1620,dodecahedron_hk72_ambo_dual_hk20,23230,24149,919,62535,62464
1621,dodecahedron_hk72_ambo_dual_hk20,23099,24044,945,62320,62356
1622,dodecahedron_hk72_ambo_dual_hk20,23461,24449,988,62821,62866
1623,dodecahedron_hk72_ambo_dual_hk20,23239,24158,919,62240,62177
1624,dodecahedron_hk72_ambo_dual_hk20,23922,24826,904,63143,63130
1625,dodecahedron_hk72_ambo_dual_hk20,23523,24385,862,62063,62027
1626,truncatedIcosahedron_truncate50d_ambo_dual,1817,1816,-1,40761,39891
1627,truncatedIcosahedron_truncate50d_ambo_dual,9602,9939,337,70239,70637
1628,truncatedIcosahedron_truncate50d_ambo_dual,9701,10035,334,62614,62542
1629,truncatedIcosahedron_truncate50d_ambo_dual,9615,9988,373,62376,62416
1630,truncatedIcosahedron_truncate50d_ambo_dual,10707,11006,299,63555,63480
1631,truncatedIcosahedron_truncate50d_ambo_dual,12498,13102,604,64245,64548
1632,truncatedIcosahedron_truncate50d_ambo_dual,12893,13599,706,62856,62947
1633,truncatedIcosahedron_truncate50d_ambo_dual,13121,13961,840,62367,62494
1634,truncatedIcosahedron_truncate50d_ambo_dual,20205,20949,744,69546,69449
1635,truncatedIcosahedron_truncate50d_ambo_dual,24719,25485,766,66975,66998
1636,truncatedIcosahedron_truncate50d_ambo_dual,30072,30943,871,67795,67918
1637,truncatedIcosahedron_truncate50d_ambo_dual,38633,40065,1432,71014,71554
1638,truncatedIcosahedron_truncate50d_ambo_dual,36622,38307,1685,60443,60692
1639,truncatedIcosahedron_truncate50d_ambo_dual,34096,36007,1911,59935,60161
1640,truncatedIcosahedron_truncate50d_ambo_dual,32046,34137,2091,60412,60582
1641,truncatedIcosahedron_truncate50d_ambo_dual,30599,32966,2367,61068,61344
1642,truncatedIcosahedron_truncate50d_ambo_dual,30015,32369,2354,61879,61867
1643,truncatedIcosahedron_truncate50d_ambo_dual,27474,29671,2197,59914,59728
1644,truncatedIcosahedron_truncate50d_ambo_dual,26154,28228,2074,61119,61015
1645,truncatedIcosahedron_truncate50d_ambo_dual,25802,28028,2226,62111,62261
1646,truncatedIcosahedron_truncate50d_ambo_dual,24942,27152,2210,61601,61586
1647,truncatedIcosahedron_truncate50d_ambo_dual,24768,27072,2304,62286,62381
1648,truncatedIcosahedron_truncate50d_ambo_dual,27271,29446,2175,64965,64836
1649,truncatedIcosahedron_truncate50d_ambo_dual,21005,24360,3355,55922,57105
1650,truncatedIcosahedron_truncate50d_ambo_dual,21152,24563,3411,62608,62665
1651,truncatedIcosahedron_truncate50d_ambo_dual,21685,25419,3734,62997,63317
1652,truncatedIcosahedron_truncate50d_ambo_dual,21839,25715,3876,62608,62762
1653,truncatedIcosahedron_truncate50d_ambo_dual,22479,26743,4264,63107,63490
1654,truncatedIcosahedron_truncate50d_ambo_dual,29012,33419,4407,68994,69193
1655,truncatedIcosahedron_truncate50d_ambo_dual,26835,31067,4232,60333,60095
1656,truncatedIcosahedron_truncate50d_ambo_dual,26405,30239,3834,62029,61630
1657,truncatedIcosahedron_truncate50d_ambo_dual,26653,30260,3607,62709,62481
1658,truncatedIcosahedron_truncate50d_ambo_dual,26875,30130,3255,62683,62331
1659,truncatedIcosahedron_truncate50d_ambo_dual,27403,30468,3065,62979,62798
1660,truncatedIcosahedron_truncate50d_ambo_dual,29003,31986,2983,64065,63985
1661,truncatedIcosahedron_truncate50d_ambo_dual,17746,23180,5434,51205,53662
1662,truncatedIcosahedron_truncate50d_ambo_dual,17756,23170,5414,62474,62432
1663,truncatedIcosahedron_truncate50d_ambo_dual,17718,23150,5432,62404,62442
1664,truncatedIcosahedron_truncate50d_ambo_dual,17877,23246,5369,62626,62556
1665,truncatedIcosahedron_truncate50d_ambo_dual,17652,23086,5434,61936,61964
1666,truncatedIcosahedron_truncate50d_ambo_dual,17944,23302,5358,62752,62684
1667,truncatedIcosahedron_truncate50d_ambo_dual,18250,23721,5471,62767,62880
1668,truncatedIcosahedron_truncate50d_ambo_dual,18807,23936,5129,63018,62731
1669,truncatedIcosahedron_truncate50d_ambo_dual,18575,23973,5398,62287,62497
1670,truncatedIcosahedron_truncate50d_ambo_dual,19257,24194,4937,63143,62683
1671,truncatedIcosahedron_truncate50d_ambo_dual,19531,24557,5026,62736,62824
1672,truncatedIcosahedron_truncate50d_ambo_dual,19703,24530,4827,62633,62442
1673,truncatedIcosahedron_truncate50d_ambo_dual,18436,23557,5121,61195,61489
1674,truncatedIcosahedron_truncate50d_ambo_dual,18709,24391,5682,62735,63294
1675,truncatedIcosahedron_truncate50d_ambo_dual,20514,25835,5321,64267,63910
1676,truncatedIcosahedron_truncate50d_ambo_dual,19730,24804,5074,61677,61431
1677,truncatedIcosahedron_truncate50d_ambo_dual,18512,23737,5225,61247,61393
1678,truncatedIcosahedron_truncate50d_ambo_dual,18885,24557,5672,62834,63280
1679,truncatedIcosahedron_truncate50d_ambo_dual,20230,25815,5585,63807,63724
1680,truncatedIcosahedron_truncate50d_ambo_dual,20131,24929,4798,62363,61576
1681,truncatedIcosahedron_truncate50d_ambo_dual,18582,23738,5156,60660,61066
1682,truncatedIcosahedron_truncate50d_ambo_dual,18910,24754,5844,62841,63478
1683,truncatedIcosahedron_truncate50d_ambo_dual,17916,23718,5802,61474,61425
1684,truncatedIcosahedron_truncate50d_ambo_dual,19421,24927,5506,63964,63670
1685,truncatedIcosahedron_truncate50d_ambo_dual,17635,23241,5606,60675,60774
1686,truncatedIcosahedron_truncate50d_ambo_dual,19006,24551,5545,63833,63771
1687,truncatedIcosahedron_truncate50d_ambo_dual,17745,23325,5580,61199,61242
1688,truncatedIcosahedron_truncate50d_ambo_dual,19196,24949,5753,63913,64085
1689,truncatedIcosahedron_truncate50d_ambo_dual,17633,23401,5768,60900,60914
1690,truncatedIcosahedron_truncate50d_ambo_dual,19290,25098,5808,64118,64147
1691,truncatedIcosahedron_truncate50d_ambo_dual,17577,23322,5745,60753,60691
1692,truncatedIcosahedron_truncate50d_ambo_dual,19350,25084,5734,64236,64224
1693,truncatedIcosahedron_truncate50d_ambo_dual,17867,23519,5652,60981,60895
1694,truncatedIcosahedron_truncate50d_ambo_dual,19106,24761,5655,63700,63703
1695,truncatedIcosahedron_truncate50d_ambo_dual,17859,23476,5617,61203,61222
1696,truncatedIcosahedron_truncate50d_ambo_dual,18866,24465,5599,63522,63449
1697,truncatedIcosahedron_truncate50d_ambo_dual,17863,23449,5586,61212,61190
1698,truncatedIcosahedron_truncate50d_ambo_dual,18380,24028,5648,62978,63039
1699,truncatedIcosahedron_truncate50d_ambo_dual,17776,23183,5407,61856,61617
1700,truncatedIcosahedron_truncate50d_ambo_dual,18203,23731,5528,62891,63008
1701,truncatedIcosahedron_truncate50d_ambo_dual,17753,23110,5357,61998,61841
1702,truncatedIcosahedron_truncate50d_ambo_dual,18393,23889,5496,63091,63242
1703,truncatedIcosahedron_truncate50d_ambo_dual,17651,22965,5314,61720,61534
1704,icosahedron_snub_relax_truncate033_hankin62,1597,1574,-23,46406,41060
1705,icosahedron_snub_relax_truncate033_hankin62,9070,9514,444,69926,70395
1706,icosahedron_snub_relax_truncate033_hankin62,8948,9412,464,62317,62342
1707,icosahedron_snub_relax_truncate033_hankin62,9045,9469,424,62559,62512
1708,icosahedron_snub_relax_truncate033_hankin62,9446,9933,487,62861,62979
1709,icosahedron_snub_relax_truncate033_hankin62,16404,27611,11207,69470,80115
1710,icosahedron_snub_relax_truncate033_hankin62,14601,22905,8304,60649,57753
1711,icosahedron_snub_relax_truncate033_hankin62,13687,18029,4342,61548,57574
1712,icosahedron_snub_relax_truncate033_hankin62,12693,15607,2914,61465,60032
1713,icosahedron_snub_relax_truncate033_hankin62,12119,14082,1963,61570,60611
1714,icosahedron_snub_relax_truncate033_hankin62,13506,15461,1955,63837,63839
1715,icosahedron_snub_relax_truncate033_hankin62,11478,13079,1601,60429,60077
1716,icosahedron_snub_relax_truncate033_hankin62,10855,12256,1401,61842,61635
1717,icosahedron_snub_relax_truncate033_hankin62,11014,12071,1057,62621,62277
1718,icosahedron_snub_relax_truncate033_hankin62,13417,14408,991,64865,64797
1719,icosahedron_snub_relax_truncate033_hankin62,14246,15020,774,63275,63057
1720,icosahedron_snub_relax_truncate033_hankin62,13995,14775,780,62204,62215
1721,icosahedron_snub_relax_truncate033_hankin62,13273,14063,790,61742,61747
1722,icosahedron_snub_relax_truncate033_hankin62,13538,14379,841,62727,62830
1723,icosahedron_snub_relax_truncate033_hankin62,12999,13891,892,61982,61974
1724,icosahedron_snub_relax_truncate033_hankin62,21549,22276,727,70999,70846
1725,icosahedron_snub_relax_truncate033_hankin62,28382,29388,1006,69260,69512
1726,icosahedron_snub_relax_truncate033_hankin62,28475,29359,884,62546,62429
1727,icosahedron_snub_relax_truncate033_hankin62,27079,27718,639,61063,60817
1728,icosahedron_snub_relax_truncate033_hankin62,27823,29086,1263,63188,63829
1729,icosahedron_snub_relax_truncate033_hankin62,27749,28560,811,62155,61672
1730,icosahedron_snub_relax_truncate033_hankin62,27612,28873,1261,62313,62773
1731,icosahedron_snub_relax_truncate033_hankin62,27519,28596,1077,62366,62182
1732,icosahedron_snub_relax_truncate033_hankin62,29321,30560,1239,64262,64426
1733,icosahedron_snub_relax_truncate033_hankin62,26942,28047,1105,60084,59940
1734,icosahedron_snub_relax_truncate033_hankin62,27552,28701,1149,63078,63116
1735,icosahedron_snub_relax_truncate033_hankin62,26841,27918,1077,61750,61733
1736,icosahedron_snub_relax_truncate033_hankin62,27823,29018,1195,63496,63567
1737,icosahedron_snub_relax_truncate033_hankin62,26888,28010,1122,61525,61448
1738,icosahedron_snub_relax_truncate033_hankin62,28051,29225,1174,63625,63659
1739,icosahedron_snub_relax_truncate033_hankin62,28120,29175,1055,62530,62408
1740,icosahedron_snub_relax_truncate033_hankin62,30493,32015,1522,64836,65299
1741,icosahedron_snub_relax_truncate033_hankin62,28983,30483,1500,60951,60930
1742,icosahedron_snub_relax_truncate033_hankin62,31288,32791,1503,64764,64770
1743,icosahedron_snub_relax_truncate033_hankin62,29963,31434,1471,61136,61105
1744,icosahedron_snub_relax_truncate033_hankin62,31218,32722,1504,63707,63750
1745,icosahedron_snub_relax_truncate033_hankin62,29652,31026,1374,60578,60448
1746,icosahedron_snub_relax_truncate033_hankin62,34061,35480,1419,66877,66916
1747,icosahedron_snub_relax_truncate033_hankin62,30553,32190,1637,58953,59172
1748,icosahedron_snub_relax_truncate033_hankin62,31817,33467,1650,63710,63738
1749,icosahedron_snub_relax_truncate033_hankin62,30996,32467,1471,61640,61516
1750,icosahedron_snub_relax_truncate033_hankin62,34210,35677,1467,65727,65661
1751,icosahedron_snub_relax_truncate033_hankin62,31065,32611,1546,59323,59401
1752,icosahedron_snub_relax_truncate033_hankin62,32007,33734,1727,63404,63585
1753,icosahedron_snub_relax_truncate033_hankin62,31260,32720,1460,61715,61447
1754,icosahedron_snub_relax_truncate033_hankin62,30134,31404,1270,61335,61146
1755,icosahedron_snub_relax_truncate033_hankin62,30297,31487,1190,62624,62544
1756,icosahedron_snub_relax_truncate033_hankin62,29515,30649,1134,61680,61624
1757,icosahedron_snub_relax_truncate033_hankin62,29323,30593,1270,62268,62404
1758,icosahedron_snub_relax_truncate033_hankin62,28666,29823,1157,61804,61692
1759,icosahedron_snub_relax_truncate033_hankin62,28705,29930,1225,62501,62565
1760,icosahedron_snub_relax_truncate033_hankin62,28085,29250,1165,61841,61768
1761,icosahedron_snub_relax_truncate033_hankin62,27964,29104,1140,62084,62061
1762,icosahedron_snub_relax_truncate033_hankin62,27903,29074,1171,62401,62432
1763,icosahedron_snub_relax_truncate033_hankin62,27621,28781,1160,62172,62223
1764,icosahedron_snub_relax_truncate033_hankin62,27681,28807,1126,62576,62487
1765,icosahedron_snub_relax_truncate033_hankin62,27095,28175,1080,61873,61829
1766,icosahedron_snub_relax_truncate033_hankin62,27920,29086,1166,63287,63363
1767,icosahedron_snub_relax_truncate033_hankin62,26893,27944,1051,61441,61320
1768,icosahedron_snub_relax_truncate033_hankin62,27577,28669,1092,63134,63186
1769,icosahedron_snub_relax_truncate033_hankin62,26571,27691,1120,61454,61485
1770,icosahedron_snub_relax_truncate033_hankin62,27521,28621,1100,63409,63390
1771,icosahedron_snub_relax_truncate033_hankin62,26564,27737,1173,61485,61574
1772,icosahedron_snub_relax_truncate033_hankin62,27289,28407,1118,63193,63120
1773,icosahedron_snub_relax_truncate033_hankin62,26813,27973,1160,61985,62034
1774,icosahedron_snub_relax_truncate033_hankin62,27510,28644,1134,63159,63139
1775,icosahedron_snub_relax_truncate033_hankin62,26850,28042,1192,61801,61859
1776,dodecahedron_hk62_ambo_hk62,1560,1538,-22,37171,36011
1777,dodecahedron_hk62_ambo_hk62,7875,8045,170,68577,68714
1778,dodecahedron_hk62_ambo_hk62,8108,8328,220,62695,62744
1779,dodecahedron_hk62_ambo_hk62,7901,8052,151,62255,62186
1780,dodecahedron_hk62_ambo_hk62,8539,8740,201,63106,63150
1781,dodecahedron_hk62_ambo_hk62,13689,13862,173,67583,67541
1782,dodecahedron_hk62_ambo_hk62,13595,13801,206,62362,62393
1783,dodecahedron_hk62_ambo_hk62,12739,12876,137,61607,61536
1784,dodecahedron_hk62_ambo_hk62,13173,13364,191,62893,62946
1785,dodecahedron_hk62_ambo_hk62,14247,14607,360,63532,63701
1786,dodecahedron_hk62_ambo_hk62,14388,14550,162,62602,62402
1787,dodecahedron_hk62_ambo_hk62,14953,15177,224,63022,63086
1788,dodecahedron_hk62_ambo_hk62,16700,16949,249,64202,64223
1789,dodecahedron_hk62_ambo_hk62,17217,17492,275,62965,62951
1790,dodecahedron_hk62_ambo_hk62,15604,15955,351,60841,60959
1791,dodecahedron_hk62_ambo_hk62,15577,15874,297,62486,62382
1792,dodecahedron_hk62_ambo_hk62,14117,14422,305,61004,61017
1793,dodecahedron_hk62_ambo_hk62,13800,14178,378,61808,61893
1794,dodecahedron_hk62_ambo_hk62,17722,18059,337,66385,66341
1795,dodecahedron_hk62_ambo_hk62,23620,24195,575,68307,68540
1796,dodecahedron_hk62_ambo_hk62,21530,22039,509,60368,60301
1797,dodecahedron_hk62_ambo_hk62,20916,21230,314,61843,61649
1798,dodecahedron_hk62_ambo_hk62,21612,21812,200,63160,63031
1799,dodecahedron_hk62_ambo_hk62,21873,22091,218,62720,62739
1800,dodecahedron_hk62_ambo_hk62,22317,22520,203,62903,62880
1801,dodecahedron_hk62_ambo_hk62,22960,23307,347,63101,63248
1802,dodecahedron_hk62_ambo_hk62,22152,22857,705,61641,62015
1803,dodecahedron_hk62_ambo_hk62,20162,20809,647,60478,60469
1804,dodecahedron_hk62_ambo_hk62,20589,21226,637,62947,62875
1805,dodecahedron_hk62_ambo_hk62,20227,20920,693,62098,62145
1806,dodecahedron_hk62_ambo_hk62,20361,21026,665,62595,62575
1807,dodecahedron_hk62_ambo_hk62,20334,21005,671,62406,62445
1808,dodecahedron_hk62_ambo_hk62,20222,20864,642,62349,62321
1809,dodecahedron_hk62_ambo_hk62,21475,22144,669,63393,63430
1810,dodecahedron_hk62_ambo_hk62,20451,21134,683,61438,61452
1811,dodecahedron_hk62_ambo_hk62,22301,23082,781,64313,64414
1812,dodecahedron_hk62_ambo_hk62,20383,21065,682,60543,60446
1813,dodecahedron_hk62_ambo_hk62,22978,23776,798,65046,65162
1814,dodecahedron_hk62_ambo_hk62,20877,21674,797,60345,60358
1815,dodecahedron_hk62_ambo_hk62,22593,23317,724,64178,64101
1816,dodecahedron_hk62_ambo_hk62,21328,22083,755,61195,61226
1817,dodecahedron_hk62_ambo_hk62,23844,24604,760,64977,65037
1818,dodecahedron_hk62_ambo_hk62,20580,21205,625,59253,59062
1819,dodecahedron_hk62_ambo_hk62,23685,24513,828,65564,65769
1820,dodecahedron_hk62_ambo_hk62,21601,22339,738,60384,60288
1821,dodecahedron_hk62_ambo_hk62,23974,24760,786,64834,64881
1822,dodecahedron_hk62_ambo_hk62,20790,21585,795,59278,59287
1823,dodecahedron_hk62_ambo_hk62,23641,24449,808,65302,65325
1824,dodecahedron_hk62_ambo_hk62,21860,22605,745,60679,60624
1825,dodecahedron_hk62_ambo_hk62,22055,22731,676,62405,62350
1826,dodecahedron_hk62_ambo_hk62,21289,21942,653,61696,61672
1827,dodecahedron_hk62_ambo_hk62,21970,22641,671,63140,63158
1828,dodecahedron_hk62_ambo_hk62,21757,22397,640,62249,62217
1829,dodecahedron_hk62_ambo_hk62,21400,22096,696,62104,62160
1830,dodecahedron_hk62_ambo_hk62,21299,21916,617,62358,62327
1831,dodecahedron_hk62_ambo_hk62,20954,21575,621,62177,62120
1832,dodecahedron_hk62_ambo_hk62,20699,21343,644,62205,62236
1833,dodecahedron_hk62_ambo_hk62,20909,21598,689,62670,62716
1834,dodecahedron_hk62_ambo_hk62,20669,21401,732,62222,62266
1835,dodecahedron_hk62_ambo_hk62,20738,21476,738,62531,62535
1836,dodecahedron_hk62_ambo_hk62,20575,21241,666,62297,62228
1837,dodecahedron_hk62_ambo_hk62,20642,21359,717,62527,62577
1838,dodecahedron_hk62_ambo_hk62,20579,21283,704,62398,62385
1839,dodecahedron_hk62_ambo_hk62,20671,21309,638,62552,62479
1840,dodecahedron_hk62_ambo_hk62,20747,21361,614,62538,62512
1841,dodecahedron_hk62_ambo_hk62,20340,20967,627,61798,61824
1842,dodecahedron_hk62_ambo_hk62,20607,21250,643,62729,62745
1843,dodecahedron_hk62_ambo_hk62,20667,21323,656,62522,62523
1844,dodecahedron_hk62_ambo_hk62,20744,21423,679,62538,62616
1845,dodecahedron_hk62_ambo_hk62,20457,21061,604,62227,62099
1846,truncatedIcosahedron_hk58_chamfer63,1827,1830,3,43831,43231
1847,truncatedIcosahedron_hk58_chamfer63,9703,10076,373,70342,70700
1848,truncatedIcosahedron_hk58_chamfer63,9205,9568,363,61964,61952
1849,truncatedIcosahedron_hk58_chamfer63,9760,10145,385,63023,63038
1850,truncatedIcosahedron_hk58_chamfer63,10443,10826,383,63145,63143
1851,truncatedIcosahedron_hk58_chamfer63,18136,18521,385,70110,70099
1852,truncatedIcosahedron_hk58_chamfer63,15882,16202,320,60203,60141
1853,truncatedIcosahedron_hk58_chamfer63,16746,17038,292,63319,63293
1854,truncatedIcosahedron_hk58_chamfer63,16927,17084,157,62636,62505
1855,truncatedIcosahedron_hk58_chamfer63,16517,17003,486,62050,62378
1856,truncatedIcosahedron_hk58_chamfer63,15989,16381,392,61931,61838
1857,truncatedIcosahedron_hk58_chamfer63,16880,17239,359,63030,62988
1858,truncatedIcosahedron_hk58_chamfer63,22341,22734,393,67963,68008
1859,truncatedIcosahedron_hk58_chamfer63,27866,29312,1446,67971,69013
1860,truncatedIcosahedron_hk58_chamfer63,26548,27989,1441,61145,61136
1861,truncatedIcosahedron_hk58_chamfer63,26289,27873,1584,62196,62345
1862,truncatedIcosahedron_hk58_chamfer63,26574,28197,1623,62751,62767
1863,truncatedIcosahedron_hk58_chamfer63,26069,27621,1552,61954,61855
1864,truncatedIcosahedron_hk58_chamfer63,28349,29991,1642,64746,64816
1865,truncatedIcosahedron_hk58_chamfer63,25593,27176,1583,59705,59647
1866,truncatedIcosahedron_hk58_chamfer63,26143,27785,1642,62999,63070
1867,truncatedIcosahedron_hk58_chamfer63,25513,27142,1629,61832,61819
1868,truncatedIcosahedron_hk58_chamfer63,26184,27813,1629,63132,63133
1869,truncatedIcosahedron_hk58_chamfer63,25819,27458,1639,62103,62106
1870,truncatedIcosahedron_hk58_chamfer63,26183,27859,1676,62827,62864
1871,truncatedIcosahedron_hk58_chamfer63,26241,27845,1604,62526,62499
1872,truncatedIcosahedron_hk58_chamfer63,26237,27940,1703,62516,62555
1873,truncatedIcosahedron_hk58_chamfer63,26604,28224,1620,62514,62421
1874,truncatedIcosahedron_hk58_chamfer63,26664,28300,1636,62520,62537
1875,truncatedIcosahedron_hk58_chamfer63,26982,28558,1576,62781,62725
1876,truncatedIcosahedron_hk58_chamfer63,26773,28451,1678,62250,62355
1877,truncatedIcosahedron_hk58_chamfer63,27052,28683,1631,62739,62692
1878,truncatedIcosahedron_hk58_chamfer63,27347,28914,1567,62762,62691
1879,truncatedIcosahedron_hk58_chamfer63,27471,29051,1580,62585,62598
1880,truncatedIcosahedron_hk58_chamfer63,27193,28921,1728,62183,62328
1881,truncatedIcosahedron_hk58_chamfer63,27496,29144,1648,62762,62684
1882,truncatedIcosahedron_hk58_chamfer63,27790,29429,1639,62756,62737
1883,truncatedIcosahedron_hk58_chamfer63,27730,29267,1537,62399,62298
1884,truncatedIcosahedron_hk58_chamfer63,27696,29400,1704,62429,62594
1885,truncatedIcosahedron_hk58_chamfer63,27421,29246,1825,62187,62362
1886,truncatedIcosahedron_hk58_chamfer63,28262,29852,1590,63357,63069
1887,truncatedIcosahedron_hk58_chamfer63,27798,29359,1561,61997,61967
1888,truncatedIcosahedron_hk58_chamfer63,27716,29482,1766,62380,62586
1889,truncatedIcosahedron_hk58_chamfer63,27183,28855,1672,61676,61570
1890,truncatedIcosahedron_hk58_chamfer63,27491,29025,1534,62770,62632
1891,truncatedIcosahedron_hk58_chamfer63,26963,28633,1670,61933,62070
1892,truncatedIcosahedron_hk58_chamfer63,27013,28756,1743,62512,62571
1893,truncatedIcosahedron_hk58_chamfer63,26644,28244,1600,62093,61949
1894,truncatedIcosahedron_hk58_chamfer63,27255,28844,1589,63073,63069
1895,truncatedIcosahedron_hk58_chamfer63,26286,27954,1668,61492,61575
1896,truncatedIcosahedron_hk58_chamfer63,26913,28583,1670,63093,63080
1897,truncatedIcosahedron_hk58_chamfer63,26191,27808,1617,61740,61686
1898,truncatedIcosahedron_hk58_chamfer63,26866,28666,1800,63134,63381
1899,truncatedIcosahedron_hk58_chamfer63,26485,28079,1594,62123,61873
1900,truncatedIcosahedron_hk58_chamfer63,25850,27680,1830,61816,62068
1901,truncatedIcosahedron_hk58_chamfer63,26015,27733,1718,62627,62514
1902,truncatedIcosahedron_hk58_chamfer63,25374,27267,1893,61819,61986
1903,truncatedIcosahedron_hk58_chamfer63,25768,27560,1792,62853,62761
1904,truncatedIcosahedron_hk58_chamfer63,25522,27330,1808,62216,62232
1905,truncatedIcosahedron_hk58_chamfer63,26276,28054,1778,62964,62931
1906,truncatedIcosahedron_hk58_chamfer63,25971,27848,1877,62156,62256
1907,truncatedIcosahedron_hk58_chamfer63,26730,28500,1770,63218,63113
1908,dodecahedron_ambo_bevel33_relax_hk66,1541,1526,-15,37278,35480
1909,dodecahedron_ambo_bevel33_relax_hk66,7611,7838,227,68529,68757
1910,dodecahedron_ambo_bevel33_relax_hk66,7760,7927,167,62609,62550
1911,dodecahedron_ambo_bevel33_relax_hk66,7621,7820,199,62322,62355
1912,dodecahedron_ambo_bevel33_relax_hk66,8026,8204,178,62867,62902
1913,dodecahedron_ambo_bevel33_relax_hk66,9142,9428,286,63594,63631
1914,dodecahedron_ambo_bevel33_relax_hk66,9433,9755,322,62749,62781
1915,dodecahedron_ambo_bevel33_relax_hk66,9100,9438,338,62129,62144
1916,dodecahedron_ambo_bevel33_relax_hk66,9802,10193,391,63153,63216
1917,dodecahedron_ambo_bevel33_relax_hk66,9639,10073,434,62300,62341
1918,dodecahedron_ambo_bevel33_relax_hk66,12126,12534,408,64947,64930
1919,dodecahedron_ambo_bevel33_relax_hk66,10582,10960,378,60898,60867
1920,dodecahedron_ambo_bevel33_relax_hk66,10979,11416,437,62860,62909
1921,dodecahedron_ambo_bevel33_relax_hk66,10086,10558,472,61251,61284
1922,dodecahedron_ambo_bevel33_relax_hk66,11096,11575,479,63475,63486
1923,dodecahedron_ambo_bevel33_relax_hk66,10424,10891,467,61790,61777
1924,dodecahedron_ambo_bevel33_relax_hk66,14120,14624,504,66161,66193
1925,dodecahedron_ambo_bevel33_relax_hk66,12459,13117,658,60796,60991
1926,dodecahedron_ambo_bevel33_relax_hk66,12843,13502,659,62889,62841
1927,dodecahedron_ambo_bevel33_relax_hk66,12819,13565,746,62436,62522
1928,dodecahedron_ambo_bevel33_relax_hk66,12533,13397,864,62179,62294
1929,dodecahedron_ambo_bevel33_relax_hk66,12756,13582,826,62686,62647
1930,dodecahedron_ambo_bevel33_relax_hk66,15476,16363,887,65185,65241
1931,dodecahedron_ambo_bevel33_relax_hk66,12590,13371,781,59572,59469
1932,dodecahedron_ambo_bevel33_relax_hk66,12445,13263,818,62315,62351
1933,dodecahedron_ambo_bevel33_relax_hk66,12458,13202,744,62473,62400
1934,dodecahedron_ambo_bevel33_relax_hk66,19072,19730,658,69081,68988
1935,dodecahedron_ambo_bevel33_relax_hk66,26421,27255,834,69749,69959
1936,dodecahedron_ambo_bevel33_relax_hk66,25666,26393,727,61702,61595
1937,dodecahedron_ambo_bevel33_relax_hk66,25409,25736,327,61947,61535
1938,dodecahedron_ambo_bevel33_relax_hk66,25523,25772,249,62571,62494
1939,dodecahedron_ambo_bevel33_relax_hk66,25926,26252,326,62861,62993
1940,dodecahedron_ambo_bevel33_relax_hk66,25180,26218,1038,61768,62426
1941,dodecahedron_ambo_bevel33_relax_hk66,25643,26915,1272,62921,63148
1942,dodecahedron_ambo_bevel33_relax_hk66,26987,28330,1343,63803,63876
1943,dodecahedron_ambo_bevel33_relax_hk66,25245,26575,1330,60720,60706
1944,dodecahedron_ambo_bevel33_relax_hk66,25142,26399,1257,62356,62285
1945,dodecahedron_ambo_bevel33_relax_hk66,25336,26722,1386,62635,62790
1946,dodecahedron_ambo_bevel33_relax_hk66,25260,26501,1241,62386,62247
1947,dodecahedron_ambo_bevel33_relax_hk66,25783,27042,1259,62984,63001
1948,dodecahedron_ambo_bevel33_relax_hk66,25280,26558,1278,61958,61978
1949,dodecahedron_ambo_bevel33_relax_hk66,25799,27180,1381,62979,63084
1950,dodecahedron_ambo_bevel33_relax_hk66,25359,26641,1282,62027,61923
1951,dodecahedron_ambo_bevel33_relax_hk66,25786,27080,1294,62888,62901
1952,dodecahedron_ambo_bevel33_relax_hk66,25555,26797,1242,62222,62232
1953,dodecahedron_ambo_bevel33_relax_hk66,26232,27528,1296,62878,62872
1954,dodecahedron_ambo_bevel33_relax_hk66,25565,26800,1235,61793,61734
1955,dodecahedron_ambo_bevel33_relax_hk66,26677,27965,1288,63565,63626
1956,dodecahedron_ambo_bevel33_relax_hk66,25954,27208,1254,61736,61704
1957,dodecahedron_ambo_bevel33_relax_hk66,27185,28546,1361,63693,63799
1958,dodecahedron_ambo_bevel33_relax_hk66,26047,27312,1265,61324,61227
1959,dodecahedron_ambo_bevel33_relax_hk66,27975,29379,1404,64389,64521
1960,dodecahedron_ambo_bevel33_relax_hk66,26329,27613,1284,60823,60696
1961,dodecahedron_ambo_bevel33_relax_hk66,27204,28520,1316,63334,63368
1962,dodecahedron_ambo_bevel33_relax_hk66,26350,27694,1344,61608,61635
1963,dodecahedron_ambo_bevel33_relax_hk66,27608,29000,1392,63719,63766
1964,dodecahedron_ambo_bevel33_relax_hk66,26444,27737,1293,61297,61204
1965,dodecahedron_ambo_bevel33_relax_hk66,27015,28301,1286,63023,63016
1966,dodecahedron_ambo_bevel33_relax_hk66,26497,27851,1354,61944,62072
1967,dodecahedron_ambo_bevel33_relax_hk66,26912,28181,1269,62930,62789
1968,dodecahedron_ambo_bevel33_relax_hk66,26214,27482,1268,61765,61756
1969,dodecahedron_ambo_bevel33_relax_hk66,26196,27542,1346,62192,62280
1970,dodecahedron_ambo_bevel33_relax_hk66,25950,27201,1251,62216,62116
1971,dodecahedron_ambo_bevel33_relax_hk66,25720,26983,1263,62229,62243
1972,dodecahedron_ambo_bevel33_relax_hk66,25573,26894,1321,62315,62372
1973,dodecahedron_ambo_bevel33_relax_hk66,25350,26626,1276,62226,62183
1974,dodecahedron_ambo_bevel33_relax_hk66,25506,26840,1334,62617,62674
1975,dodecahedron_ambo_bevel33_relax_hk66,24943,26215,1272,61898,61834
1976,dodecahedron_ambo_bevel33_relax_hk66,25676,26917,1241,63193,63163
1977,dodecahedron_ambo_bevel33_relax_hk66,24998,26281,1283,61764,61826
1978,dodecahedron_ambo_bevel33_relax_hk66,25405,26633,1228,62868,62813
1979,dodecahedron_ambo_bevel33_relax_hk66,24778,26002,1224,61834,61831
1980,dodecahedron_ambo_bevel33_relax_hk66,25480,26821,1341,63146,63308
1981,dodecahedron_ambo_bevel33_relax_hk66,24968,26230,1262,62007,61870
1982,dodecahedron_ambo_bevel33_relax_hk66,25460,26658,1198,62953,62887
1983,dodecahedron_ambo_bevel33_relax_hk66,25267,26541,1274,62269,62343
1984,dodecahedron_ambo_bevel33_relax_hk66,25690,26876,1186,62882,62796
1985,dodecahedron_ambo_bevel33_relax_hk66,25357,26618,1261,61893,61947
1986,truncatedIcosahedron_ambo_relax_truncate33_hk64,1820,1870,50,38923,37721
1987,truncatedIcosahedron_ambo_relax_truncate33_hk64,9916,10300,384,70550,70891
1988,truncatedIcosahedron_ambo_relax_truncate33_hk64,9421,9774,353,61965,61929
1989,truncatedIcosahedron_ambo_relax_truncate33_hk64,9863,10224,361,62908,62912
1990,truncatedIcosahedron_ambo_relax_truncate33_hk64,10186,10548,362,62783,62785
1991,truncatedIcosahedron_ambo_relax_truncate33_hk64,12759,13362,603,65013,65268
1992,truncatedIcosahedron_ambo_relax_truncate33_hk64,12283,12866,583,61986,61962
1993,truncatedIcosahedron_ambo_relax_truncate33_hk64,12600,13350,750,62778,62996
1994,truncatedIcosahedron_ambo_relax_truncate33_hk64,12665,13509,844,62573,62619
1995,truncatedIcosahedron_ambo_relax_truncate33_hk64,13097,13939,842,62894,62889
1996,truncatedIcosahedron_ambo_relax_truncate33_hk64,15474,16357,883,64839,64878
1997,truncatedIcosahedron_ambo_relax_truncate33_hk64,11058,11897,839,58046,57990
1998,truncatedIcosahedron_ambo_relax_truncate33_hk64,11098,11972,874,62504,62536
1999,truncatedIcosahedron_ambo_relax_truncate33_hk64,10925,11758,833,62288,62254
2000,truncatedIcosahedron_ambo_relax_truncate33_hk64,14183,15006,823,65718,65708
2001,truncatedIcosahedron_ambo_relax_truncate33_hk64,15053,15874,821,62997,62984
2002,truncatedIcosahedron_ambo_relax_truncate33_hk64,15297,16111,814,62706,62705
2003,truncatedIcosahedron_ambo_relax_truncate33_hk64,14886,15768,882,62052,62119
2004,truncatedIcosahedron_ambo_relax_truncate33_hk64,15156,16025,869,62731,62724
2005,truncatedIcosahedron_ambo_relax_truncate33_hk64,14883,15817,934,62180,62242
2006,truncatedIcosahedron_ambo_relax_truncate33_hk64,24542,25458,916,72113,72104
2007,truncatedIcosahedron_ambo_relax_truncate33_hk64,33243,34315,1072,71106,71339
2008,truncatedIcosahedron_ambo_relax_truncate33_hk64,32910,33980,1070,62180,62126
2009,truncatedIcosahedron_ambo_relax_truncate33_hk64,30501,31126,625,60050,59605
2010,truncatedIcosahedron_ambo_relax_truncate33_hk64,30779,31302,523,62736,62634
2011,truncatedIcosahedron_ambo_relax_truncate33_hk64,30382,30992,610,62053,62151
2012,truncatedIcosahedron_ambo_relax_truncate33_hk64,31311,32119,808,63386,63585
2013,truncatedIcosahedron_ambo_relax_truncate33_hk64,31106,32220,1114,62253,62562
2014,truncatedIcosahedron_ambo_relax_truncate33_hk64,32185,33903,1718,63535,64144
2015,truncatedIcosahedron_ambo_relax_truncate33_hk64,29577,31256,1679,59851,59813
2016,truncatedIcosahedron_ambo_relax_truncate33_hk64,29962,31600,1638,62845,62806
2017,truncatedIcosahedron_ambo_relax_truncate33_hk64,29542,31254,1712,61722,61788
2018,truncatedIcosahedron_ambo_relax_truncate33_hk64,30074,31839,1765,62999,63047
2019,truncatedIcosahedron_ambo_relax_truncate33_hk64,29718,31385,1667,62098,62006
2020,truncatedIcosahedron_ambo_relax_truncate33_hk64,30456,32186,1730,63199,63316
2021,truncatedIcosahedron_ambo_relax_truncate33_hk64,30124,31755,1631,62183,62029
2022,truncatedIcosahedron_ambo_relax_truncate33_hk64,31058,32794,1736,63394,63500
2023,truncatedIcosahedron_ambo_relax_truncate33_hk64,30597,32248,1651,62000,61914
2024,truncatedIcosahedron_ambo_relax_truncate33_hk64,31967,33712,1745,63831,63924
2025,truncatedIcosahedron_ambo_relax_truncate33_hk64,30775,32501,1726,61269,61251
2026,truncatedIcosahedron_ambo_relax_truncate33_hk64,32448,34230,1782,64123,64191
2027,truncatedIcosahedron_ambo_relax_truncate33_hk64,31210,32946,1736,61224,61178
2028,truncatedIcosahedron_ambo_relax_truncate33_hk64,33504,35350,1846,64746,64855
2029,truncatedIcosahedron_ambo_relax_truncate33_hk64,31290,32862,1572,60252,59981
2030,truncatedIcosahedron_ambo_relax_truncate33_hk64,33746,35701,1955,64917,65299
2031,truncatedIcosahedron_ambo_relax_truncate33_hk64,32796,34650,1854,61511,61410
2032,truncatedIcosahedron_ambo_relax_truncate33_hk64,33883,35657,1774,63549,63468
2033,truncatedIcosahedron_ambo_relax_truncate33_hk64,31846,33505,1659,60185,60064
2034,truncatedIcosahedron_ambo_relax_truncate33_hk64,34198,36262,2064,64814,65278
2035,truncatedIcosahedron_ambo_relax_truncate33_hk64,32786,34679,1893,61102,60878
2036,truncatedIcosahedron_ambo_relax_truncate33_hk64,33462,35192,1730,63135,62965
2037,truncatedIcosahedron_ambo_relax_truncate33_hk64,32327,33912,1585,61325,61186
2038,truncatedIcosahedron_ambo_relax_truncate33_hk64,33538,35455,1917,63673,64004
2039,truncatedIcosahedron_ambo_relax_truncate33_hk64,32606,34431,1825,61528,61437
2040,truncatedIcosahedron_ambo_relax_truncate33_hk64,31969,33614,1645,61825,61651
2041,truncatedIcosahedron_ambo_relax_truncate33_hk64,31439,33105,1666,61911,61959
2042,truncatedIcosahedron_ambo_relax_truncate33_hk64,31558,33308,1750,62579,62664
2043,truncatedIcosahedron_ambo_relax_truncate33_hk64,31310,33075,1765,62218,62229
2044,truncatedIcosahedron_ambo_relax_truncate33_hk64,30461,32129,1668,61612,61522
2045,truncatedIcosahedron_ambo_relax_truncate33_hk64,30712,32289,1577,62711,62621
2046,truncatedIcosahedron_ambo_relax_truncate33_hk64,29721,31393,1672,61471,61564
2047,truncatedIcosahedron_ambo_relax_truncate33_hk64,29847,31534,1687,62588,62664
2048,truncatedIcosahedron_ambo_relax_truncate33_hk64,29404,31072,1668,62072,61999
2049,truncatedIcosahedron_ambo_relax_truncate33_hk64,29616,31365,1749,62419,62500
2050,truncatedIcosahedron_ambo_relax_truncate33_hk64,28926,30575,1649,61772,61673
2051,truncatedIcosahedron_ambo_relax_truncate33_hk64,29197,30910,1713,62730,62802
2052,truncatedIcosahedron_ambo_relax_truncate33_hk64,28659,30272,1613,61913,61820
2053,truncatedIcosahedron_ambo_relax_truncate33_hk64,29306,31091,1785,63107,63282
2054,truncatedIcosahedron_ambo_relax_truncate33_hk64,28529,30282,1753,61674,61652
2055,truncatedIcosahedron_ambo_relax_truncate33_hk64,29652,31370,1718,63584,63550
2056,truncatedIcosahedron_ambo_relax_truncate33_hk64,28787,30518,1731,61604,61608
2057,truncatedIcosahedron_ambo_relax_truncate33_hk64,29763,31491,1728,63443,63434
2058,dodecahedron_bevel2_relax_gyro,1558,1541,-17,34263,32512
2059,dodecahedron_bevel2_relax_gyro,7797,7949,152,68702,68862
2060,dodecahedron_bevel2_relax_gyro,7601,7788,187,62254,62301
2061,dodecahedron_bevel2_relax_gyro,7834,8007,173,62694,62733
2062,dodecahedron_bevel2_relax_gyro,7797,8011,214,62477,62472
2063,dodecahedron_bevel2_relax_gyro,9524,9806,282,64149,64220
2064,dodecahedron_bevel2_relax_gyro,9135,9429,294,62055,62078
2065,dodecahedron_bevel2_relax_gyro,9490,9837,347,62508,62536
2066,dodecahedron_bevel2_relax_gyro,9405,9833,428,62379,62459
2067,dodecahedron_bevel2_relax_gyro,10125,10550,425,63175,63179
2068,dodecahedron_bevel2_relax_gyro,11719,12198,479,64054,64110
2069,dodecahedron_bevel2_relax_gyro,11307,11643,336,62043,61896
2070,dodecahedron_bevel2_relax_gyro,10671,11096,425,61823,61911
2071,dodecahedron_bevel2_relax_gyro,10990,11362,372,62784,62728
2072,dodecahedron_bevel2_relax_gyro,10496,10947,451,61968,62047
2073,dodecahedron_bevel2_relax_gyro,10824,11263,439,62791,62775
2074,dodecahedron_bevel2_relax_gyro,12329,12746,417,63958,63940
2075,dodecahedron_bevel2_relax_gyro,10893,11325,432,61075,61090
2076,dodecahedron_bevel2_relax_gyro,10922,11441,519,62491,62575
2077,dodecahedron_bevel2_relax_gyro,10630,11125,495,62167,62144
2078,dodecahedron_bevel2_relax_gyro,15016,15577,561,66847,66912
2079,dodecahedron_bevel2_relax_gyro,19925,33710,13785,67358,80569
2080,dodecahedron_bevel2_relax_gyro,20437,28278,7841,62962,57025
2081,dodecahedron_bevel2_relax_gyro,19642,25398,5756,61398,59323
2082,dodecahedron_bevel2_relax_gyro,20925,26095,5170,63744,63149
2083,dodecahedron_bevel2_relax_gyro,20946,27487,6541,62487,63848
2084,dodecahedron_bevel2_relax_gyro,31705,38666,6961,73220,73639
2085,dodecahedron_bevel2_relax_gyro,33333,37210,3877,64067,60973
2086,dodecahedron_bevel2_relax_gyro,33468,37235,3767,62584,62477
2087,dodecahedron_bevel2_relax_gyro,32439,36327,3888,61435,61545
2088,dodecahedron_bevel2_relax_gyro,32809,36680,3871,62834,62868
2089,dodecahedron_bevel2_relax_gyro,32464,36558,4094,62172,62340
2090,dodecahedron_bevel2_relax_gyro,36550,40587,4037,66548,66491
2091,dodecahedron_bevel2_relax_gyro,26754,33629,6875,52662,55504
2092,dodecahedron_bevel2_relax_gyro,26720,33362,6642,62414,62194
2093,dodecahedron_bevel2_relax_gyro,26758,33173,6415,62499,62270
2094,dodecahedron_bevel2_relax_gyro,26728,33032,6304,62431,62317
2095,dodecahedron_bevel2_relax_gyro,26855,33010,6155,62593,62439
2096,dodecahedron_bevel2_relax_gyro,37979,44103,6124,73586,73555
2097,dodecahedron_bevel2_relax_gyro,33527,39430,5903,57742,57493
2098,dodecahedron_bevel2_relax_gyro,33483,38988,5505,62413,62016
2099,dodecahedron_bevel2_relax_gyro,33340,38330,4990,62303,61808
2100,dodecahedron_bevel2_relax_gyro,32681,37252,4571,61803,61382
2101,dodecahedron_bevel2_relax_gyro,33013,37274,4261,62794,62489
2102,dodecahedron_bevel2_relax_gyro,33668,37876,4208,63118,63117
2103,dodecahedron_bevel2_relax_gyro,18396,22051,3655,47249,46625
2104,dodecahedron_bevel2_relax_gyro,18091,21756,3665,62157,62165
2105,dodecahedron_bevel2_relax_gyro,18339,21968,3629,62708,62675
2106,dodecahedron_bevel2_relax_gyro,18320,21966,3646,62443,62459
2107,dodecahedron_bevel2_relax_gyro,18324,22092,3768,62469,62587
2108,dodecahedron_bevel2_relax_gyro,18635,22048,3413,62771,62408
2109,dodecahedron_bevel2_relax_gyro,18738,22355,3617,62553,62767
2110,dodecahedron_bevel2_relax_gyro,18292,21867,3575,62015,61973
2111,dodecahedron_bevel2_relax_gyro,18845,22457,3612,63014,63052
2112,dodecahedron_bevel2_relax_gyro,18563,22167,3604,62178,62172
2113,dodecahedron_bevel2_relax_gyro,18797,22531,3734,62380,62523
2114,dodecahedron_bevel2_relax_gyro,18807,22408,3601,62472,62328
2115,dodecahedron_bevel2_relax_gyro,18896,22752,3856,62557,62860
2116,dodecahedron_bevel2_relax_gyro,19228,22841,3613,62848,62550
2117,dodecahedron_bevel2_relax_gyro,19030,22821,3791,62261,62442
2118,dodecahedron_bevel2_relax_gyro,19324,22829,3505,62755,62476
2119,dodecahedron_bevel2_relax_gyro,19368,23144,3776,62495,62775
2120,dodecahedron_bevel2_relax_gyro,19104,22912,3808,62198,62236
2121,dodecahedron_bevel2_relax_gyro,19313,23203,3890,62671,62752
2122,dodecahedron_bevel2_relax_gyro,18982,22822,3840,62131,62085
2123,dodecahedron_bevel2_relax_gyro,18827,22661,3834,62307,62303
2124,dodecahedron_bevel2_relax_gyro,19189,23206,4017,62824,63006
2125,dodecahedron_bevel2_relax_gyro,18839,22792,3953,62109,62044
2126,dodecahedron_bevel2_relax_gyro,19056,22827,3771,62677,62497
2127,dodecahedron_bevel2_relax_gyro,18465,22339,3874,61859,61970
2128,dodecahedron_bevel2_relax_gyro,19439,23343,3904,63436,63463
2129,dodecahedron_bevel2_relax_gyro,18823,22712,3889,61592,61633
2130,dodecahedron_bevel2_relax_gyro,18525,22153,3628,62218,61908
2131,dodecahedron_bevel2_relax_gyro,18859,22583,3724,62795,62890
2132,dodecahedron_bevel2_relax_gyro,18452,22302,3850,62061,62179
2133,dodecahedron_bevel2_relax_gyro,18825,22643,3818,62835,62803
2134,dodecahedron_bevel2_relax_gyro,17902,21586,3684,61539,61403
2135,dodecahedron_bevel2_relax_gyro,18303,21989,3686,62862,62865
2136,dodecahedron_bevel2_relax_gyro,18206,21884,3678,62365,62355
2137,dodecahedron_bevel2_relax_gyro,18184,21904,3720,62437,62481
2138,dodecahedron_bevel2_relax_gyro,18405,21886,3481,62656,62440
2139,dodecahedron_bevel2_relax_gyro,18275,22017,3742,62329,62593
2140,dodecahedron_bevel2_relax_gyro,18587,22100,3513,62773,62544
2141,dodecahedron_bevel2_relax_gyro,18610,22181,3571,62490,62530
2142,dodecahedron_bevel2_relax_gyro,18669,22247,3578,62521,62583
2143,dodecahedron_bevel2_relax_gyro,18899,22414,3515,62746,62628
2144,dodecahedron_bevel2_relax_gyro,18934,22541,3607,62495,62589
2145,dodecahedron_bevel2_relax_gyro,18834,22250,3416,62111,61912
2146,truncatedIcosidodecahedron_bevel5_relax_hk77,2217,2253,36,45844,42465
2147,truncatedIcosidodecahedron_bevel5_relax_hk77,11164,11678,514,71402,71883
2148,truncatedIcosidodecahedron_bevel5_relax_hk77,10605,11022,417,61903,61798
2149,truncatedIcosidodecahedron_bevel5_relax_hk77,11026,11505,479,62884,62944
2150,truncatedIcosidodecahedron_bevel5_relax_hk77,12081,12502,421,63508,63459
2151,truncatedIcosidodecahedron_bevel5_relax_hk77,15819,16759,940,66185,66703
2152,truncatedIcosidodecahedron_bevel5_relax_hk77,15313,16341,1028,61956,62034
2153,truncatedIcosidodecahedron_bevel5_relax_hk77,15811,16974,1163,62961,63093
2154,truncatedIcosidodecahedron_bevel5_relax_hk77,15772,17037,1265,62421,62524
2155,truncatedIcosidodecahedron_bevel5_relax_hk77,16381,17750,1369,63071,63175
2156,truncatedIcosidodecahedron_bevel5_relax_hk77,20860,22151,1291,66943,66907
2157,truncatedIcosidodecahedron_bevel5_relax_hk77,19829,21192,1363,61464,61491
2158,truncatedIcosidodecahedron_bevel5_relax_hk77,19553,20976,1423,62179,62243
2159,truncatedIcosidodecahedron_bevel5_relax_hk77,19444,20989,1545,62349,62473
2160,truncatedIcosidodecahedron_bevel5_relax_hk77,19531,21157,1626,62550,62630
2161,truncatedIcosidodecahedron_bevel5_relax_hk77,19506,21103,1597,62129,62081
2162,truncatedIcosidodecahedron_bevel5_relax_hk77,30282,31852,1570,73228,73210
2163,truncatedIcosidodecahedron_bevel5_relax_hk77,15489,17373,1884,47666,47982
2164,truncatedIcosidodecahedron_bevel5_relax_hk77,16025,17888,1863,62995,62974
2165,truncatedIcosidodecahedron_bevel5_relax_hk77,15754,17568,1814,62180,62142
2166,truncatedIcosidodecahedron_bevel5_relax_hk77,28454,30495,2041,75161,75389
2167,truncatedIcosidodecahedron_bevel5_relax_hk77,38746,41070,2324,72702,73008
2168,truncatedIcosidodecahedron_bevel5_relax_hk77,37195,39303,2108,60896,60690
2169,truncatedIcosidodecahedron_bevel5_relax_hk77,34470,35950,1480,59735,59144
2170,truncatedIcosidodecahedron_bevel5_relax_hk77,35854,37309,1455,63895,63822
2171,truncatedIcosidodecahedron_bevel5_relax_hk77,36424,37071,647,63029,62209
2172,truncatedIcosidodecahedron_bevel5_relax_hk77,40417,40918,501,66446,66306
2173,truncatedIcosidodecahedron_bevel5_relax_hk77,40266,40785,519,62306,62326
2174,truncatedIcosidodecahedron_bevel5_relax_hk77,38193,40561,2368,60385,62225
2175,truncatedIcosidodecahedron_bevel5_relax_hk77,33998,36462,2464,58265,58368
2176,truncatedIcosidodecahedron_bevel5_relax_hk77,35505,37794,2289,63961,63793
2177,truncatedIcosidodecahedron_bevel5_relax_hk77,34030,36401,2371,60667,60752
2178,truncatedIcosidodecahedron_bevel5_relax_hk77,35605,37859,2254,64035,63919
2179,truncatedIcosidodecahedron_bevel5_relax_hk77,34368,36768,2400,61216,61371
2180,truncatedIcosidodecahedron_bevel5_relax_hk77,36069,38320,2251,64163,64012
2181,truncatedIcosidodecahedron_bevel5_relax_hk77,34823,37223,2400,61214,61364
2182,truncatedIcosidodecahedron_bevel5_relax_hk77,36438,38696,2258,64077,63935
2183,truncatedIcosidodecahedron_bevel5_relax_hk77,35556,37980,2424,61582,61800
2184,truncatedIcosidodecahedron_bevel5_relax_hk77,37437,39850,2413,64385,64331
2185,truncatedIcosidodecahedron_bevel5_relax_hk77,36678,39048,2370,61702,61666
2186,truncatedIcosidodecahedron_bevel5_relax_hk77,38005,40371,2366,63790,63772
2187,truncatedIcosidodecahedron_bevel5_relax_hk77,37036,39604,2568,61498,61693
2188,truncatedIcosidodecahedron_bevel5_relax_hk77,39258,41759,2501,64691,64618
2189,truncatedIcosidodecahedron_bevel5_relax_hk77,37327,39765,2438,60535,60465
2190,truncatedIcosidodecahedron_bevel5_relax_hk77,39807,42313,2506,64942,65010
2191,truncatedIcosidodecahedron_bevel5_relax_hk77,38398,41086,2688,61052,61235
2192,truncatedIcosidodecahedron_bevel5_relax_hk77,40576,43114,2538,64639,64489
2193,truncatedIcosidodecahedron_bevel5_relax_hk77,38106,40506,2400,59738,59582
2194,truncatedIcosidodecahedron_bevel5_relax_hk77,40523,43147,2624,64878,65108
2195,truncatedIcosidodecahedron_bevel5_relax_hk77,38745,41417,2672,60684,60724
2196,truncatedIcosidodecahedron_bevel5_relax_hk77,39738,42234,2496,63443,63277
2197,truncatedIcosidodecahedron_bevel5_relax_hk77,38088,40606,2518,60810,60887
2198,truncatedIcosidodecahedron_bevel5_relax_hk77,39035,41566,2531,63464,63421
2199,truncatedIcosidodecahedron_bevel5_relax_hk77,37922,40370,2448,61343,61254
2200,truncatedIcosidodecahedron_bevel5_relax_hk77,37810,40116,2306,62350,62208
2201,truncatedIcosidodecahedron_bevel5_relax_hk77,36864,39356,2492,61515,61701
2202,truncatedIcosidodecahedron_bevel5_relax_hk77,36913,39171,2258,62499,62278
2203,truncatedIcosidodecahedron_bevel5_relax_hk77,36208,38578,2370,61757,61869
2204,truncatedIcosidodecahedron_bevel5_relax_hk77,36292,38564,2272,62546,62447
2205,truncatedIcosidodecahedron_bevel5_relax_hk77,35559,37956,2397,61730,61854
2206,truncatedIcosidodecahedron_bevel5_relax_hk77,35728,38118,2390,62624,62630
2207,truncatedIcosidodecahedron_bevel5_relax_hk77,35011,37438,2427,61751,61788
2208,truncatedIcosidodecahedron_bevel5_relax_hk77,35417,37764,2347,62866,62788
2209,truncatedIcosidodecahedron_bevel5_relax_hk77,34812,37242,2430,61603,61695
2210,truncatedIcosidodecahedron_bevel5_relax_hk77,35068,37511,2443,62715,62784
2211,truncatedIcosidodecahedron_bevel5_relax_hk77,34476,36950,2474,61922,61901
2212,truncatedIcosidodecahedron_bevel5_relax_hk77,35013,37436,2423,62997,62948
2213,truncatedIcosidodecahedron_bevel5_relax_hk77,34489,36813,2324,61937,61838
2214,truncatedIcosidodecahedron_bevel5_relax_hk77,35237,37568,2331,63209,63224
2215,truncatedIcosidodecahedron_bevel5_relax_hk77,34754,37084,2330,61979,61976
2216,truncatedIcosidodecahedron_bevel5_relax_hk77,35461,37807,2346,63175,63189
2217,truncatedIcosidodecahedron_bevel5_relax_hk77,34735,37119,2384,61741,61774
2218,truncatedOctahedron_gyro_kis_hk17,1666,1696,30,29391,27037
2219,truncatedOctahedron_gyro_kis_hk17,8350,8621,271,69136,69373
2220,truncatedOctahedron_gyro_kis_hk17,8337,8507,170,62449,62348
2221,truncatedOctahedron_gyro_kis_hk17,8299,8532,233,62423,62486
2222,truncatedOctahedron_gyro_kis_hk17,8893,9145,252,63056,63074
2223,truncatedOctahedron_gyro_kis_hk17,12113,19231,7118,65673,72535
2224,truncatedOctahedron_gyro_kis_hk17,11654,15492,3838,61990,58767
2225,truncatedOctahedron_gyro_kis_hk17,11998,14580,2582,62541,61227
2226,truncatedOctahedron_gyro_kis_hk17,11268,12924,1656,61732,60796
2227,truncatedOctahedron_gyro_kis_hk17,11950,13459,1509,63130,62987
2228,truncatedOctahedron_gyro_kis_hk17,14253,16001,1748,64762,64994
2229,truncatedOctahedron_gyro_kis_hk17,16201,17295,1094,64370,63716
2230,truncatedOctahedron_gyro_kis_hk17,14720,15813,1093,60978,60971
2231,truncatedOctahedron_gyro_kis_hk17,15370,16527,1157,63101,63174
2232,truncatedOctahedron_gyro_kis_hk17,14328,15405,1077,61421,61345
2233,truncatedOctahedron_gyro_kis_hk17,14659,15796,1137,62796,62852
2234,truncatedOctahedron_gyro_kis_hk17,20720,21829,1109,68524,68478
2235,truncatedOctahedron_gyro_kis_hk17,24800,27342,2542,66534,67962
2236,truncatedOctahedron_gyro_kis_hk17,24454,27043,2589,62111,62166
2237,truncatedOctahedron_gyro_kis_hk17,25290,28368,3078,63295,63841
2238,truncatedOctahedron_gyro_kis_hk17,25247,28321,3074,62476,62415
2239,truncatedOctahedron_gyro_kis_hk17,25970,29433,3463,63185,63574
2240,truncatedOctahedron_gyro_kis_hk17,28303,31635,3332,64794,64663
2241,truncatedOctahedron_gyro_kis_hk17,20576,24237,3661,54476,54788
2242,truncatedOctahedron_gyro_kis_hk17,20291,23810,3519,62177,62031
2243,truncatedOctahedron_gyro_kis_hk17,21063,24632,3569,63236,63283
2244,truncatedOctahedron_gyro_kis_hk17,20848,24708,3860,62245,62538
2245,truncatedOctahedron_gyro_kis_hk17,21099,25290,4191,62693,63035
2246,truncatedOctahedron_gyro_kis_hk17,28154,32449,4295,69517,69604
2247,truncatedOctahedron_gyro_kis_hk17,24308,26946,2638,58594,56946
2248,truncatedOctahedron_gyro_kis_hk17,23747,26372,2625,61901,61885
2249,truncatedOctahedron_gyro_kis_hk17,24088,26675,2587,62802,62765
2250,truncatedOctahedron_gyro_kis_hk17,23943,26457,2514,62318,62242
2251,truncatedOctahedron_gyro_kis_hk17,25276,27806,2530,63779,63869
2252,truncatedOctahedron_gyro_kis_hk17,28087,30506,2419,65329,65161
2253,truncatedOctahedron_gyro_kis_hk17,17747,22115,4368,52110,54056
2254,truncatedOctahedron_gyro_kis_hk17,17113,21440,4327,61827,61780
2255,truncatedOctahedron_gyro_kis_hk17,17845,22195,4350,63192,63216
2256,truncatedOctahedron_gyro_kis_hk17,17330,21614,4284,61947,61881
2257,truncatedOctahedron_gyro_kis_hk17,17396,21680,4284,62265,62253
2258,truncatedOctahedron_gyro_kis_hk17,27174,31465,4291,72245,72242
2259,truncatedOctahedron_gyro_kis_hk17,44725,49723,4998,79949,80672
2260,truncatedOctahedron_gyro_kis_hk17,43485,48006,4521,61214,60748
2261,truncatedOctahedron_gyro_kis_hk17,41949,46058,4109,60928,60510
2262,truncatedOctahedron_gyro_kis_hk17,39858,43262,3404,60367,59664
2263,truncatedOctahedron_gyro_kis_hk17,37139,40099,2960,59735,59295
2264,truncatedOctahedron_gyro_kis_hk17,36205,38639,2434,61522,61043
2265,truncatedOctahedron_gyro_kis_hk17,35428,37683,2255,61733,61503
2266,truncatedOctahedron_gyro_kis_hk17,36518,38602,2084,63546,63385
2267,truncatedOctahedron_gyro_kis_hk17,34050,36160,2110,59993,60014
2268,truncatedOctahedron_gyro_kis_hk17,34259,36239,1980,62678,62540
2269,truncatedOctahedron_gyro_kis_hk17,33965,36006,2041,62157,62228
2270,truncatedOctahedron_gyro_kis_hk17,34472,36549,2077,62969,63001
2271,truncatedOctahedron_gyro_kis_hk17,34052,36082,2030,62033,61993
2272,truncatedOctahedron_gyro_kis_hk17,34879,36856,1977,63292,63236
2273,truncatedOctahedron_gyro_kis_hk17,34403,36549,2146,61664,61824
2274,truncatedOctahedron_gyro_kis_hk17,35607,37581,1974,63666,63499
2275,truncatedOctahedron_gyro_kis_hk17,34753,36855,2102,61607,61733
2276,truncatedOctahedron_gyro_kis_hk17,36484,38512,2028,64198,64108
2277,truncatedOctahedron_gyro_kis_hk17,35384,37291,1907,61360,61240
2278,truncatedOctahedron_gyro_kis_hk17,37018,39197,2179,64095,64422
2279,truncatedOctahedron_gyro_kis_hk17,35841,37893,2052,61338,61157
2280,truncatedOctahedron_gyro_kis_hk17,37331,39567,2236,63957,64135
2281,truncatedOctahedron_gyro_kis_hk17,35606,37651,2045,60737,60544
2282,truncatedOctahedron_gyro_kis_hk17,37783,40148,2365,64637,64959
2283,truncatedOctahedron_gyro_kis_hk17,36919,39078,2159,61597,61392
2284,truncatedOctahedron_gyro_kis_hk17,38201,40555,2354,63742,63938
2285,truncatedOctahedron_gyro_kis_hk17,36491,38643,2152,60750,60550
2286,truncatedOctahedron_gyro_kis_hk17,38181,40553,2372,64157,64371
2287,truncatedOctahedron_gyro_kis_hk17,36579,38696,2117,60849,60604
2288,truncatedOctahedron_gyro_kis_hk17,38232,40546,2314,64113,64311
2289,truncatedOctahedron_gyro_kis_hk17,37029,39071,2042,61023,60731
2290,truncatedOctahedron_gyro_kis_hk17,36961,39283,2322,62393,62674
2291,truncatedOctahedron_gyro_kis_hk17,35742,37830,2088,61240,61008
2292,truncatedOctahedron_gyro_kis_hk17,36877,39012,2135,63650,63690
2293,truncatedOctahedron_gyro_kis_hk17,36631,38642,2011,62204,62092
2294,truncatedOctahedron_gyro_kis_hk17,35493,37509,2016,61321,61328
2295,truncatedOctahedron_gyro_kis_hk17,34961,36911,1950,61927,61862
2296,truncatedOctahedron_gyro_kis_hk17,35896,37968,2072,63396,63517
2297,truncatedOctahedron_gyro_kis_hk17,35396,37383,1987,61968,61877
2298,truncatedOctahedron_gyro_kis_hk17,35231,37268,2037,62296,62346
2299,truncatedOctahedron_gyro_kis_hk17,34649,36665,2016,61880,61860
2300,truncatedOctahedron_gyro_kis_hk17,35181,37088,1907,62998,62885
2301,truncatedOctahedron_gyro_kis_hk17,34314,36318,2004,61594,61698
2302,truncatedOctahedron_gyro_kis_hk17,34875,36861,1986,63022,63004
2303,truncatedOctahedron_gyro_kis_hk17,34044,36104,2060,61630,61697
2304,truncatedOctahedron_gyro_kis_hk17,35021,37030,2009,63437,63387
2305,truncatedOctahedron_gyro_kis_hk17,33951,36106,2155,61143,61356
2306,truncatedOctahedron_gyro_kis_hk17,35193,37166,1973,63757,63523
2307,truncatedOctahedron_gyro_kis_hk17,33802,35905,2103,61069,61200
2308,truncatedOctahedron_gyro_kis_hk17,34938,36966,2028,63598,63522
2309,truncatedOctahedron_gyro_kis_hk17,33770,35776,2006,61293,61270
2310,truncatedIcosahedron_ambo_relax_truncate001_hankin59,1854,1850,-4,30543,28536
2311,truncatedIcosahedron_ambo_relax_truncate001_hankin59,9031,9358,327,69623,69966
2312,truncatedIcosahedron_ambo_relax_truncate001_hankin59,9574,9915,341,63007,63018
2313,truncatedIcosahedron_ambo_relax_truncate001_hankin59,9047,9377,330,61937,61921
2314,truncatedIcosahedron_ambo_relax_truncate001_hankin59,10228,10665,437,63640,63750
2315,truncatedIcosahedron_ambo_relax_truncate001_hankin59,11970,12485,515,64167,64256
2316,truncatedIcosahedron_ambo_relax_truncate001_hankin59,12320,12986,666,62795,62949
2317,truncatedIcosahedron_ambo_relax_truncate001_hankin59,12026,12745,719,62168,62210
2318,truncatedIcosahedron_ambo_relax_truncate001_hankin59,12644,13405,761,63078,63122
2319,truncatedIcosahedron_ambo_relax_truncate001_hankin59,12683,13543,860,62504,62655
2320,truncatedIcosahedron_ambo_relax_truncate001_hankin59,15209,16043,834,65042,64968
2321,truncatedIcosahedron_ambo_relax_truncate001_hankin59,10792,11736,944,57738,57820
2322,truncatedIcosahedron_ambo_relax_truncate001_hankin59,10879,11681,802,62546,62405
2323,truncatedIcosahedron_ambo_relax_truncate001_hankin59,10896,11799,903,62483,62570
2324,truncatedIcosahedron_ambo_relax_truncate001_hankin59,13964,14770,806,65530,65433
2325,truncatedIcosahedron_ambo_relax_truncate001_hankin59,15389,16198,809,63874,63885
2326,truncatedIcosahedron_ambo_relax_truncate001_hankin59,15313,16093,780,62377,62345
2327,truncatedIcosahedron_ambo_relax_truncate001_hankin59,15633,16431,798,62782,62805
2328,truncatedIcosahedron_ambo_relax_truncate001_hankin59,15420,16221,801,62251,62252
2329,truncatedIcosahedron_ambo_relax_truncate001_hankin59,15515,16353,838,62557,62593
2330,truncatedIcosahedron_ambo_relax_truncate001_hankin59,24096,24851,755,71042,70960
2331,truncatedIcosahedron_ambo_relax_truncate001_hankin59,34633,34720,87,72955,72301
2332,truncatedIcosahedron_ambo_relax_truncate001_hankin59,35048,35141,93,62870,62921
2333,truncatedIcosahedron_ambo_relax_truncate001_hankin59,35169,35243,74,62636,62548
2334,truncatedIcosahedron_ambo_relax_truncate001_hankin59,35453,35538,85,62745,62762
2335,truncatedIcosahedron_ambo_relax_truncate001_hankin59,35940,36005,65,62951,62926
2336,truncatedIcosahedron_ambo_relax_truncate001_hankin59,35801,35880,79,62324,62334
2337,truncatedIcosahedron_ambo_relax_truncate001_hankin59,35565,35653,88,61956,61959
2338,truncatedIcosahedron_ambo_relax_truncate001_hankin59,37880,37943,63,64774,64749
2339,truncatedIcosahedron_ambo_relax_truncate001_hankin59,35755,35783,28,60334,60301
2340,truncatedIcosahedron_ambo_relax_truncate001_hankin59,35605,35619,14,62310,62302
2341,truncatedIcosahedron_ambo_relax_truncate001_hankin59,35334,35370,36,62187,62219
2342,truncatedIcosahedron_ambo_relax_truncate001_hankin59,35337,35385,48,62464,62477
2343,truncatedIcosahedron_ambo_relax_truncate001_hankin59,35159,35189,30,62278,62264
2344,truncatedIcosahedron_ambo_relax_truncate001_hankin59,35555,35589,34,62857,62867
2345,truncatedIcosahedron_ambo_relax_truncate001_hankin59,35192,35222,30,62089,62095
2346,truncatedIcosahedron_ambo_relax_truncate001_hankin59,35500,35548,48,62767,62841
2347,truncatedIcosahedron_ambo_relax_truncate001_hankin59,35338,35373,35,62351,62271
2348,truncatedIcosahedron_ambo_relax_truncate001_hankin59,35891,35925,34,63013,63014
2349,truncatedIcosahedron_ambo_relax_truncate001_hankin59,35354,35387,33,61932,61922
2350,truncatedIcosahedron_ambo_relax_truncate001_hankin59,36350,36395,45,63462,63469
2351,truncatedIcosahedron_ambo_relax_truncate001_hankin59,35730,35775,45,61841,61842
2352,truncatedIcosahedron_ambo_relax_truncate001_hankin59,37125,37149,24,63861,63837
2353,truncatedIcosahedron_ambo_relax_truncate001_hankin59,36048,36088,40,61070,61071
2354,truncatedIcosahedron_ambo_relax_truncate001_hankin59,37621,37666,45,64033,64038
2355,truncatedIcosahedron_ambo_relax_truncate001_hankin59,36690,36722,32,61531,61498
2356,truncatedIcosahedron_ambo_relax_truncate001_hankin59,38350,38383,33,64113,64123
2357,truncatedIcosahedron_ambo_relax_truncate001_hankin59,36990,37027,37,61101,61106
2358,truncatedIcosahedron_ambo_relax_truncate001_hankin59,39024,39066,42,64496,64499
2359,truncatedIcosahedron_ambo_relax_truncate001_hankin59,37110,37146,36,60529,60596
2360,truncatedIcosahedron_ambo_relax_truncate001_hankin59,39267,39288,21,64673,64602
2361,truncatedIcosahedron_ambo_relax_truncate001_hankin59,37499,37535,36,60693,60707
2362,truncatedIcosahedron_ambo_relax_truncate001_hankin59,39312,39335,23,64272,64262
2363,truncatedIcosahedron_ambo_relax_truncate001_hankin59,37446,37471,25,60594,60596
2364,truncatedIcosahedron_ambo_relax_truncate001_hankin59,38908,38922,14,63924,63918
2365,truncatedIcosahedron_ambo_relax_truncate001_hankin59,37633,37662,29,61174,61201
2366,truncatedIcosahedron_ambo_relax_truncate001_hankin59,37391,37415,24,62223,62213
2367,truncatedIcosahedron_ambo_relax_truncate001_hankin59,36879,36906,27,61949,61959
2368,truncatedIcosahedron_ambo_relax_truncate001_hankin59,37214,37242,28,62784,62796
2369,truncatedIcosahedron_ambo_relax_truncate001_hankin59,36100,36139,39,61094,61103
2370,truncatedIcosahedron_ambo_relax_truncate001_hankin59,36118,36160,42,62480,62483
2371,truncatedIcosahedron_ambo_relax_truncate001_hankin59,35244,35285,41,61585,61592
2372,truncatedIcosahedron_ambo_relax_truncate001_hankin59,35930,35967,37,63153,63143
2373,truncatedIcosahedron_ambo_relax_truncate001_hankin59,34757,34814,57,61288,61362
2374,truncatedIcosahedron_ambo_relax_truncate001_hankin59,35873,35923,50,63626,63569
2375,truncatedIcosahedron_ambo_relax_truncate001_hankin59,34540,34590,50,61129,61102
2376,truncatedIcosahedron_ambo_relax_truncate001_hankin59,36049,36070,21,63976,63947
2377,truncatedIcosahedron_ambo_relax_truncate001_hankin59,35019,35048,29,61432,61439
2378,truncatedIcosahedron_ambo_relax_truncate001_hankin59,36414,36445,31,63856,63859
2379,truncatedIcosahedron_ambo_relax_truncate001_hankin59,35752,35793,41,61786,61798
2380,truncatedIcosahedron_ambo_relax_truncate001_hankin59,36707,36741,34,63417,63407
2381,truncatedIcosahedron_ambo_relax_truncate001_hankin59,37617,37640,23,63375,63361
2382,truncatedIcosahedron_ambo_relax_truncate001_hankin73,1822,1792,-30,26666,26613
2383,truncatedIcosahedron_ambo_relax_truncate001_hankin73,9929,10309,380,70561,70971
2384,truncatedIcosahedron_ambo_relax_truncate001_hankin73,9607,9900,293,62141,62046
2385,truncatedIcosahedron_ambo_relax_truncate001_hankin73,9921,10269,348,62531,62575
2386,truncatedIcosahedron_ambo_relax_truncate001_hankin73,10381,10752,371,62922,62999
2387,truncatedIcosahedron_ambo_relax_truncate001_hankin73,13007,13592,585,65107,65273
2388,truncatedIcosahedron_ambo_relax_truncate001_hankin73,12643,13242,599,62072,62117
2389,truncatedIcosahedron_ambo_relax_truncate001_hankin73,12824,13473,649,62639,62692
2390,truncatedIcosahedron_ambo_relax_truncate001_hankin73,12597,13381,784,62232,62367
2391,truncatedIcosahedron_ambo_relax_truncate001_hankin73,13020,13817,797,62885,62902
2392,truncatedIcosahedron_ambo_relax_truncate001_hankin73,15090,15886,796,64534,64538
2393,truncatedIcosahedron_ambo_relax_truncate001_hankin73,10995,11844,849,58364,58414
2394,truncatedIcosahedron_ambo_relax_truncate001_hankin73,10810,11649,839,62275,62266
2395,truncatedIcosahedron_ambo_relax_truncate001_hankin73,10922,11739,817,62562,62550
2396,truncatedIcosahedron_ambo_relax_truncate001_hankin73,13845,14656,811,65384,65378
2397,truncatedIcosahedron_ambo_relax_truncate001_hankin73,15287,16032,745,63881,63836
2398,truncatedIcosahedron_ambo_relax_truncate001_hankin73,15068,15903,835,62237,62325
2399,truncatedIcosahedron_ambo_relax_truncate001_hankin73,15432,16293,861,62822,62851
2400,truncatedIcosahedron_ambo_relax_truncate001_hankin73,14966,15713,747,61996,61935
2401,truncatedIcosahedron_ambo_relax_truncate001_hankin73,15287,16075,788,62520,62500
2402,truncatedIcosahedron_ambo_relax_truncate001_hankin73,24141,24874,733,71317,71260
2403,truncatedIcosahedron_ambo_relax_truncate001_hankin73,34254,34595,341,72549,72118
2404,truncatedIcosahedron_ambo_relax_truncate001_hankin73,33600,33927,327,61797,61788
2405,truncatedIcosahedron_ambo_relax_truncate001_hankin73,34804,35022,218,63661,63554
2406,truncatedIcosahedron_ambo_relax_truncate001_hankin73,34917,35233,316,62569,62678
2407,truncatedIcosahedron_ambo_relax_truncate001_hankin73,34478,35362,884,62016,62589
2408,truncatedIcosahedron_ambo_relax_truncate001_hankin73,32759,34604,1845,60745,61701
2409,truncatedIcosahedron_ambo_relax_truncate001_hankin73,33107,35456,2349,62808,63311
2410,truncatedIcosahedron_ambo_relax_truncate001_hankin73,34835,37167,2332,64179,64176
2411,truncatedIcosahedron_ambo_relax_truncate001_hankin73,32404,34830,2426,60031,60126
2412,truncatedIcosahedron_ambo_relax_truncate001_hankin73,32742,35077,2335,62799,62707
2413,truncatedIcosahedron_ambo_relax_truncate001_hankin73,32382,34750,2368,62099,62140
2414,truncatedIcosahedron_ambo_relax_truncate001_hankin73,33115,35425,2310,63195,63181
2415,truncatedIcosahedron_ambo_relax_truncate001_hankin73,32688,35074,2386,62081,62110
2416,truncatedIcosahedron_ambo_relax_truncate001_hankin73,33884,36206,2322,63658,63592
2417,truncatedIcosahedron_ambo_relax_truncate001_hankin73,33164,35473,2309,61437,61402
2418,truncatedIcosahedron_ambo_relax_truncate001_hankin73,34299,36582,2283,63588,63571
2419,truncatedIcosahedron_ambo_relax_truncate001_hankin73,34020,36408,2388,62181,62279
2420,truncatedIcosahedron_ambo_relax_truncate001_hankin73,36099,38449,2350,64540,64503
2421,truncatedIcosahedron_ambo_relax_truncate001_hankin73,34977,37219,2242,61340,61229
2422,truncatedIcosahedron_ambo_relax_truncate001_hankin73,37031,39366,2335,64498,64608
2423,truncatedIcosahedron_ambo_relax_truncate001_hankin73,35605,37939,2334,61042,61041
2424,truncatedIcosahedron_ambo_relax_truncate001_hankin73,36808,39312,2504,63656,63833
2425,truncatedIcosahedron_ambo_relax_truncate001_hankin73,36812,39049,2237,62464,62205
2426,truncatedIcosahedron_ambo_relax_truncate001_hankin73,38253,40837,2584,63902,64238
2427,truncatedIcosahedron_ambo_relax_truncate001_hankin73,37372,39756,2384,61581,61434
2428,truncatedIcosahedron_ambo_relax_truncate001_hankin73,37185,39635,2450,62329,62341
2429,truncatedIcosahedron_ambo_relax_truncate001_hankin73,37034,39281,2247,62309,62113
2430,truncatedIcosahedron_ambo_relax_truncate001_hankin73,38132,40826,2694,63566,64007
2431,truncatedIcosahedron_ambo_relax_truncate001_hankin73,36853,39441,2588,61183,61082
2432,truncatedIcosahedron_ambo_relax_truncate001_hankin73,36468,38905,2437,62056,61927
2433,truncatedIcosahedron_ambo_relax_truncate001_hankin73,36353,38688,2335,62105,61988
2434,truncatedIcosahedron_ambo_relax_truncate001_hankin73,35573,38051,2478,61682,61825
2435,truncatedIcosahedron_ambo_relax_truncate001_hankin73,35377,37914,2537,62251,62323
2436,truncatedIcosahedron_ambo_relax_truncate001_hankin73,34789,37146,2357,61873,61695
2437,truncatedIcosahedron_ambo_relax_truncate001_hankin73,35029,37402,2373,62701,62716
2438,truncatedIcosahedron_ambo_relax_truncate001_hankin73,33713,36149,2436,61142,61205
2439,truncatedIcosahedron_ambo_relax_truncate001_hankin73,33925,36336,2411,62673,62641
2440,truncatedIcosahedron_ambo_relax_truncate001_hankin73,32916,35236,2320,61451,61361
2441,truncatedIcosahedron_ambo_relax_truncate001_hankin73,33498,35810,2312,63043,63089
2442,truncatedIcosahedron_ambo_relax_truncate001_hankin73,32527,34832,2305,61545,61484
2443,truncatedIcosahedron_ambo_relax_truncate001_hankin73,32911,35260,2349,62843,62890
2444,truncatedIcosahedron_ambo_relax_truncate001_hankin73,32238,34512,2274,61794,61714
2445,truncatedIcosahedron_ambo_relax_truncate001_hankin73,32637,34937,2300,62858,62887
2446,truncatedIcosahedron_ambo_relax_truncate001_hankin73,32032,34329,2297,61864,61854
2447,truncatedIcosahedron_ambo_relax_truncate001_hankin73,32476,34839,2363,62904,62970
2448,truncatedIcosahedron_ambo_relax_truncate001_hankin73,32181,34486,2305,62173,62106
2449,truncatedIcosahedron_ambo_relax_truncate001_hankin73,32686,35101,2415,62724,62824
2450,truncatedIcosahedron_ambo_relax_truncate001_hankin73,32356,34720,2364,62131,62081
2451,truncatedIcosahedron_ambo_relax_truncate001_hankin73,33122,35494,2372,63226,63236
2452,truncatedIcosahedron_ambo_relax_truncate001_hankin73,32798,35053,2255,62138,62019
2453,truncatedIcosahedron_ambo_relax_truncate001_hankin73,33498,35787,2289,63167,63195
2454,icosahedron_ambo_truncate033_hankin59,1580,1559,-21,30542,28293
2455,icosahedron_ambo_truncate033_hankin59,9083,9587,504,70012,70481
2456,icosahedron_ambo_truncate033_hankin59,8808,9204,396,62173,62075
2457,icosahedron_ambo_truncate033_hankin59,9095,9625,530,62747,62890
2458,icosahedron_ambo_truncate033_hankin59,9022,9464,442,62389,62299
2459,icosahedron_ambo_truncate033_hankin59,10270,10685,415,63672,63625
2460,icosahedron_ambo_truncate033_hankin59,9405,9720,315,61592,61489
2461,icosahedron_ambo_truncate033_hankin59,9469,9861,392,62524,62591
2462,icosahedron_ambo_truncate033_hankin59,9388,9739,351,62386,62331
2463,icosahedron_ambo_truncate033_hankin59,9240,9614,374,62315,62336
2464,icosahedron_ambo_truncate033_hankin59,11211,11449,238,64433,64295
2465,icosahedron_ambo_truncate033_hankin59,10737,11117,380,61660,61787
2466,icosahedron_ambo_truncate033_hankin59,10761,11159,398,62481,62502
2467,icosahedron_ambo_truncate033_hankin59,10266,10694,428,61966,62002
2468,icosahedron_ambo_truncate033_hankin59,10297,10717,420,62480,62539
2469,icosahedron_ambo_truncate033_hankin59,10106,10530,424,62342,62279
2470,icosahedron_ambo_truncate033_hankin59,14100,14612,512,66457,66544
2471,icosahedron_ambo_truncate033_hankin59,20296,20806,510,68626,68613
2472,icosahedron_ambo_truncate033_hankin59,19979,20459,480,62137,62104
2473,icosahedron_ambo_truncate033_hankin59,20036,20276,240,62508,62259
2474,icosahedron_ambo_truncate033_hankin59,19983,20173,190,62409,62355
2475,icosahedron_ambo_truncate033_hankin59,20573,20776,203,63049,63063
2476,icosahedron_ambo_truncate033_hankin59,20021,20277,256,61905,61961
2477,icosahedron_ambo_truncate033_hankin59,20059,20720,661,62499,62901
2478,icosahedron_ambo_truncate033_hankin59,20541,21152,611,62939,62894
2479,icosahedron_ambo_truncate033_hankin59,19946,20534,588,61874,61844
2480,icosahedron_ambo_truncate033_hankin59,19049,19649,600,61550,61574
2481,icosahedron_ambo_truncate033_hankin59,20147,20727,580,63245,63272
2482,icosahedron_ambo_truncate033_hankin59,19124,19668,544,61491,61403
2483,icosahedron_ambo_truncate033_hankin59,20467,20982,515,63803,63775
2484,icosahedron_ambo_truncate033_hankin59,19144,19710,566,61138,61187
2485,icosahedron_ambo_truncate033_hankin59,21348,22077,729,64665,64820
2486,icosahedron_ambo_truncate033_hankin59,20691,21359,668,61805,61744
2487,icosahedron_ambo_truncate033_hankin59,22229,22791,562,63998,63893
2488,icosahedron_ambo_truncate033_hankin59,20577,21248,671,60809,60918
2489,icosahedron_ambo_truncate033_hankin59,22624,23370,746,64489,64580
2490,icosahedron_ambo_truncate033_hankin59,22265,22986,721,62102,62076
2491,icosahedron_ambo_truncate033_hankin59,21858,22485,627,62053,61954
2492,icosahedron_ambo_truncate033_hankin59,21623,22499,876,62227,62474
2493,icosahedron_ambo_truncate033_hankin59,23838,24384,546,64683,64344
2494,icosahedron_ambo_truncate033_hankin59,22803,23457,654,61418,61535
2495,icosahedron_ambo_truncate033_hankin59,21578,22275,697,61234,61333
2496,icosahedron_ambo_truncate033_hankin59,22500,23295,795,63421,63487
2497,icosahedron_ambo_truncate033_hankin59,23443,24054,611,63161,62969
2498,icosahedron_ambo_truncate033_hankin59,22644,23327,683,61662,61734
2499,icosahedron_ambo_truncate033_hankin59,21782,22394,612,61599,61529
2500,icosahedron_ambo_truncate033_hankin59,21980,22663,683,62657,62728
2501,icosahedron_ambo_truncate033_hankin59,22169,22822,653,62651,62619
2502,icosahedron_ambo_truncate033_hankin59,20906,21475,569,61204,61119
2503,icosahedron_ambo_truncate033_hankin59,21711,22290,579,63263,63277
2504,icosahedron_ambo_truncate033_hankin59,21392,22018,626,62143,62190
2505,icosahedron_ambo_truncate033_hankin59,21080,21794,714,62147,62237
2506,icosahedron_ambo_truncate033_hankin59,20669,21217,548,62055,61883
2507,icosahedron_ambo_truncate033_hankin59,20367,20949,582,62159,62194
2508,icosahedron_ambo_truncate033_hankin59,20488,21054,566,62572,62567
2509,icosahedron_ambo_truncate033_hankin59,20341,20882,541,62375,62344
2510,icosahedron_ambo_truncate033_hankin59,20193,20841,648,62314,62421
2511,icosahedron_ambo_truncate033_hankin59,20106,20697,591,62375,62318
2512,icosahedron_ambo_truncate033_hankin59,20164,20773,609,62526,62537
2513,icosahedron_ambo_truncate033_hankin59,20139,20800,661,62190,62238
2514,icosahedron_ambo_truncate033_hankin59,19965,20573,608,62287,62222
2515,icosahedron_ambo_truncate033_hankin59,20113,20720,607,62609,62607
2516,icosahedron_ambo_truncate033_hankin59,19886,20537,651,62233,62279
2517,icosahedron_ambo_truncate033_hankin59,20094,20778,684,62675,62708
2518,icosahedron_ambo_truncate033_hankin59,20026,20675,649,62393,62360
2519,icosahedron_ambo_truncate033_hankin59,20531,21138,607,62966,62925
2520,icosahedron_ambo_truncate033_hankin59,20549,21138,589,62478,62468
2521,icosahedron_ambo_truncate033_hankin59,20416,21015,599,62326,62343
2522,dodecahedron_hk35_ambo_hk62_ambo_relax_hk42,1552,1525,-27,43579,43024
2523,dodecahedron_hk35_ambo_hk62_ambo_relax_hk42,8091,8314,223,69055,69244
2524,dodecahedron_hk35_ambo_hk62_ambo_relax_hk42,8616,8867,251,62987,63008
2525,dodecahedron_hk35_ambo_hk62_ambo_relax_hk42,8056,8297,241,61901,61892
2526,dodecahedron_hk35_ambo_hk62_ambo_relax_hk42,9008,9316,308,63412,63481
2527,dodecahedron_hk35_ambo_hk62_ambo_relax_hk42,14611,14848,237,68024,67937
2528,dodecahedron_hk35_ambo_hk62_ambo_relax_hk42,15025,15270,245,62871,62878
2529,dodecahedron_hk35_ambo_hk62_ambo_relax_hk42,13865,14080,215,60981,60940
2530,dodecahedron_hk35_ambo_hk62_ambo_relax_hk42,13959,14120,161,62543,62501
2531,dodecahedron_hk35_ambo_hk62_ambo_relax_hk42,13490,13671,181,61990,62008
2532,dodecahedron_hk35_ambo_hk62_ambo_relax_hk42,12960,13223,263,61924,62011
2533,dodecahedron_hk35_ambo_hk62_ambo_relax_hk42,14437,14778,341,63935,64012
2534,dodecahedron_hk35_ambo_hk62_ambo_relax_hk42,15818,16148,330,63827,63831
2535,dodecahedron_hk35_ambo_hk62_ambo_relax_hk42,16402,16726,324,62997,63004
2536,dodecahedron_hk35_ambo_hk62_ambo_relax_hk42,15367,15657,290,61426,61440
2537,dodecahedron_hk35_ambo_hk62_ambo_relax_hk42,15414,15766,352,62562,62561
2538,dodecahedron_hk35_ambo_hk62_ambo_relax_hk42,14283,14619,336,61332,61318
2539,dodecahedron_hk35_ambo_hk62_ambo_relax_hk42,14250,14537,287,62419,62376
2540,dodecahedron_hk35_ambo_hk62_ambo_relax_hk42,17778,18083,305,65988,66008
2541,dodecahedron_hk35_ambo_hk62_ambo_relax_hk42,21901,22483,582,66539,66808
2542,dodecahedron_hk35_ambo_hk62_ambo_relax_hk42,21340,21791,451,61895,61767
2543,dodecahedron_hk35_ambo_hk62_ambo_relax_hk42,20920,21194,274,62041,61858
2544,dodecahedron_hk35_ambo_hk62_ambo_relax_hk42,21470,21615,145,63015,62883
2545,dodecahedron_hk35_ambo_hk62_ambo_relax_hk42,21751,21867,116,62473,62443
2546,dodecahedron_hk35_ambo_hk62_ambo_relax_hk42,20216,20878,662,60924,61471
2547,dodecahedron_hk35_ambo_hk62_ambo_relax_hk42,20619,21321,702,62865,62903
2548,dodecahedron_hk35_ambo_hk62_ambo_relax_hk42,27569,28348,779,69409,69489
2549,dodecahedron_hk35_ambo_hk62_ambo_relax_hk42,27533,28645,1112,62397,62786
2550,dodecahedron_hk35_ambo_hk62_ambo_relax_hk42,26863,27955,1092,61842,61749
2551,dodecahedron_hk35_ambo_hk62_ambo_relax_hk42,25955,27059,1104,61554,61556
2552,dodecahedron_hk35_ambo_hk62_ambo_relax_hk42,25285,26486,1201,61794,61886
2553,dodecahedron_hk35_ambo_hk62_ambo_relax_hk42,24801,26022,1221,61980,61996
2554,dodecahedron_hk35_ambo_hk62_ambo_relax_hk42,35887,37217,1330,73549,73654
2555,dodecahedron_hk35_ambo_hk62_ambo_relax_hk42,19984,21597,1613,46555,46837
2556,dodecahedron_hk35_ambo_hk62_ambo_relax_hk42,19677,21109,1432,62152,61974
2557,dodecahedron_hk35_ambo_hk62_ambo_relax_hk42,19773,21220,1447,62554,62571
2558,dodecahedron_hk35_ambo_hk62_ambo_relax_hk42,37115,38635,1520,79801,79876
2559,dodecahedron_hk35_ambo_hk62_ambo_relax_hk42,47951,49937,1986,73263,73727
2560,dodecahedron_hk35_ambo_hk62_ambo_relax_hk42,42747,44306,1559,57250,56815
2561,dodecahedron_hk35_ambo_hk62_ambo_relax_hk42,42594,43985,1391,62042,61868
2562,dodecahedron_hk35_ambo_hk62_ambo_relax_hk42,42318,43099,781,62182,61572
2563,dodecahedron_hk35_ambo_hk62_ambo_relax_hk42,42187,42930,743,62327,62344
2564,dodecahedron_hk35_ambo_hk62_ambo_relax_hk42,41953,42728,775,62275,62249
2565,dodecahedron_hk35_ambo_hk62_ambo_relax_hk42,42256,43088,832,62762,62825
2566,dodecahedron_hk35_ambo_hk62_ambo_relax_hk42,43710,44545,835,63913,63916
2567,dodecahedron_hk35_ambo_hk62_ambo_relax_hk42,40390,41204,814,59139,59121
2568,dodecahedron_hk35_ambo_hk62_ambo_relax_hk42,40202,41038,836,62277,62292
2569,dodecahedron_hk35_ambo_hk62_ambo_relax_hk42,40309,41098,789,62568,62520
2570,dodecahedron_hk35_ambo_hk62_ambo_relax_hk42,40223,41046,823,62376,62416
2571,dodecahedron_hk35_ambo_hk62_ambo_relax_hk42,40722,41564,842,62952,62985
2572,dodecahedron_hk35_ambo_hk62_ambo_relax_hk42,40950,41739,789,62695,62637
2573,dodecahedron_hk35_ambo_hk62_ambo_relax_hk42,43590,44567,977,65101,65288
2574,dodecahedron_hk35_ambo_hk62_ambo_relax_hk42,41299,42183,884,60170,60078
2575,dodecahedron_hk35_ambo_hk62_ambo_relax_hk42,43746,44854,1108,64906,65139
2576,dodecahedron_hk35_ambo_hk62_ambo_relax_hk42,42267,43283,1016,60982,60943
2577,dodecahedron_hk35_ambo_hk62_ambo_relax_hk42,45955,47152,1197,65886,66011
2578,dodecahedron_hk35_ambo_hk62_ambo_relax_hk42,44612,45669,1057,61119,60962
2579,dodecahedron_hk35_ambo_hk62_ambo_relax_hk42,46356,47562,1206,64204,64371
2580,dodecahedron_hk35_ambo_hk62_ambo_relax_hk42,47248,48277,1029,63353,63175
2581,dodecahedron_hk35_ambo_hk62_ambo_relax_hk42,46612,47812,1200,61825,61998
2582,dodecahedron_hk35_ambo_hk62_ambo_relax_hk42,45758,46780,1022,61609,61428
2583,dodecahedron_hk35_ambo_hk62_ambo_relax_hk42,48308,49518,1210,65012,65190
2584,dodecahedron_hk35_ambo_hk62_ambo_relax_hk42,48486,49574,1088,62638,62515
2585,dodecahedron_hk35_ambo_hk62_ambo_relax_hk42,47585,48854,1269,61559,61740
2586,dodecahedron_hk35_ambo_hk62_ambo_relax_hk42,46706,47815,1109,61584,61422
2587,dodecahedron_hk35_ambo_hk62_ambo_relax_hk42,48231,49384,1153,63986,64030
2588,dodecahedron_hk35_ambo_hk62_ambo_relax_hk42,48562,49684,1122,62792,62761
2589,dodecahedron_hk35_ambo_hk62_ambo_relax_hk42,45305,46227,922,59205,59004
2590,dodecahedron_hk35_ambo_hk62_ambo_relax_hk42,46219,47213,994,63375,63501
2591,dodecahedron_hk35_ambo_hk62_ambo_relax_hk42,44018,44889,871,60315,60128
2592,dodecahedron_hk35_ambo_hk62_ambo_relax_hk42,44784,45727,943,63227,63299
2593,dodecahedron_hk35_ambo_hk62_ambo_relax_hk42,43094,43959,865,60529,60435
2594,dodecahedron_hk35_ambo_hk62_ambo_relax_hk42,43413,44285,872,62777,62788
2595,dodecahedron_hk35_ambo_hk62_ambo_relax_hk42,42309,43148,839,61356,61324
2596,dodecahedron_hk35_ambo_hk62_ambo_relax_hk42,43073,43907,834,63226,63219
2597,dodecahedron_hk35_ambo_hk62_ambo_relax_hk42,41922,42711,789,61311,61264
2598,dodecahedron_hk35_ambo_hk62_ambo_relax_hk42,41644,42465,821,62183,62197
2599,dodecahedron_hk35_ambo_hk62_ambo_relax_hk42,40966,41808,842,61779,61803
2600,dodecahedron_hk35_ambo_hk62_ambo_relax_hk42,41244,42026,782,62740,62687
2601,dodecahedron_hk35_ambo_hk62_ambo_relax_hk42,40483,41316,833,61700,61758
2602,dodecahedron_hk35_ambo_hk62_ambo_relax_hk42,40811,41617,806,62789,62769
2603,dodecahedron_hk35_ambo_hk62_ambo_relax_hk42,40053,40883,830,61703,61782
2604,dodecahedron_hk35_ambo_hk62_ambo_relax_hk42,40859,41691,832,63303,63277
2605,dodecahedron_hk35_ambo_hk62_ambo_relax_hk42,40236,41091,855,61821,61862
2606,dodecahedron_hk35_ambo_hk62_ambo_relax_hk42,40486,41300,814,62717,62671
2607,dodecahedron_hk35_ambo_hk62_ambo_relax_hk42,40959,41755,796,62916,62916
2608,dodecahedron_hk35_ambo_hk62_ambo_relax_hk42,40374,41173,799,61876,61885
2609,dodecahedron_hk35_ambo_hk62_ambo_relax_hk42,40760,41621,861,62606,62655
2610,octahedron_hk17_ambo_hk73,1548,1541,-7,23237,22372
2611,octahedron_hk17_ambo_hk73,7766,8062,296,68673,68974
2612,octahedron_hk17_ambo_hk73,7859,8080,221,62554,62484
2613,octahedron_hk17_ambo_hk73,7719,8030,311,62321,62413
2614,octahedron_hk17_ambo_hk73,7981,8248,267,62723,62679
2615,octahedron_hk17_ambo_hk73,16807,17136,329,71267,71324
2616,octahedron_hk17_ambo_hk73,17344,17580,236,62988,62903
2617,octahedron_hk17_ambo_hk73,16226,16496,270,61328,61409
2618,octahedron_hk17_ambo_hk73,16773,16962,189,63063,62925
2619,octahedron_hk17_ambo_hk73,15338,15538,200,61013,61039
2620,octahedron_hk17_ambo_hk73,16180,16329,149,63299,63251
2621,octahedron_hk17_ambo_hk73,14846,15018,172,61115,61150
2622,octahedron_hk17_ambo_hk73,17532,17685,153,65141,65126
2623,octahedron_hk17_ambo_hk73,15568,15739,171,60439,60458
2624,octahedron_hk17_ambo_hk73,15946,16146,200,62832,62842
2625,octahedron_hk17_ambo_hk73,13822,14046,224,60004,60018
2626,octahedron_hk17_ambo_hk73,13510,13748,238,62147,62164
2627,octahedron_hk17_ambo_hk73,12048,12324,276,61001,61035
2628,octahedron_hk17_ambo_hk73,14162,14430,268,64578,64568
2629,octahedron_hk17_ambo_hk73,18462,18817,355,66706,66808
2630,octahedron_hk17_ambo_hk73,17593,17870,277,61589,61496
2631,octahedron_hk17_ambo_hk73,17268,17555,287,62131,62199
2632,octahedron_hk17_ambo_hk73,19226,19341,115,64455,64253
2633,octahedron_hk17_ambo_hk73,19567,19719,152,62800,62838
2634,octahedron_hk17_ambo_hk73,21150,21319,169,64039,64058
2635,octahedron_hk17_ambo_hk73,19106,19675,569,60414,60816
2636,octahedron_hk17_ambo_hk73,20404,21075,671,63747,63864
2637,octahedron_hk17_ambo_hk73,19118,19814,696,61175,61201
2638,octahedron_hk17_ambo_hk73,19238,19856,618,62580,62502
2639,octahedron_hk17_ambo_hk73,19049,19667,618,62279,62271
2640,octahedron_hk17_ambo_hk73,19386,19984,598,62798,62779
2641,octahedron_hk17_ambo_hk73,19223,19803,580,61983,61970
2642,octahedron_hk17_ambo_hk73,19549,20074,525,62780,62733
2643,octahedron_hk17_ambo_hk73,21119,21560,441,64030,63948
2644,octahedron_hk17_ambo_hk73,18796,19300,504,60119,60256
2645,octahedron_hk17_ambo_hk73,20617,21059,442,64337,64218
2646,octahedron_hk17_ambo_hk73,18858,19286,428,60703,60687
2647,octahedron_hk17_ambo_hk73,23077,23556,479,66686,66731
2648,octahedron_hk17_ambo_hk73,18725,19245,520,58108,58152
2649,octahedron_hk17_ambo_hk73,20770,21221,451,64506,64435
2650,octahedron_hk17_ambo_hk73,18631,19141,510,60322,60383
2651,octahedron_hk17_ambo_hk73,22805,23286,481,66627,66606
2652,octahedron_hk17_ambo_hk73,19103,19679,576,58760,58854
2653,octahedron_hk17_ambo_hk73,20879,21308,429,64237,64088
2654,octahedron_hk17_ambo_hk73,18415,18872,457,59997,60024
2655,octahedron_hk17_ambo_hk73,22470,22972,502,66515,66561
2656,octahedron_hk17_ambo_hk73,18819,19360,541,58799,58835
2657,octahedron_hk17_ambo_hk73,20268,20680,412,63658,63529
2658,octahedron_hk17_ambo_hk73,18140,18613,473,60339,60449
2659,octahedron_hk17_ambo_hk73,20186,20678,492,64561,64526
2660,octahedron_hk17_ambo_hk73,18440,19003,563,60715,60787
2661,octahedron_hk17_ambo_hk73,19601,19946,345,63623,63375
2662,octahedron_hk17_ambo_hk73,18025,18482,457,60867,60993
2663,octahedron_hk17_ambo_hk73,19352,19827,475,63787,63813
2664,octahedron_hk17_ambo_hk73,18352,18832,480,61459,61466
2665,octahedron_hk17_ambo_hk73,18941,19369,428,63051,62999
2666,octahedron_hk17_ambo_hk73,18150,18603,453,61670,61696
2667,octahedron_hk17_ambo_hk73,18986,19423,437,63302,63282
2668,octahedron_hk17_ambo_hk73,18379,18856,477,61855,61894
2669,octahedron_hk17_ambo_hk73,18880,19341,461,62961,62953
2670,octahedron_hk17_ambo_hk73,18065,18592,527,61646,61711
2671,octahedron_hk17_ambo_hk73,18817,19312,495,63213,63234
2672,octahedron_hk17_ambo_hk73,18116,18663,547,61815,61812
2673,octahedron_hk17_ambo_hk73,18645,19186,541,62737,62742
2674,octahedron_hk17_ambo_hk73,18361,18875,514,62173,62157
2675,octahedron_hk17_ambo_hk73,18578,19131,553,62677,62718
2676,octahedron_hk17_ambo_hk73,18497,19025,528,62381,62362
2677,octahedron_hk17_ambo_hk73,18945,19461,516,62909,62902
2678,octahedron_hk17_ambo_hk73,19042,19478,436,62557,62476
2679,octahedron_hk17_ambo_hk73,19276,19766,490,62696,62749
2680,icosahedron_kis_gyro,1573,1543,-30,44749,44238
2681,icosahedron_kis_gyro,9294,9786,492,70178,70701
2682,icosahedron_kis_gyro,9017,9518,501,62184,62193
2683,icosahedron_kis_gyro,9168,9687,519,62602,62623
2684,icosahedron_kis_gyro,9243,9734,491,62537,62514
2685,icosahedron_kis_gyro,10199,10591,392,63381,63361
2686,icosahedron_kis_gyro,9452,9866,414,61751,61733
2687,icosahedron_kis_gyro,9132,9462,330,62132,62057
2688,icosahedron_kis_gyro,8889,9260,371,62219,62259
2689,icosahedron_kis_gyro,9340,9801,461,62591,62678
2690,icosahedron_kis_gyro,10423,10799,376,63546,63466
2691,icosahedron_kis_gyro,8558,9057,499,60594,60716
2692,icosahedron_kis_gyro,8587,9054,467,62491,62458
2693,icosahedron_kis_gyro,8519,8988,469,62393,62395
2694,icosahedron_kis_gyro,8573,9038,465,62516,62518
2695,icosahedron_kis_gyro,8449,8933,484,62337,62363
2696,icosahedron_kis_gyro,10081,10581,500,64093,64110
2697,icosahedron_kis_gyro,9753,10221,468,62130,62092
2698,icosahedron_kis_gyro,9775,10154,379,62481,62438
2699,icosahedron_kis_gyro,9566,9966,400,62308,62272
2700,icosahedron_kis_gyro,10060,10416,356,62956,62907
2701,icosahedron_kis_gyro,9888,10184,296,62291,62229
2702,icosahedron_kis_gyro,11736,12040,304,64311,64322
2703,icosahedron_kis_gyro,9772,10091,319,60467,60503
2704,icosahedron_kis_gyro,10009,10346,337,62681,62712
2705,icosahedron_kis_gyro,9580,9922,342,61777,61767
2706,icosahedron_kis_gyro,9851,10248,397,62731,62791
2707,icosahedron_kis_gyro,9670,10038,368,62287,62252
2708,icosahedron_kis_gyro,11779,12202,423,64561,64626
2709,icosahedron_kis_gyro,13792,14348,556,64469,64605
2710,icosahedron_kis_gyro,13959,14678,719,62626,62783
2711,icosahedron_kis_gyro,13679,14418,739,62181,62205
2712,icosahedron_kis_gyro,14184,15146,962,62969,63242
2713,icosahedron_kis_gyro,13942,14862,920,62275,62156
2714,icosahedron_kis_gyro,15570,16595,1025,64092,64194
2715,icosahedron_kis_gyro,10892,11776,884,57781,57639
2716,icosahedron_kis_gyro,11370,12248,878,62937,62932
2717,icosahedron_kis_gyro,14627,15409,782,65723,65621
2718,icosahedron_kis_gyro,15415,16373,958,63257,63426
2719,icosahedron_kis_gyro,15852,17204,1352,62881,63289
2720,icosahedron_kis_gyro,18262,19441,1179,64888,64699
2721,icosahedron_kis_gyro,16512,17538,1026,60459,60279
2722,icosahedron_kis_gyro,15169,16119,950,61119,61035
2723,icosahedron_kis_gyro,14062,14973,911,61343,61315
2724,icosahedron_kis_gyro,14731,15791,1060,63132,63280
2725,icosahedron_kis_gyro,14156,15120,964,61880,61790
2726,icosahedron_kis_gyro,17279,18347,1068,65641,65748
2727,icosahedron_kis_gyro,11368,13279,1911,56552,57383
2728,icosahedron_kis_gyro,12510,14493,1983,63608,63669
2729,icosahedron_kis_gyro,11407,13292,1885,61365,61261
2730,icosahedron_kis_gyro,12707,14581,1874,63760,63750
2731,icosahedron_kis_gyro,11129,12968,1839,60882,60843
2732,icosahedron_kis_gyro,15551,17431,1880,66884,66925
2733,icosahedron_kis_gyro,24574,51096,26522,71469,96107
2734,icosahedron_kis_gyro,26103,45571,19468,63982,56930
2735,icosahedron_kis_gyro,20780,35067,14287,57138,51950
2736,icosahedron_kis_gyro,21097,30248,9151,62779,57636
2737,icosahedron_kis_gyro,18405,25311,6906,59492,57251
2738,icosahedron_kis_gyro,24047,30158,6111,68102,67308
2739,icosahedron_kis_gyro,25684,28181,2497,64076,60513
2740,icosahedron_kis_gyro,25559,27963,2404,62391,62234
2741,icosahedron_kis_gyro,24918,27422,2504,61823,61919
2742,icosahedron_kis_gyro,24902,27238,2336,62446,62276
2743,icosahedron_kis_gyro,25263,27682,2419,62825,62907
2744,icosahedron_kis_gyro,27751,30146,2395,64948,64923
2745,icosahedron_kis_gyro,22104,27045,4941,56798,59362
2746,icosahedron_kis_gyro,21431,25892,4461,61781,61312
2747,icosahedron_kis_gyro,20194,25256,5062,61223,61823
2748,icosahedron_kis_gyro,19626,24128,4502,61891,61333
2749,icosahedron_kis_gyro,20127,25114,4987,62957,63444
2750,icosahedron_kis_gyro,26058,30686,4628,68394,68034
2751,icosahedron_kis_gyro,25131,29718,4587,61530,61477
2752,icosahedron_kis_gyro,24363,28501,4138,61661,61235
2753,icosahedron_kis_gyro,24489,28338,3849,62334,62077
2754,icosahedron_kis_gyro,24335,27558,3223,62362,61682
2755,icosahedron_kis_gyro,23983,27088,3105,62111,61991
2756,icosahedron_kis_gyro,25538,28493,2955,64018,63868
2757,icosahedron_kis_gyro,14946,18059,3113,51870,52017
2758,icosahedron_kis_gyro,15106,18073,2967,62623,62476
2759,icosahedron_kis_gyro,14829,17960,3131,62183,62349
2760,icosahedron_kis_gyro,15039,18029,2990,62673,62531
2761,icosahedron_kis_gyro,14912,18072,3160,62330,62495
2762,icosahedron_kis_gyro,14979,18120,3141,62529,62510
2763,icosahedron_kis_gyro,14971,18237,3266,62455,62579
2764,icosahedron_kis_gyro,14962,18056,3094,62453,62264
2765,icosahedron_kis_gyro,15104,18241,3137,62603,62647
2766,icosahedron_kis_gyro,14990,18065,3075,62348,62338
2767,icosahedron_kis_gyro,15272,18336,3064,62788,62734
2768,icosahedron_kis_gyro,14916,17939,3023,62106,62065
2769,icosahedron_kis_gyro,15501,18487,2986,62731,62684
2770,icosahedron_kis_gyro,14939,17894,2955,61899,61867
2771,icosahedron_kis_gyro,15862,18838,2976,63383,63406
2772,icosahedron_kis_gyro,15010,17976,2966,61608,61599
2773,icosahedron_kis_gyro,16195,19084,2889,63652,63567
2774,icosahedron_kis_gyro,14934,17833,2899,61200,61200
2775,icosahedron_kis_gyro,15759,18733,2974,63286,63358
2776,icosahedron_kis_gyro,14831,17824,2993,61535,61553
2777,icosahedron_kis_gyro,16007,19052,3045,63636,63691
2778,icosahedron_kis_gyro,14893,17909,3016,61348,61307
2779,icosahedron_kis_gyro,15880,18968,3088,63448,63521
2780,icosahedron_kis_gyro,14737,17766,3029,61316,61320
2781,icosahedron_kis_gyro,15740,18770,3030,63513,63451
2782,icosahedron_kis_gyro,14728,17688,2960,61451,61380
2783,icosahedron_kis_gyro,15814,18907,3093,63536,63682
2784,icosahedron_kis_gyro,14648,17683,3035,61293,61236
2785,icosahedron_kis_gyro,15626,18757,3131,63185,63280
2786,icosahedron_kis_gyro,14624,17597,2973,61460,61302
2787,icosahedron_kis_gyro,15519,18554,3035,63363,63416
2788,icosahedron_kis_gyro,14458,17529,3071,61400,61437
2789,icosahedron_kis_gyro,15600,18793,3193,63602,63726
2790,icosahedron_kis_gyro,14235,17228,2993,61086,60896
2791,icosahedron_kis_gyro,15420,18562,3142,63646,63800
2792,icosahedron_kis_gyro,14185,17302,3117,61224,61202
2793,icosahedron_kis_gyro,15259,18373,3114,63534,63587
2794,icosahedron_kis_gyro,14506,17581,3075,61762,61675
2795,icosahedron_kis_gyro,15070,18168,3098,63024,63049
2796,icosahedron_kis_gyro,14706,17683,2977,62095,61977
2797,icosahedron_kis_gyro,15427,18542,3115,63183,63320
2798,icosahedron_kis_gyro,15302,18156,2854,62337,62075
2799,icosahedron_kis_gyro,15375,18418,3043,62534,62726
2800,truncatedIcosidodecahedron_truncate50d_ambo_dual,2208,2221,13,49294,46265
2801,truncatedIcosidodecahedron_truncate50d_ambo_dual,10785,11253,468,70778,71239
2802,truncatedIcosidodecahedron_truncate50d_ambo_dual,11634,12206,572,63309,63399
2803,truncatedIcosidodecahedron_truncate50d_ambo_dual,10952,11455,503,61780,61704
2804,truncatedIcosidodecahedron_truncate50d_ambo_dual,13147,13686,539,64656,64686
2805,truncatedIcosidodecahedron_truncate50d_ambo_dual,16540,17502,962,65822,66265
2806,truncatedIcosidodecahedron_truncate50d_ambo_dual,16033,17244,1211,61956,62204
2807,truncatedIcosidodecahedron_truncate50d_ambo_dual,16654,18071,1417,63073,63340
2808,truncatedIcosidodecahedron_truncate50d_ambo_dual,25389,26723,1334,71252,71111
2809,truncatedIcosidodecahedron_truncate50d_ambo_dual,29253,30679,1426,66327,66422
2810,truncatedIcosidodecahedron_truncate50d_ambo_dual,37173,38763,1590,70383,70544
2811,truncatedIcosidodecahedron_truncate50d_ambo_dual,50353,53012,2659,75629,76682
2812,truncatedIcosidodecahedron_truncate50d_ambo_dual,48387,51320,2933,60487,60770
2813,truncatedIcosidodecahedron_truncate50d_ambo_dual,47048,50450,3402,61125,61592
2814,truncatedIcosidodecahedron_truncate50d_ambo_dual,45311,49020,3709,60725,61032
2815,truncatedIcosidodecahedron_truncate50d_ambo_dual,32490,36531,4041,49641,49962
2816,truncatedIcosidodecahedron_truncate50d_ambo_dual,41987,46213,4226,71962,72143
2817,truncatedIcosidodecahedron_truncate50d_ambo_dual,38473,42872,4399,58604,58784
2818,truncatedIcosidodecahedron_truncate50d_ambo_dual,36606,41041,4435,60579,60629
2819,truncatedIcosidodecahedron_truncate50d_ambo_dual,37159,41784,4625,63016,63191
2820,truncatedIcosidodecahedron_truncate50d_ambo_dual,35237,39717,4480,60542,60447
2821,truncatedIcosidodecahedron_truncate50d_ambo_dual,36279,41012,4733,63559,63757
2822,truncatedIcosidodecahedron_truncate50d_ambo_dual,39075,43482,4407,65260,64932
2823,truncatedIcosidodecahedron_truncate50d_ambo_dual,31156,37656,6500,54539,56629
2824,truncatedIcosidodecahedron_truncate50d_ambo_dual,30085,36346,6261,61390,61151
2825,truncatedIcosidodecahedron_truncate50d_ambo_dual,31620,39333,7713,64002,65448
2826,truncatedIcosidodecahedron_truncate50d_ambo_dual,31583,39446,7863,62425,62575
2827,truncatedIcosidodecahedron_truncate50d_ambo_dual,32778,42105,9327,63656,65120
2828,truncatedIcosidodecahedron_truncate50d_ambo_dual,45889,54716,8827,75574,75073
2829,truncatedIcosidodecahedron_truncate50d_ambo_dual,40184,49421,9237,56750,57159
2830,truncatedIcosidodecahedron_truncate50d_ambo_dual,39886,47857,7971,62164,60889
2831,truncatedIcosidodecahedron_truncate50d_ambo_dual,39590,47228,7638,62141,61815
2832,truncatedIcosidodecahedron_truncate50d_ambo_dual,40598,46915,6317,63471,62163
2833,truncatedIcosidodecahedron_truncate50d_ambo_dual,40097,46190,6093,61698,61471
2834,truncatedIcosidodecahedron_truncate50d_ambo_dual,43530,49137,5607,65898,65462
2835,truncatedIcosidodecahedron_truncate50d_ambo_dual,24017,36660,12643,43005,49985
2836,truncatedIcosidodecahedron_truncate50d_ambo_dual,26133,38391,12258,64578,64191
2837,truncatedIcosidodecahedron_truncate50d_ambo_dual,24355,36776,12421,60684,60852
2838,truncatedIcosidodecahedron_truncate50d_ambo_dual,26217,38528,12311,64324,64215
2839,truncatedIcosidodecahedron_truncate50d_ambo_dual,24331,36943,12612,60573,60869
2840,truncatedIcosidodecahedron_truncate50d_ambo_dual,26237,38835,12598,64368,64355
2841,truncatedIcosidodecahedron_truncate50d_ambo_dual,24550,36920,12370,60780,60547
2842,truncatedIcosidodecahedron_truncate50d_ambo_dual,26782,39259,12477,64692,64806
2843,truncatedIcosidodecahedron_truncate50d_ambo_dual,24539,36907,12368,60218,60116
2844,truncatedIcosidodecahedron_truncate50d_ambo_dual,28462,40410,11948,66376,65956
2845,truncatedIcosidodecahedron_truncate50d_ambo_dual,26498,39272,12774,60502,61324
2846,truncatedIcosidodecahedron_truncate50d_ambo_dual,26442,38489,12047,62407,61679
2847,truncatedIcosidodecahedron_truncate50d_ambo_dual,26096,38954,12858,62105,62925
2848,truncatedIcosidodecahedron_truncate50d_ambo_dual,27738,39352,11614,64103,62914
2849,truncatedIcosidodecahedron_truncate50d_ambo_dual,26235,38674,12439,60677,61464
2850,truncatedIcosidodecahedron_truncate50d_ambo_dual,26059,39086,13027,62291,62874
2851,truncatedIcosidodecahedron_truncate50d_ambo_dual,25918,38228,12310,62320,61602
2852,truncatedIcosidodecahedron_truncate50d_ambo_dual,27072,40153,13081,63614,64392
2853,truncatedIcosidodecahedron_truncate50d_ambo_dual,26683,38940,12257,62072,61248
2854,truncatedIcosidodecahedron_truncate50d_ambo_dual,26731,39681,12950,62510,63202
2855,truncatedIcosidodecahedron_truncate50d_ambo_dual,26630,38307,11677,62358,61088
2856,truncatedIcosidodecahedron_truncate50d_ambo_dual,24709,37740,13031,60541,61896
2857,truncatedIcosidodecahedron_truncate50d_ambo_dual,26339,38117,11778,64080,62834
2858,truncatedIcosidodecahedron_truncate50d_ambo_dual,25331,37945,12614,61455,62291
2859,truncatedIcosidodecahedron_truncate50d_ambo_dual,25642,37718,12076,62773,62226
2860,truncatedIcosidodecahedron_truncate50d_ambo_dual,24847,37532,12685,61672,62264
2861,truncatedIcosidodecahedron_truncate50d_ambo_dual,25903,38125,12222,63518,63109
2862,truncatedIcosidodecahedron_truncate50d_ambo_dual,24779,37427,12648,61391,61764
2863,truncatedIcosidodecahedron_truncate50d_ambo_dual,25695,38152,12457,63376,63187
2864,truncatedIcosidodecahedron_truncate50d_ambo_dual,25130,37678,12548,61901,61979
2865,truncatedIcosidodecahedron_truncate50d_ambo_dual,25818,38312,12494,62886,62841
2866,truncatedIcosidodecahedron_truncate50d_ambo_dual,24954,37843,12889,61598,61993
2867,truncatedIcosidodecahedron_truncate50d_ambo_dual,25517,38274,12757,63025,62898
2868,truncatedIcosidodecahedron_truncate50d_ambo_dual,24883,37801,12918,61825,61988
2869,truncatedIcosidodecahedron_truncate50d_ambo_dual,25261,38386,13125,62846,63047
2870,truncatedIcosidodecahedron_truncate50d_ambo_dual,25398,38275,12877,62599,62356
2871,truncatedIcosidodecahedron_truncate50d_ambo_dual,25342,38246,12904,62406,62433
2872,truncatedIcosidodecahedron_truncate50d_ambo_dual,25644,38533,12889,62764,62749
2873,truncatedIcosidodecahedron_truncate50d_ambo_dual,25337,38464,13127,62152,62373
2874,truncatedIcosidodecahedron_truncate50d_ambo_dual,25427,38374,12947,62552,62372
2875,truncatedIcosidodecahedron_truncate50d_ambo_dual,25752,38465,12713,62785,62606
2876,truncatedIcosidodecahedron_truncate50d_ambo_dual,25778,38254,12476,62545,62251
2877,truncatedIcosidodecahedron_truncate50d_ambo_dual,25278,38015,12737,61960,62223
2878,icosidodecahedron_truncate5d_ambo_dual,1794,1757,-37,38977,26201
2879,icosidodecahedron_truncate5d_ambo_dual,9345,9841,496,70006,70537
2880,icosidodecahedron_truncate5d_ambo_dual,8883,9328,445,61998,61948
2881,icosidodecahedron_truncate5d_ambo_dual,9269,9708,439,62594,62588
2882,icosidodecahedron_truncate5d_ambo_dual,9408,9816,408,62602,62571
2883,icosidodecahedron_truncate5d_ambo_dual,11352,11760,408,64398,64402
2884,icosidodecahedron_truncate5d_ambo_dual,10882,11297,415,61992,61989
2885,icosidodecahedron_truncate5d_ambo_dual,11159,11548,389,62741,62710
2886,icosidodecahedron_truncate5d_ambo_dual,10772,11193,421,62073,62108
2887,icosidodecahedron_truncate5d_ambo_dual,10936,11350,414,62625,62618
2888,icosidodecahedron_truncate5d_ambo_dual,13597,13967,370,65122,65134
2889,icosidodecahedron_truncate5d_ambo_dual,16548,18260,1712,65458,66743
2890,icosidodecahedron_truncate5d_ambo_dual,16654,18620,1966,62565,62807
2891,icosidodecahedron_truncate5d_ambo_dual,16975,19500,2525,62779,63323
2892,icosidodecahedron_truncate5d_ambo_dual,17511,20577,3066,62999,63522
2893,icosidodecahedron_truncate5d_ambo_dual,17662,21170,3508,62614,63054
2894,icosidodecahedron_truncate5d_ambo_dual,22400,26179,3779,67204,67469
2895,icosidodecahedron_truncate5d_ambo_dual,20978,22783,1805,61023,59046
2896,icosidodecahedron_truncate5d_ambo_dual,21225,23262,2037,62707,62939
2897,icosidodecahedron_truncate5d_ambo_dual,20480,22510,2030,61394,61390
2898,icosidodecahedron_truncate5d_ambo_dual,21321,23505,2184,63305,63453
2899,icosidodecahedron_truncate5d_ambo_dual,20601,22891,2290,61743,61848
2900,icosidodecahedron_truncate5d_ambo_dual,23625,26024,2399,65487,65595
2901,icosidodecahedron_truncate5d_ambo_dual,16250,19409,3159,55080,55833
2902,icosidodecahedron_truncate5d_ambo_dual,16990,19565,2575,63207,62667
2903,icosidodecahedron_truncate5d_ambo_dual,16429,18401,1972,61954,61301
2904,icosidodecahedron_truncate5d_ambo_dual,17312,19745,2433,63346,63806
2905,icosidodecahedron_truncate5d_ambo_dual,17295,19970,2675,62444,62686
2906,icosidodecahedron_truncate5d_ambo_dual,22557,25369,2812,67723,67862
2907,icosidodecahedron_truncate5d_ambo_dual,20962,23602,2640,60850,60679
2908,icosidodecahedron_truncate5d_ambo_dual,20489,23054,2565,61987,61903
2909,icosidodecahedron_truncate5d_ambo_dual,20558,22886,2328,62530,62294
2910,icosidodecahedron_truncate5d_ambo_dual,20681,22866,2185,62587,62441
2911,icosidodecahedron_truncate5d_ambo_dual,21145,23146,2001,62927,62741
2912,icosidodecahedron_truncate5d_ambo_dual,22424,24259,1835,63742,63580
2913,icosidodecahedron_truncate5d_ambo_dual,14208,17974,3766,53982,55904
2914,icosidodecahedron_truncate5d_ambo_dual,14354,18288,3934,62609,62777
2915,icosidodecahedron_truncate5d_ambo_dual,14228,18013,3785,62334,62241
2916,icosidodecahedron_truncate5d_ambo_dual,14520,18470,3950,62810,62919
2917,icosidodecahedron_truncate5d_ambo_dual,14140,17847,3707,62081,61836
2918,icosidodecahedron_truncate5d_ambo_dual,14479,18527,4048,62805,63142
2919,icosidodecahedron_truncate5d_ambo_dual,14383,18026,3643,62365,61960
2920,icosidodecahedron_truncate5d_ambo_dual,14563,18535,3972,62642,62970
2921,icosidodecahedron_truncate5d_ambo_dual,14586,18391,3805,62482,62324
2922,icosidodecahedron_truncate5d_ambo_dual,14609,18778,4169,62485,62849
2923,icosidodecahedron_truncate5d_ambo_dual,14620,18301,3681,62453,61985
2924,icosidodecahedron_truncate5d_ambo_dual,14308,18478,4170,62151,62638
2925,icosidodecahedron_truncate5d_ambo_dual,14311,18232,3921,62451,62221
2926,icosidodecahedron_truncate5d_ambo_dual,14533,18391,3858,62672,62621
2927,icosidodecahedron_truncate5d_ambo_dual,14703,18889,4186,62632,62959
2928,icosidodecahedron_truncate5d_ambo_dual,14671,18921,4250,62429,62494
2929,icosidodecahedron_truncate5d_ambo_dual,14125,18002,3877,61665,61341
2930,icosidodecahedron_truncate5d_ambo_dual,15086,18914,3828,63475,63373
2931,icosidodecahedron_truncate5d_ambo_dual,14567,18624,4057,61942,62177
2932,icosidodecahedron_truncate5d_ambo_dual,14894,18914,4020,62789,62722
2933,icosidodecahedron_truncate5d_ambo_dual,14096,18070,3974,61664,61624
2934,icosidodecahedron_truncate5d_ambo_dual,15100,19107,4007,63466,63500
2935,icosidodecahedron_truncate5d_ambo_dual,14544,18745,4201,61904,62097
2936,icosidodecahedron_truncate5d_ambo_dual,15042,19025,3983,62960,62741
2937,icosidodecahedron_truncate5d_ambo_dual,14129,18044,3915,61547,61479
2938,icosidodecahedron_truncate5d_ambo_dual,15061,19192,4131,63395,63616
2939,icosidodecahedron_truncate5d_ambo_dual,14841,18826,3985,62247,62094
2940,icosidodecahedron_truncate5d_ambo_dual,14375,18209,3834,62002,61845
2941,icosidodecahedron_truncate5d_ambo_dual,14525,18341,3816,62611,62579
2942,icosidodecahedron_truncate5d_ambo_dual,14284,18319,4035,62220,62440
2943,icosidodecahedron_truncate5d_ambo_dual,14578,18521,3943,62782,62724
2944,icosidodecahedron_truncate5d_ambo_dual,14363,18275,3912,62246,62215
2945,icosidodecahedron_truncate5d_ambo_dual,14489,18442,3953,62344,62386
2946,icosidodecahedron_truncate5d_ambo_dual,14403,18211,3808,62377,62231
2947,icosidodecahedron_truncate5d_ambo_dual,14296,18346,4050,62354,62590
2948,icosidodecahedron_truncate5d_ambo_dual,14337,18132,3795,62490,62248
2949,icosidodecahedron_truncate5d_ambo_dual,14350,18277,3927,62474,62606
2950,icosidodecahedron_truncate5d_ambo_dual,14387,18246,3859,62497,62431
2951,icosidodecahedron_truncate5d_ambo_dual,14892,18573,3681,62956,62781
2952,icosidodecahedron_truncate5d_ambo_dual,14052,17933,3881,61620,61821
2953,icosidodecahedron_truncate5d_ambo_dual,14938,18641,3703,63348,63176
2954,icosidodecahedron_truncate5d_ambo_dual,14370,18118,3748,61893,61925
2955,icosidodecahedron_truncate5d_ambo_dual,14773,18555,3782,62863,62898
2956,snubDodecahedron_truncate5d_ambo_dual,2073,2039,-34,49753,46000
2957,snubDodecahedron_truncate5d_ambo_dual,11231,12243,1012,71663,72664
2958,snubDodecahedron_truncate5d_ambo_dual,10880,11864,984,62110,62089
2959,snubDodecahedron_truncate5d_ambo_dual,11194,12222,1028,62775,62824
2960,snubDodecahedron_truncate5d_ambo_dual,12447,13474,1027,63713,63713
2961,snubDodecahedron_truncate5d_ambo_dual,14368,15117,749,64099,63842
2962,snubDodecahedron_truncate5d_ambo_dual,14017,14711,694,62112,62055
2963,snubDodecahedron_truncate5d_ambo_dual,14111,14889,778,62555,62628
2964,snubDodecahedron_truncate5d_ambo_dual,13858,14644,786,62211,62218
2965,snubDodecahedron_truncate5d_ambo_dual,13932,14734,802,62527,62551
2966,snubDodecahedron_truncate5d_ambo_dual,19231,19927,696,67761,67650
2967,snubDodecahedron_truncate5d_ambo_dual,23560,27459,3899,66777,69970
2968,snubDodecahedron_truncate5d_ambo_dual,23118,27529,4411,62003,62521
2969,snubDodecahedron_truncate5d_ambo_dual,24710,30052,5342,64055,64975
2970,snubDodecahedron_truncate5d_ambo_dual,24097,30420,6323,61840,62883
2971,snubDodecahedron_truncate5d_ambo_dual,26051,33149,7098,64472,65189
2972,snubDodecahedron_truncate5d_ambo_dual,34460,41823,7363,70873,71137
2973,snubDodecahedron_truncate5d_ambo_dual,34477,38205,3728,62470,58818
2974,snubDodecahedron_truncate5d_ambo_dual,32911,36591,3680,60894,60828
2975,snubDodecahedron_truncate5d_ambo_dual,34141,37939,3798,63687,63810
2976,snubDodecahedron_truncate5d_ambo_dual,32958,36971,4013,61280,61492
2977,snubDodecahedron_truncate5d_ambo_dual,33812,37922,4110,63060,63153
2978,snubDodecahedron_truncate5d_ambo_dual,36804,40868,4064,65445,65407
2979,snubDodecahedron_truncate5d_ambo_dual,26607,33048,6441,52260,54635
2980,snubDodecahedron_truncate5d_ambo_dual,26179,31388,5209,62034,60802
2981,snubDodecahedron_truncate5d_ambo_dual,26786,31041,4255,63064,62121
2982,snubDodecahedron_truncate5d_ambo_dual,26543,30840,4297,62217,62260
2983,snubDodecahedron_truncate5d_ambo_dual,27088,31381,4293,63006,63058
2984,snubDodecahedron_truncate5d_ambo_dual,37570,41971,4401,72989,73050
2985,snubDodecahedron_truncate5d_ambo_dual,32790,37013,4223,57668,57490
2986,snubDodecahedron_truncate5d_ambo_dual,32471,36734,4263,62141,62181
2987,snubDodecahedron_truncate5d_ambo_dual,32394,36527,4133,62384,62254
2988,snubDodecahedron_truncate5d_ambo_dual,33025,36780,3755,63094,62713
2989,snubDodecahedron_truncate5d_ambo_dual,32869,36489,3620,62305,62170
2990,snubDodecahedron_truncate5d_ambo_dual,34324,37852,3528,63916,63832
2991,snubDodecahedron_truncate5d_ambo_dual,19614,25468,5854,47760,50077
2992,snubDodecahedron_truncate5d_ambo_dual,19190,25390,6200,62038,62384
2993,snubDodecahedron_truncate5d_ambo_dual,19667,25410,5743,62620,62157
2994,snubDodecahedron_truncate5d_ambo_dual,19205,25425,6220,61999,62476
2995,snubDodecahedron_truncate5d_ambo_dual,19655,25419,5764,62910,62455
2996,snubDodecahedron_truncate5d_ambo_dual,19324,25698,6374,62130,62746
2997,snubDodecahedron_truncate5d_ambo_dual,19800,25584,5784,62938,62407
2998,snubDodecahedron_truncate5d_ambo_dual,19540,25694,6154,62256,62567
2999,snubDodecahedron_truncate5d_ambo_dual,19798,25672,5874,62718,62445
3000,snubDodecahedron_truncate5d_ambo_dual,19847,26105,6258,62512,62895
3001,snubDodecahedron_truncate5d_ambo_dual,19690,25630,5940,62304,61971
3002,snubDodecahedron_truncate5d_ambo_dual,19746,26068,6322,62519,62898
3003,snubDodecahedron_truncate5d_ambo_dual,19703,25837,6134,62419,62230
3004,snubDodecahedron_truncate5d_ambo_dual,19606,25887,6281,62353,62511
3005,snubDodecahedron_truncate5d_ambo_dual,19813,25789,5976,62668,62363
3006,snubDodecahedron_truncate5d_ambo_dual,20326,27029,6703,62973,63702
3007,snubDodecahedron_truncate5d_ambo_dual,20048,26009,5961,62190,61441
3008,snubDodecahedron_truncate5d_ambo_dual,20124,26420,6296,62542,62863
3009,snubDodecahedron_truncate5d_ambo_dual,20328,26491,6163,62414,62279
3010,snubDodecahedron_truncate5d_ambo_dual,20603,27268,6665,62734,63292
3011,snubDodecahedron_truncate5d_ambo_dual,20688,26790,6102,62599,61991
3012,snubDodecahedron_truncate5d_ambo_dual,19860,26183,6323,61633,61855
3013,snubDodecahedron_truncate5d_ambo_dual,20554,26763,6209,63156,63048
3014,snubDodecahedron_truncate5d_ambo_dual,20124,26782,6658,62031,62473
3015,snubDodecahedron_truncate5d_ambo_dual,19993,26180,6187,62331,61850
3016,snubDodecahedron_truncate5d_ambo_dual,19615,25804,6189,62083,62091
3017,snubDodecahedron_truncate5d_ambo_dual,19460,25850,6390,62306,62513
3018,snubDodecahedron_truncate5d_ambo_dual,19770,25902,6132,62777,62514
3019,snubDodecahedron_truncate5d_ambo_dual,19735,26075,6340,62425,62632
3020,snubDodecahedron_truncate5d_ambo_dual,20030,25864,5834,62755,62251
3021,snubDodecahedron_truncate5d_ambo_dual,19222,25368,6146,61652,61965
3022,snubDodecahedron_truncate5d_ambo_dual,19770,25547,5777,63007,62640
3023,snubDodecahedron_truncate5d_ambo_dual,19849,25899,6050,62539,62814
3024,snubDodecahedron_truncate5d_ambo_dual,19263,25096,5833,61875,61711
3025,snubDodecahedron_truncate5d_ambo_dual,20022,25950,5928,63022,63066
3026,snubDodecahedron_truncate5d_ambo_dual,19010,24945,5935,61449,61455
3027,snubDodecahedron_truncate5d_ambo_dual,19554,25420,5866,63004,62936
3028,snubDodecahedron_truncate5d_ambo_dual,18956,24884,5928,61863,61931
3029,snubDodecahedron_truncate5d_ambo_dual,19255,25339,6084,62759,62921
3030,snubDodecahedron_truncate5d_ambo_dual,19143,24975,5832,62349,62097
3031,snubDodecahedron_truncate5d_ambo_dual,19413,25276,5863,62732,62761
3032,snubDodecahedron_truncate5d_ambo_dual,19716,25399,5683,62765,62585
3033,snubDodecahedron_truncate5d_ambo_dual,19302,25243,5941,62046,62305
3034,octahedron_hk34_ambo_hk72,1553,1528,-25,44711,38746
3035,octahedron_hk34_ambo_hk72,8112,8340,228,69019,69274
3036,octahedron_hk34_ambo_hk72,7458,7696,238,61807,61817
3037,octahedron_hk34_ambo_hk72,8076,8328,252,63078,63148
3038,octahedron_hk34_ambo_hk72,7489,7792,303,61928,61924
3039,octahedron_hk34_ambo_hk72,16356,16594,238,71270,71195
3040,octahedron_hk34_ambo_hk72,15196,15374,178,61297,61224
3041,octahedron_hk34_ambo_hk72,15347,15538,191,62298,62293
3042,octahedron_hk34_ambo_hk72,14175,14326,151,61288,61247
3043,octahedron_hk34_ambo_hk72,14239,14402,163,62515,62535
3044,octahedron_hk34_ambo_hk72,13734,13844,110,61954,61901
3045,octahedron_hk34_ambo_hk72,14036,14192,156,62749,62797
3046,octahedron_hk34_ambo_hk72,15211,15251,40,63632,63525
3047,octahedron_hk34_ambo_hk72,14855,15008,153,62088,62171
3048,octahedron_hk34_ambo_hk72,12901,13094,193,60501,60540
3049,octahedron_hk34_ambo_hk72,13358,13560,202,62919,62919
3050,octahedron_hk34_ambo_hk72,11621,11838,217,60727,60740
3051,octahedron_hk34_ambo_hk72,12178,12387,209,63022,63065
3052,octahedron_hk34_ambo_hk72,13577,13739,162,63915,63805
3053,octahedron_hk34_ambo_hk72,17122,17441,319,65956,66127
3054,octahedron_hk34_ambo_hk72,15437,15697,260,60776,60720
3055,octahedron_hk34_ambo_hk72,16962,17150,188,63986,63912
3056,octahedron_hk34_ambo_hk72,17548,17651,103,63054,62963
3057,octahedron_hk34_ambo_hk72,16959,17329,370,61608,61865
3058,octahedron_hk34_ambo_hk72,17116,17591,475,62624,62711
3059,octahedron_hk34_ambo_hk72,18162,18751,589,63508,63618
3060,octahedron_hk34_ambo_hk72,18478,19006,528,62775,62723
3061,octahedron_hk34_ambo_hk72,17884,18446,562,61872,61900
3062,octahedron_hk34_ambo_hk72,17393,17880,487,61973,61895
3063,octahedron_hk34_ambo_hk72,18167,18663,496,63236,63249
3064,octahedron_hk34_ambo_hk72,17447,17915,468,61743,61713
3065,octahedron_hk34_ambo_hk72,18041,18467,426,63062,63067
3066,octahedron_hk34_ambo_hk72,17324,17735,411,61798,61729
3067,octahedron_hk34_ambo_hk72,18579,18989,410,63705,63715
3068,octahedron_hk34_ambo_hk72,17411,17815,404,61294,61288
3069,octahedron_hk34_ambo_hk72,17771,18238,467,62822,62884
3070,octahedron_hk34_ambo_hk72,17457,17917,460,62143,62124
3071,octahedron_hk34_ambo_hk72,17882,18361,479,62884,62903
3072,octahedron_hk34_ambo_hk72,17473,17916,443,62059,62018
3073,octahedron_hk34_ambo_hk72,17902,18388,486,62574,62610
3074,octahedron_hk34_ambo_hk72,17478,17919,441,62039,61993
3075,octahedron_hk34_ambo_hk72,17839,18291,452,62806,62815
3076,octahedron_hk34_ambo_hk72,17753,18214,461,62375,62385
3077,octahedron_hk34_ambo_hk72,18292,18753,461,62990,62989
3078,octahedron_hk34_ambo_hk72,17826,18282,456,61995,62052
3079,octahedron_hk34_ambo_hk72,18632,19117,485,63329,63297
3080,octahedron_hk34_ambo_hk72,18374,18856,482,62194,62199
3081,octahedron_hk34_ambo_hk72,18581,19035,454,62665,62646
3082,octahedron_hk34_ambo_hk72,18510,18989,479,62391,62416
3083,octahedron_hk34_ambo_hk72,18802,19325,523,62753,62797
3084,octahedron_hk34_ambo_hk72,18440,18914,474,62105,62050
3085,octahedron_hk34_ambo_hk72,18767,19272,505,62788,62824
3086,octahedron_hk34_ambo_hk72,17999,18568,569,61693,61755
3087,octahedron_hk34_ambo_hk72,18647,19204,557,63109,63096
3088,octahedron_hk34_ambo_hk72,17682,18192,510,61484,61448
3089,octahedron_hk34_ambo_hk72,18129,18635,506,62654,62653
3090,octahedron_hk34_ambo_hk72,17699,18254,555,62031,62076
3091,octahedron_hk34_ambo_hk72,18255,18702,447,63017,62909
3092,octahedron_hk34_ambo_hk72,17475,17909,434,61681,61709
3093,octahedron_hk34_ambo_hk72,17668,18121,453,62709,62674
3094,octahedron_hk34_ambo_hk72,17490,17964,474,62286,62305
3095,octahedron_hk34_ambo_hk72,17605,18020,415,62575,62518
3096,octahedron_hk34_ambo_hk72,17180,17715,535,62035,62157
3097,octahedron_hk34_ambo_hk72,17418,17896,478,62702,62641
3098,octahedron_hk34_ambo_hk72,17231,17796,565,62275,62362
3099,octahedron_hk34_ambo_hk72,17303,17843,540,62540,62509
3100,octahedron_hk34_ambo_hk72,17325,17893,568,62484,62512
3101,octahedron_hk34_ambo_hk72,17455,17991,536,62580,62559
3102,octahedron_hk34_ambo_hk72,17816,18342,526,62822,62818
3103,octahedron_hk34_ambo_hk72,17388,17935,547,62033,62055
3104,rhombicuboctahedron_hk63_ambo_hk63,1753,1742,-11,46826,46273
3105,rhombicuboctahedron_hk63_ambo_hk63,8699,9078,379,69160,69596
3106,rhombicuboctahedron_hk63_ambo_hk63,8804,9225,421,62618,62599
3107,rhombicuboctahedron_hk63_ambo_hk63,8689,9053,364,62346,62289
3108,rhombicuboctahedron_hk63_ambo_hk63,9520,9997,477,63293,63406
3109,rhombicuboctahedron_hk63_ambo_hk63,18577,19003,426,71472,71438
3110,rhombicuboctahedron_hk63_ambo_hk63,17823,18158,335,61702,61615
3111,rhombicuboctahedron_hk63_ambo_hk63,16350,16579,229,60987,60878
3112,rhombicuboctahedron_hk63_ambo_hk63,16217,16546,329,62325,62426
3113,rhombicuboctahedron_hk63_ambo_hk63,15852,16148,296,62093,62061
3114,rhombicuboctahedron_hk63_ambo_hk63,18419,18495,76,65017,64813
3115,rhombicuboctahedron_hk63_ambo_hk63,18545,18615,70,62590,62580
3116,rhombicuboctahedron_hk63_ambo_hk63,17328,17578,250,61244,61424
3117,rhombicuboctahedron_hk63_ambo_hk63,17977,18327,350,63065,63156
3118,rhombicuboctahedron_hk63_ambo_hk63,17502,17865,363,61982,61987
3119,rhombicuboctahedron_hk63_ambo_hk63,16941,17310,369,61898,61963
3120,rhombicuboctahedron_hk63_ambo_hk63,16113,16542,429,61687,61694
3121,rhombicuboctahedron_hk63_ambo_hk63,15910,16342,432,61952,61947
3122,rhombicuboctahedron_hk63_ambo_hk63,21056,21498,442,67599,67617
3123,rhombicuboctahedron_hk63_ambo_hk63,25732,26521,789,67101,67437
3124,rhombicuboctahedron_hk63_ambo_hk63,24234,24928,694,60961,60865
3125,rhombicuboctahedron_hk63_ambo_hk63,24165,24411,246,62388,61941
3126,rhombicuboctahedron_hk63_ambo_hk63,25348,25654,306,63640,63705
3127,rhombicuboctahedron_hk63_ambo_hk63,24779,25088,309,61880,61893
3128,rhombicuboctahedron_hk63_ambo_hk63,25973,26371,398,63652,63741
3129,rhombicuboctahedron_hk63_ambo_hk63,25707,26076,369,62192,62166
3130,rhombicuboctahedron_hk63_ambo_hk63,25731,26623,892,62484,63009
3131,rhombicuboctahedron_hk63_ambo_hk63,23772,24571,799,60511,60408
3132,rhombicuboctahedron_hk63_ambo_hk63,24081,24910,829,62766,62853
3133,rhombicuboctahedron_hk63_ambo_hk63,23725,24525,800,62159,62064
3134,rhombicuboctahedron_hk63_ambo_hk63,23730,24627,897,62459,62563
3135,rhombicuboctahedron_hk63_ambo_hk63,23614,24448,834,62344,62280
3136,rhombicuboctahedron_hk63_ambo_hk63,24055,24939,884,62902,62958
3137,rhombicuboctahedron_hk63_ambo_hk63,24391,25218,827,62476,62412
3138,rhombicuboctahedron_hk63_ambo_hk63,24170,25067,897,62247,62311
3139,rhombicuboctahedron_hk63_ambo_hk63,25052,26019,967,63343,63413
3140,rhombicuboctahedron_hk63_ambo_hk63,24180,25042,862,61589,61480
3141,rhombicuboctahedron_hk63_ambo_hk63,25998,27026,1028,64277,64453
3142,rhombicuboctahedron_hk63_ambo_hk63,24100,24910,810,60552,60345
3143,rhombicuboctahedron_hk63_ambo_hk63,25693,26631,938,64054,64182
3144,rhombicuboctahedron_hk63_ambo_hk63,24756,25595,839,61532,61426
3145,rhombicuboctahedron_hk63_ambo_hk63,26665,27803,1138,64369,64659
3146,rhombicuboctahedron_hk63_ambo_hk63,24681,25525,844,60476,60238
3147,rhombicuboctahedron_hk63_ambo_hk63,26269,27294,1025,64104,64231
3148,rhombicuboctahedron_hk63_ambo_hk63,25154,26042,888,61346,61210
3149,rhombicuboctahedron_hk63_ambo_hk63,26379,27445,1066,63681,63864
3150,rhombicuboctahedron_hk63_ambo_hk63,25425,26380,955,61508,61397
3151,rhombicuboctahedron_hk63_ambo_hk63,26578,27595,1017,63620,63655
3152,rhombicuboctahedron_hk63_ambo_hk63,24994,25791,797,60878,60663
3153,rhombicuboctahedron_hk63_ambo_hk63,26133,27047,914,63341,63465
3154,rhombicuboctahedron_hk63_ambo_hk63,25108,26065,957,61441,61486
3155,rhombicuboctahedron_hk63_ambo_hk63,25425,26297,872,62777,62689
3156,rhombicuboctahedron_hk63_ambo_hk63,24966,25785,819,62010,61947
3157,rhombicuboctahedron_hk63_ambo_hk63,24830,25692,862,62315,62350
3158,rhombicuboctahedron_hk63_ambo_hk63,24762,25709,947,62391,62479
3159,rhombicuboctahedron_hk63_ambo_hk63,24206,25079,873,61904,61832
3160,rhombicuboctahedron_hk63_ambo_hk63,24754,25556,802,63048,62973
3161,rhombicuboctahedron_hk63_ambo_hk63,24461,25345,884,62167,62251
3162,rhombicuboctahedron_hk63_ambo_hk63,23979,24827,848,61980,61941
3163,rhombicuboctahedron_hk63_ambo_hk63,24167,25080,913,62650,62722
3164,rhombicuboctahedron_hk63_ambo_hk63,23772,24598,826,62065,61979
3165,rhombicuboctahedron_hk63_ambo_hk63,24116,24971,855,62804,62833
3166,rhombicuboctahedron_hk63_ambo_hk63,23598,24494,896,61943,61965
3167,rhombicuboctahedron_hk63_ambo_hk63,24326,25180,854,63189,63148
3168,rhombicuboctahedron_hk63_ambo_hk63,23458,24308,850,61594,61589
3169,rhombicuboctahedron_hk63_ambo_hk63,24265,25134,869,63027,63043
3170,rhombicuboctahedron_hk63_ambo_hk63,23497,24311,814,61664,61626
3171,rhombicuboctahedron_hk63_ambo_hk63,24315,25107,792,63280,63258
3172,rhombicuboctahedron_hk63_ambo_hk63,23567,24377,810,61711,61730
3173,rhombicuboctahedron_hk63_ambo_hk63,23818,24666,848,62712,62803
3174,truncatedIcosahedron_hk54_ambo_hk72,1829,1850,21,40527,39642
3175,truncatedIcosahedron_hk54_ambo_hk72,10038,10396,358,70670,70991
3176,truncatedIcosahedron_hk54_ambo_hk72,9464,9851,387,61889,61909
3177,truncatedIcosahedron_hk54_ambo_hk72,9982,10320,338,62981,62938
3178,truncatedIcosahedron_hk54_ambo_hk72,10758,11133,375,63239,63273
3179,truncatedIcosahedron_hk54_ambo_hk72,18407,18773,366,70078,70060
3180,truncatedIcosahedron_hk54_ambo_hk72,16993,17347,354,61036,61019
3181,truncatedIcosahedron_hk54_ambo_hk72,17040,17313,273,62504,62416
3182,truncatedIcosahedron_hk54_ambo_hk72,16148,16506,358,61568,61653
3183,truncatedIcosahedron_hk54_ambo_hk72,15987,16500,513,62292,62452
3184,truncatedIcosahedron_hk54_ambo_hk72,16599,16985,386,63066,62946
3185,truncatedIcosahedron_hk54_ambo_hk72,16199,16607,408,61744,61770
3186,truncatedIcosahedron_hk54_ambo_hk72,20801,21089,288,67067,66942
3187,truncatedIcosahedron_hk54_ambo_hk72,20380,20922,542,61983,62317
3188,truncatedIcosahedron_hk54_ambo_hk72,20426,21026,600,62555,62548
3189,truncatedIcosahedron_hk54_ambo_hk72,19084,19693,609,61117,61114
3190,truncatedIcosahedron_hk54_ambo_hk72,18878,19507,629,62248,62274
3191,truncatedIcosahedron_hk54_ambo_hk72,18367,18950,583,61953,61901
3192,truncatedIcosahedron_hk54_ambo_hk72,27805,28403,598,71905,71915
3193,truncatedIcosahedron_hk54_ambo_hk72,32573,33584,1011,67177,67578
3194,truncatedIcosahedron_hk54_ambo_hk72,30928,31703,775,60809,60561
3195,truncatedIcosahedron_hk54_ambo_hk72,30229,30825,596,61758,61576
3196,truncatedIcosahedron_hk54_ambo_hk72,30681,31129,448,62910,62762
3197,truncatedIcosahedron_hk54_ambo_hk72,30662,31651,989,62445,62980
3198,truncatedIcosahedron_hk54_ambo_hk72,30496,32422,1926,62293,63224
3199,truncatedIcosahedron_hk54_ambo_hk72,31043,33216,2173,63008,63260
3200,truncatedIcosahedron_hk54_ambo_hk72,32889,35288,2399,64302,64568
3201,truncatedIcosahedron_hk54_ambo_hk72,30319,32661,2342,59678,59583
3202,truncatedIcosahedron_hk54_ambo_hk72,30452,32874,2422,62593,62674
3203,truncatedIcosahedron_hk54_ambo_hk72,30261,32576,2315,62268,62164
3204,truncatedIcosahedron_hk54_ambo_hk72,30635,33069,2434,62835,62953
3205,truncatedIcosahedron_hk54_ambo_hk72,30635,32888,2253,62454,62281
3206,truncatedIcosahedron_hk54_ambo_hk72,30832,33328,2496,62664,62901
3207,truncatedIcosahedron_hk54_ambo_hk72,33906,36346,2440,65533,65478
3208,truncatedIcosahedron_hk54_ambo_hk72,31101,33471,2370,59657,59587
3209,truncatedIcosahedron_hk54_ambo_hk72,33082,35638,2556,64423,64629
3210,truncatedIcosahedron_hk54_ambo_hk72,31767,34135,2368,61146,60959
3211,truncatedIcosahedron_hk54_ambo_hk72,36633,39335,2702,67334,67662
3212,truncatedIcosahedron_hk54_ambo_hk72,32401,34851,2450,58229,57978
3213,truncatedIcosahedron_hk54_ambo_hk72,35359,38143,2784,65420,65754
3214,truncatedIcosahedron_hk54_ambo_hk72,33665,36235,2570,60766,60608
3215,truncatedIcosahedron_hk54_ambo_hk72,34325,36605,2280,63180,62832
3216,truncatedIcosahedron_hk54_ambo_hk72,33315,35657,2342,61456,61512
3217,truncatedIcosahedron_hk54_ambo_hk72,35304,38417,3113,64198,64979
3218,truncatedIcosahedron_hk54_ambo_hk72,34524,36979,2455,61680,61024
3219,truncatedIcosahedron_hk54_ambo_hk72,34721,36836,2115,62658,62326
3220,truncatedIcosahedron_hk54_ambo_hk72,34149,36723,2574,61890,62348
3221,truncatedIcosahedron_hk54_ambo_hk72,36026,39094,3068,64336,64833
3222,truncatedIcosahedron_hk54_ambo_hk72,34495,37034,2539,60932,60407
3223,truncatedIcosahedron_hk54_ambo_hk72,33116,35335,2219,61082,60769
3224,truncatedIcosahedron_hk54_ambo_hk72,33659,36276,2617,63004,63402
3225,truncatedIcosahedron_hk54_ambo_hk72,34028,36559,2531,62831,62752
3226,truncatedIcosahedron_hk54_ambo_hk72,33091,35663,2572,61523,61567
3227,truncatedIcosahedron_hk54_ambo_hk72,31556,33734,2178,60927,60585
3228,truncatedIcosahedron_hk54_ambo_hk72,32119,34587,2468,63073,63314
3229,truncatedIcosahedron_hk54_ambo_hk72,31389,33814,2425,61730,61688
3230,truncatedIcosahedron_hk54_ambo_hk72,31470,33927,2457,62547,62563
3231,truncatedIcosahedron_hk54_ambo_hk72,30866,33264,2398,61859,61797
3232,truncatedIcosahedron_hk54_ambo_hk72,30713,33121,2408,62307,62319
3233,truncatedIcosahedron_hk54_ambo_hk72,30493,33014,2521,61988,62112
3234,truncatedIcosahedron_hk54_ambo_hk72,30575,32889,2314,62544,62337
3235,truncatedIcosahedron_hk54_ambo_hk72,30431,32879,2448,62323,62453
3236,truncatedIcosahedron_hk54_ambo_hk72,30326,32620,2294,62357,62202
3237,truncatedIcosahedron_hk54_ambo_hk72,29965,32339,2374,62100,62180
3238,truncatedIcosahedron_hk54_ambo_hk72,30503,32832,2329,62999,62955
3239,truncatedIcosahedron_hk54_ambo_hk72,30362,32708,2346,62318,62337
3240,truncatedIcosahedron_hk54_ambo_hk72,30547,32820,2273,62643,62574
3241,truncatedIcosahedron_hk54_ambo_hk72,30670,32887,2217,62585,62583
3242,truncatedIcosahedron_hk54_ambo_hk72,30778,33065,2287,62623,62639
3243,truncatedIcosahedron_hk54_ambo_hk72,30688,32998,2310,62361,62393
3244,dodecahedron_hk54_ambo_hk72,1548,1520,-28,33326,30982
3245,dodecahedron_hk54_ambo_hk72,7487,7670,183,68398,68604
3246,dodecahedron_hk54_ambo_hk72,8204,8440,236,63179,63232
3247,dodecahedron_hk54_ambo_hk72,7482,7739,257,61720,61767
3248,dodecahedron_hk54_ambo_hk72,8646,8908,262,63625,63635
3249,dodecahedron_hk54_ambo_hk72,12420,12684,264,65960,65928
3250,dodecahedron_hk54_ambo_hk72,14276,14463,187,64313,64237
3251,dodecahedron_hk54_ambo_hk72,11673,11875,202,59835,59880
3252,dodecahedron_hk54_ambo_hk72,13681,13862,181,64455,64447
3253,dodecahedron_hk54_ambo_hk72,13459,13800,341,62239,62394
3254,dodecahedron_hk54_ambo_hk72,14739,15035,296,63739,63750
3255,dodecahedron_hk54_ambo_hk72,13801,14091,290,61561,61516
3256,dodecahedron_hk54_ambo_hk72,17113,17306,193,65758,65673
3257,dodecahedron_hk54_ambo_hk72,16407,16677,270,61707,61791
3258,dodecahedron_hk54_ambo_hk72,16202,16429,227,62251,62210
3259,dodecahedron_hk54_ambo_hk72,15447,15804,357,61705,61835
3260,dodecahedron_hk54_ambo_hk72,14050,14382,332,61066,61038
3261,dodecahedron_hk54_ambo_hk72,14685,15086,401,63099,63165
3262,dodecahedron_hk54_ambo_hk72,17173,17522,349,64951,64899
3263,dodecahedron_hk54_ambo_hk72,22009,22609,600,67278,67508
3264,dodecahedron_hk54_ambo_hk72,20451,20994,543,60900,60837
3265,dodecahedron_hk54_ambo_hk72,20976,21287,311,62729,62467
3266,dodecahedron_hk54_ambo_hk72,21099,21326,227,62587,62489
3267,dodecahedron_hk54_ambo_hk72,20355,21018,663,61715,62152
3268,dodecahedron_hk54_ambo_hk72,20239,21138,899,62332,62633
3269,dodecahedron_hk54_ambo_hk72,21568,22616,1048,63840,63944
3270,dodecahedron_hk54_ambo_hk72,22197,23299,1102,63094,63143
3271,dodecahedron_hk54_ambo_hk72,21328,22378,1050,61593,61541
3272,dodecahedron_hk54_ambo_hk72,20886,21990,1104,62019,62072
3273,dodecahedron_hk54_ambo_hk72,21502,22516,1014,63079,62986
3274,dodecahedron_hk54_ambo_hk72,21189,22192,1003,62148,62138
3275,dodecahedron_hk54_ambo_hk72,21422,22380,958,62694,62649
3276,dodecahedron_hk54_ambo_hk72,21217,22210,993,62257,62291
3277,dodecahedron_hk54_ambo_hk72,23315,24415,1100,64560,64666
3278,dodecahedron_hk54_ambo_hk72,22986,23825,839,62132,61872
3279,dodecahedron_hk54_ambo_hk72,23021,24018,997,62491,62656
3280,dodecahedron_hk54_ambo_hk72,26719,27667,948,66159,66107
3281,dodecahedron_hk54_ambo_hk72,24825,25669,844,60249,60142
3282,dodecahedron_hk54_ambo_hk72,23142,24177,1035,60783,61025
3283,dodecahedron_hk54_ambo_hk72,23999,24932,933,63379,63223
3284,dodecahedron_hk54_ambo_hk72,25360,26387,1027,63822,63924
3285,dodecahedron_hk54_ambo_hk72,25004,25874,870,62106,61947
3286,dodecahedron_hk54_ambo_hk72,23820,24930,1110,61278,61518
3287,dodecahedron_hk54_ambo_hk72,24951,25942,991,63592,63472
3288,dodecahedron_hk54_ambo_hk72,26547,27499,952,64059,64019
3289,dodecahedron_hk54_ambo_hk72,25621,26538,917,61534,61500
3290,dodecahedron_hk54_ambo_hk72,23746,24913,1167,60585,60838
3291,dodecahedron_hk54_ambo_hk72,24487,25565,1078,63200,63111
3292,dodecahedron_hk54_ambo_hk72,22465,23472,1007,60438,60359
3293,dodecahedron_hk54_ambo_hk72,23075,24047,972,63071,63043
3294,dodecahedron_hk54_ambo_hk72,22136,23291,1155,61516,61705
3295,dodecahedron_hk54_ambo_hk72,21925,22980,1055,62250,62203
3296,dodecahedron_hk54_ambo_hk72,21321,22270,949,61913,61746
3297,dodecahedron_hk54_ambo_hk72,21314,22291,977,62213,62237
3298,dodecahedron_hk54_ambo_hk72,21365,22404,1039,62512,62576
3299,dodecahedron_hk54_ambo_hk72,20879,21945,1066,61975,62002
3300,dodecahedron_hk54_ambo_hk72,20995,22038,1043,62578,62555
3301,dodecahedron_hk54_ambo_hk72,20611,21725,1114,62078,62147
3302,dodecahedron_hk54_ambo_hk72,20772,21828,1056,62623,62565
3303,dodecahedron_hk54_ambo_hk72,20399,21421,1022,62088,62052
3304,dodecahedron_hk54_ambo_hk72,20754,21780,1026,62817,62821
3305,dodecahedron_hk54_ambo_hk72,20345,21377,1032,62058,62057
3306,dodecahedron_hk54_ambo_hk72,20655,21661,1006,62771,62747
3307,dodecahedron_hk54_ambo_hk72,20228,21194,966,62034,61985
3308,dodecahedron_hk54_ambo_hk72,20684,21725,1041,62918,62998
3309,dodecahedron_hk54_ambo_hk72,20157,21217,1060,61934,62000
3310,dodecahedron_hk54_ambo_hk72,20677,21708,1031,63041,62953
3311,dodecahedron_hk54_ambo_hk72,20530,21546,1016,62314,62300
3312,dodecahedron_hk54_ambo_hk72,20965,21932,967,62897,62848
3313,dodecahedron_hk54_ambo_hk72,20536,21559,1023,61789,61837
3314,dodecahedron_hk72_ambo_dual_hk20,1584,1574,-10,43508,42475
3315,dodecahedron_hk72_ambo_dual_hk20,7507,7642,135,68378,68523
3316,dodecahedron_hk72_ambo_dual_hk20,7655,7860,205,62609,62679
3317,dodecahedron_hk72_ambo_dual_hk20,7503,7657,154,62310,62260
3318,dodecahedron_hk72_ambo_dual_hk20,8027,8206,179,62985,63011
3319,dodecahedron_hk72_ambo_dual_hk20,12441,12612,171,66866,66817
3320,dodecahedron_hk72_ambo_dual_hk20,12511,12726,215,62528,62556
3321,dodecahedron_hk72_ambo_dual_hk20,12026,12228,202,61977,61966
3322,dodecahedron_hk72_ambo_dual_hk20,13777,14117,340,64205,64403
3323,dodecahedron_hk72_ambo_dual_hk20,14379,14657,278,63114,62997
3324,dodecahedron_hk72_ambo_dual_hk20,14522,14797,275,62602,62601
3325,dodecahedron_hk72_ambo_dual_hk20,15172,15499,327,63105,63162
3326,dodecahedron_hk72_ambo_dual_hk20,17284,17546,262,64557,64503
3327,dodecahedron_hk72_ambo_dual_hk20,17555,17877,322,62678,62764
3328,dodecahedron_hk72_ambo_dual_hk20,16314,16682,368,61202,61244
