frame,a_hash,b_hash,grow,stable,dissolve,dissolve_seed
0,75d1a9edfc47ef25,b05a858b58c79831,0,0,-1,0
1,c737d9343c8731be,67caca960530480c,1,0,-1,0
2,0d62b06ee906fd0d,d2332bb366b78159,2,0,-1,0
3,7e15cf6a382b53e6,ab6ed7a5c530e560,3,0,-1,0
4,42f758d71074b6f0,fb654351599df847,4,0,-1,0
5,5227a9e5873f493b,7ecab6fa754d3d0a,5,0,-1,0
6,4234e69dfc32abde,5107a0ba17548919,6,0,-1,0
7,311966b7cf543c97,fd7c3ac23ef1a643,7,0,-1,0
8,3456a7e3198df7cb,5b9b39bd751ea160,8,0,-1,0
9,6e579fba4b1c6bd6,eace3610057af9d1,9,0,-1,0
10,01a464a0c7559829,07054288e681f5f0,10,0,-1,0
11,93f00f293549157f,1030235664b24f50,11,0,-1,0
12,7fe1396b1a06c2d9,f4bb6e0a093a6681,12,0,-1,0
13,6253eefec98731f6,ad860849501080cb,13,0,-1,0
14,980c707ea81c3e03,8c11722e07ae75c6,14,0,-1,0
15,6f7dcc0c26fad72d,73c5768b84827644,15,0,-1,0
16,0391af3695d48a7e,68be96317f66ca8b,16,0,-1,0
17,d4ff5e6e4c0abcae,935d5c57c196e804,17,0,-1,0
18,80c9413ca7660cfd,9ae9e5f43fa88801,18,0,-1,0
19,ea622cf29c557d25,26a90895c24c6803,19,0,-1,0
20,bf07770479d01766,52d46218096d7441,20,0,-1,0
21,15200e990aa33516,254c3ccf19ba207a,21,0,-1,0
22,9a9931b2148951ed,5d747ba028d4bcf1,22,0,-1,0
23,31b3bad033026d68,e915593f9d84271c,23,0,-1,0
24,4fa466cb33187763,e1a33ad30b9318a4,24,0,-1,0
25,1ab4bbe869770973,3fe9ce1dba643e32,25,0,-1,0
26,11e3d26ba458e698,048dba10391ea8f4,26,0,-1,0
27,21b760dced015729,678ed4b7f8582496,27,0,-1,0
28,6487c3c662d91565,defc3958c1c420dd,28,0,-1,0
29,6a80322e069a8b89,0637a1dd28f1789e,29,0,-1,0
30,52d762d1586aaf82,30055cea4080fefd,30,0,-1,0
31,53d01c4cf4832e57,3701f39a5ada368b,31,0,-1,0
32,591711b3e3d9d28e,eca99cd959fdd073,32,0,-1,0
33,6f2798e42a76048c,8d651d3e2b5a41f9,33,0,-1,0
34,0c1925aa9bb5b395,4ab25e9943ead49a,34,0,-1,0
35,6363ea539063b659,43996a4d86b220f0,35,0,-1,0
36,c6c9193869883129,84c922eede329403,36,0,-1,0
37,29a64ecdbf07c825,657586c9f23ef52d,37,0,-1,0
38,5457dcb91451937b,3f8f9402682207f8,38,0,-1,0
39,624a2ce4f88963ad,f0b6aca5f403830d,39,0,-1,0
40,7cc0a324884bf036,c8cd98d8a2fca396,40,0,-1,0
41,c26c9d7244affaa8,f28661104a1d0109,41,0,-1,0
42,5f77cdb4ba990ec7,e8503d52f1c678c9,42,0,-1,0
43,8ce1e6f79fa9ae47,cc0ef7826b864413,43,0,-1,0
44,92fd3052d09fcc9d,689bd5ea066ba6d4,44,0,-1,0
45,1e7155cb8048c7c4,b21d9d2a4b8ca48f,45,0,-1,0
46,af7973de38247263,b0e7173a115cc97c,46,0,-1,0
47,ae107535a9c0d476,9080853e1a7725d6,47,0,-1,0
48,81d1757dffdbb2bc,9c916ae59b1c5592,48,0,-1,0
49,c539f1dc95ebfbe2,fe410fa533c30d01,49,0,-1,0
50,5647e165c6b7cdd1,49cee6f78a30594a,50,0,-1,0
51,5149feeedf23d333,1bac88e0a35ad825,51,0,-1,0
52,a61a08d29728e6d4,5d8eb6202e4087ac,52,0,-1,0
53,1e658e7a8662752b,7dfed9c39ff00626,53,0,-1,0
54,b9850aa4e4388968,1bee1d79b9eab0d3,54,0,-1,0
55,28059e17a4383a59,48e8884d6b903226,55,0,-1,0
56,e0d933edd87f7390,f7ceeff2663f7698,56,0,-1,0
57,b3eef653e1de2c78,4cb983fe4c1e278e,57,0,-1,0
58,838f69f82319479c,844d1c02373223aa,58,0,-1,0
59,795b9fe0dec65e20,da836d630e6fb4ec,59,0,-1,0
60,64449c17f08c591f,eba10d089ad6e490,60,0,-1,0
61,06f4d49adfd2f7b4,67d5178656204fd0,61,0,-1,0
62,9c8ce44d913f3a06,34564e536c889735,62,0,-1,0
63,f7bdef0926693b73,6d74c2d52fac4b78,63,0,-1,0
64,3bd27b9f19150b87,19b1a312139b7057,64,0,-1,0
65,b4a210599f3724b4,d9df866db6450767,65,0,-1,0
66,7059054408396430,2fedbb16c235e5b4,66,0,-1,0
67,f6b861c3ca75de73,d87da3dfdcc610a8,67,0,-1,0
68,c71a884fbd93dfe8,fcec718361b4d892,68,0,-1,0
69,6fc2f5f4b1e0c9cf,ac584103519ccb0c,69,0,-1,0
70,7954112ea5c091f1,e759c8ea5c69fdbf,70,0,-1,0
71,ef4dd5b25f1b95c1,c247d2f5aba21174,71,0,-1,0
72,db4d06d98542f98d,02e74fc64fac79d0,72,0,-1,0
73,160ec19e74f82b16,e9f61772f70fd28f,73,0,-1,0
74,23c22fade603b233,cb974e6379ecf3fb,74,0,-1,0
75,b4dc9e051205fcd6,36262151f0c6beef,75,0,-1,0
76,a0619be9ca14c77c,271a70d41995a30e,76,0,-1,0
77,4ddcce1c71b62d49,1c66989166e75365,77,0,-1,0
78,186bc292b8d3070e,142b9b2177d531f3,78,0,-1,0
79,24e424393e1e470a,aad52db96981ccf5,79,0,-1,0
80,a98be8b80bd69ae2,222355724eb2edb4,80,0,-1,0
81,744055f30b83847a,a19dc24193e0786d,81,0,-1,0
82,ac01115661274135,227dfc88e69dff22,82,0,-1,0
83,aa8539926779c113,ec8bee15036fc6a5,83,0,-1,0
84,2bd6fb97355dec58,a3b752ddd8ec5c38,84,0,-1,0
85,086ff4216cfd77df,19844f9f8cf983fe,85,0,-1,0
86,3c12e68aebd05153,962a62f5620e9bfc,86,0,-1,0
87,cc92c87dbaf556e9,7062a046254df5d9,87,0,-1,0
88,997a566a67b62447,b12b79a8cbb56243,88,0,-1,0
89,b71764d5a3f41081,2b6b6f08efc85e8d,89,0,-1,0
90,d43b5fcbf40e0c36,ec1dc8117afe2b4f,90,0,-1,0
91,e9ee2fb0112efd85,d120acccca52b4be,91,0,-1,0
92,a8f3008017eaf406,4965ede54f65e186,92,0,-1,0
93,6178050a1c62a5dc,8a7bc592e73a20df,93,0,-1,0
94,b21665984e5d2a2c,632c60fb550cfd72,94,0,-1,0
95,fd6a5708697cfda8,4bd58a65e21725dd,95,0,-1,0
96,aedb5bd8c16448ba,59423521f58bd895,96,0,-1,0
97,595c360715bc8b27,8cb18f52259950c3,97,0,-1,0
98,20036ea37eaab8e8,534cc4257ea19d60,98,0,-1,0
99,8134db5badd1938f,899e423e5f47271c,99,0,-1,0
100,ebe867910c05824e,241ddb2eba4b1abe,100,0,-1,0
101,4a36fa2b3bec92f6,07a2f9b1c27bd5fe,101,0,-1,0
102,d0e7c5a22b0de200,80905431359d284a,102,0,-1,0
103,e92b5ff31aa78000,7ebae1fcb08703c1,103,0,-1,0
104,ca2c5a37ebef6b3b,1f583ff4147168be,104,0,-1,0
105,fdd3d9f25891ee29,32273a62a2cd08c7,105,0,-1,0
106,28d5f2c427b5007f,1564183f8a6da068,106,0,-1,0
107,38c7a86a1a92133b,a48bd0584be5a00e,107,0,-1,0
108,f10ae7410dee1ea6,54a134e9b8ba81f0,108,0,-1,0
109,b43918eff589d014,e277bf75f0d8670d,109,0,-1,0
110,d95a86f8ed45a524,e31f5b83adbaf49c,110,0,-1,0
111,2ef16e094ff58208,7688a413eafbfee6,111,0,-1,0
112,f8f682fe462b4bba,df65ae74704c6616,112,0,-1,0
113,3f866b83d1baeb38,f02e2d30c34f3f92,113,0,-1,0
114,ff472f00de08b572,70e90b3bb4a6e95f,114,0,-1,0
115,77e8f3d103a61e7b,4261a8fb0c128a5a,115,0,-1,0
116,a46284c2e14b558f,a9ed8cde5c6a664c,116,0,-1,0
117,71e9c02e82270932,20bf1a13dcdf580b,117,0,-1,0
118,f859a1ff6c9515e3,6afcb6042515a357,118,0,-1,0
119,838186a9860bbc14,d96a9576c892b7b7,119,0,-1,0
120,79c850ed28931d2b,a06fdde2a1c8964e,120,0,-1,0
121,365b3655390c6e8c,8f94171f62164316,121,0,-1,0
122,aeb11ede8fcf0d59,25d6a9fcfe6a2751,122,0,-1,0
123,5ab5e41ee17c4443,1842feac0546b53a,123,0,-1,0
124,16cd71ff15f0f8c3,2367e32d0ea78da7,124,0,-1,0
125,b83680a10ac5b56f,b46dba33c58c9e84,125,0,-1,0
126,64e7c83f8b6fd08a,e2f346e485214208,126,0,-1,0
127,3b424f6293223688,dbdb5e1695c4f506,127,0,-1,0
128,85390ef54247d6b9,fb648b58a85b7207,128,0,-1,0
129,12a8e5bb64a24ebd,5b4502d64de6891b,129,0,-1,0
130,8cd41d57ae01eb79,f58395372ae9622e,130,0,-1,0
131,a70aca5e03bb6762,d29dff4b5ebe2711,131,0,-1,0
132,17e312c96a342e6c,60e30ad8a9fe217d,132,0,-1,0
133,d37f71cc0156e021,12638f0882af4201,133,0,-1,0
134,c5a58d3e8c184d35,f57afebc30dbc7e8,134,0,-1,0
135,8096d19dae645d86,92c986414987504e,135,0,-1,0
136,fe8ab7a8b780237e,5836a1cfbc3032b4,136,0,-1,0
137,7f9003a1290a73a9,68bcb38344048382,137,0,-1,0
138,6861113636a170f7,c7dab6be82f7afda,138,0,-1,0
139,96653da1e3fc279b,797a9c30db1c15fa,139,0,-1,0
140,c2dd4f7dba24d2cd,6c90373b12c13728,140,0,-1,0
141,5cf0f1e2af5fee58,dfa9e6b528b16c84,141,0,-1,0
142,8566de9271cd3016,a052d920d49642ce,142,0,-1,0
143,8c18d1d0dcf2ce86,0896519bf320d82b,143,0,-1,0
144,6c59b8736622ed40,93e0bdd921b3f76b,144,0,-1,0
145,3c8dfa548c793fb4,2ae0d7ca941d76b3,145,0,-1,0
146,4b61388e33ed8c82,834f5d2e5bec1868,146,0,-1,0
147,c5721b95f30a2c9e,dadb119baf205f10,147,0,-1,0
148,11d0057cffbf48b3,f0ac9989bbd0c76e,148,0,-1,0
149,385ae5e74877b501,c6b8924a5c58bdee,149,0,-1,0
150,9a01e0fd7ee9075c,22eed2d64798954f,150,0,-1,0
151,d86b8a38132927a6,2cdd3ec1f98578d8,151,0,-1,0
152,80a5d7dcded92c96,9f9808498c2f77bb,152,0,-1,0
153,5f28b6c371fd5c55,6f2d81cde1ab7aea,153,0,-1,0
154,f31ee1a89d29f177,bfc1823d86d2ffda,154,0,-1,0
155,ae1333d290d18124,f724db6eedc0066a,155,0,-1,0
156,16bd06bca82a9edb,80dd6279b5573f79,156,0,-1,0
157,8543ba3b6d9fcabc,015d9bb58633a9c3,157,0,-1,0
158,a2c95f38e9914689,173451dacea23174,158,0,-1,0
159,df34b68592a66922,b4e8c46eb06c4aba,159,0,-1,0
160,3d1a0c9bc7c6360d,603fd9d44d786e98,160,0,-1,0
161,9f4b9c17d9f58952,e3668075e388ced0,161,0,-1,0
162,492a53645c8a97e6,c59a961f1f6124d9,162,0,-1,0
163,ad474b91e2b4b3b0,72d7e153a6018d1c,163,0,-1,0
164,673fe0733e6f35e5,c73d63343e76840b,164,0,-1,0
165,0c07a84076d9d6b0,6b51787fe19a31bf,165,0,-1,0
166,6622fa966680918b,75c001bb57c0f3d7,166,0,-1,0
167,906d8d2cf1efbc4f,91484e387b619e1d,167,0,-1,0
168,bbdfe6d3804aff56,786011bab36357c2,168,0,-1,0
169,4925a88f96daf4bb,6efd67b5646baa40,169,0,-1,0
170,547ec4d45c25df50,7ef4109d88bac0f4,170,0,-1,0
171,18353b360aabf808,c57fd3cef43a5d8c,171,0,-1,0
172,e9efc0085c4a1a7b,2bb45285b05d4974,172,0,-1,0
173,457fd8eb832144b8,69c4a426c75a30f1,173,0,-1,0
174,16141f029e70bb1c,c60d8974957f522f,174,0,-1,0
175,2ee2278c71e6d953,7991fad7f832b0e4,175,0,-1,0
176,f618d91a8e8960f0,e4f2c20ed20693f2,176,0,-1,0
177,6eb7fe28f2ad2e25,ceeac68ad16b2568,177,0,-1,0
178,a77e6f95140725df,a51420e2cf3352d3,178,0,-1,0
179,14516c28affe1807,6d62fdb8054bb7be,179,0,-1,0
180,f1e0c04899f4d595,0fee22df34fc2c72,180,0,-1,0
181,22752ade92ee0f77,f874a5b50eadb99f,181,0,-1,0
182,1c2687d70807d78e,215358f0abe8ff12,182,0,-1,0
183,0fe853bb6bf096c1,e19aba16c20dddeb,183,0,-1,0
184,d46ca743c4fae85a,c6a85a1bcf3e07a6,184,0,-1,0
185,eaf0a734e3a310f7,447e645d657797f2,185,0,-1,0
186,d99525b427f946cd,ccfd845f2df887b2,186,0,-1,0
187,50da5408fa14be5c,56d6c6344a1257a3,187,0,-1,0
188,169990bbe7bbc8ff,5b06d5b59ba6202f,188,0,-1,0
189,6cdcb9b364e53118,aaf21de2c9bf85f3,189,0,-1,0
190,fb4acff85f9880b8,63ad2f46d77db2f7,190,0,-1,0
191,11db9c9d8d1c89ce,4165df198addab06,191,0,-1,0
192,1379d54d41068d62,7cd64feecb1c005c,192,0,-1,0
193,9a3f280ae80acce9,453bf18e7780e634,193,0,-1,0
194,6473a92883f9b1e2,168977f35585c1c5,194,0,-1,0
195,bdcc0ac216aa0087,af60d36bfe25528e,195,0,-1,0
196,cdf61b5a28640fdb,75c9679a3f3a543a,196,0,-1,0
197,a5fe74face0f6a1f,6264cf004535b6ca,197,0,-1,0
198,b92146507fc1c302,2fa424c9decac23a,198,0,-1,0
199,950129f18d96b7db,cac4685b030fac1c,199,0,-1,0
200,9a30df995ec151c6,d2fc032b964e24f6,200,0,-1,0
201,f2aaaea2b2a8b699,958d8b95ea9554bc,201,0,-1,0
202,423b7245a1886015,44549b73379c28fd,202,0,-1,0
203,8a185626e7bd38e1,b252e9d16cf56872,203,0,-1,0
204,722280cd44d25ddd,d95807e0a8f608dc,204,0,-1,0
205,ac34c0601f05cd64,8f700ae3b00b5e48,205,0,-1,0
206,25bc2855ea411c5f,4d2863be606dedb4,206,0,-1,0
207,c15893fcea553f74,25aad76a94d45780,207,0,-1,0
208,0636c26ec166cd54,90ef6ffd922778e5,208,0,-1,0
209,8b96f72aa7c8c633,00deec25ce248947,209,0,-1,0
210,eb64494cb8cb64a8,7a0221fb34d2d4c6,210,0,-1,0
211,6484d7729a9fc20a,ccd62d72c2fe0c20,211,0,-1,0
212,3aff260f7d0e81a8,8486dfa83baad21f,212,0,-1,0
213,6df88aababb174b4,2f13d8d4d50bb3ed,213,0,-1,0
214,4a90f7a95eb1a0bd,f1c1b26e4be2d413,214,0,-1,0
215,239365dc117a0186,7039613c3b6a7bd4,215,0,-1,0
216,a8f3bdbf7869b612,9dbf8de503d2e195,216,0,-1,0
217,8d0a3d45c1d4cc87,465185fb12985dd2,217,0,-1,0
218,b73c5361c5641510,4d8cbd2bbaaa4967,218,0,-1,0
219,84fc5f64a2d6deec,90f6c542180a53de,219,0,-1,0
220,3c57aee1f268821f,b5e29496648861d9,220,0,-1,0
221,51f4eee344ed374f,98f87d39a8726675,221,0,-1,0
222,c9b203bf097aff37,7023cec49a318ba3,222,0,-1,0
223,83e80ea00c8fabbb,0b1d83a2766823a2,223,0,-1,0
224,c480477437878c02,514b4bcb325c045a,224,0,-1,0
225,681ad951e0a513bf,0eaa3c7e02f5ffe7,225,0,-1,0
226,d0822a9975b6c4b8,9ecc4f595a18b5e9,226,0,-1,0
227,2ac30709ac0bf013,cdbb87c757ce0313,227,0,-1,0
228,e5138cd76d567b7c,9225bb048731409d,228,0,-1,0
229,39b2ef31f08f7da8,a7fbac0aec140b6c,229,0,-1,0
230,d5d0a1a3936a6d93,f8888c947d60fe82,230,0,-1,0
231,1cb000d90bd3b58c,8ac4046ded1ecd8d,231,0,-1,0
232,f29c78c7852761a9,56f20506e697f02a,232,0,-1,0
233,91d482c1488a1fdb,1bb2c6d610544fe4,233,0,-1,0
234,ca4365834ff63800,23ed909e0f514ad7,234,0,-1,0
235,13739bb5468767c4,1d5af4dfbfe3395b,235,0,-1,0
236,3ab410b9e585f815,5aec51130e124647,236,0,-1,0
237,d61bad7a16f8d788,e5b2412e6d50c581,237,0,-1,0
238,07fc6bacd1d441e3,5bfc67e0b9329e29,238,0,-1,0
239,ac7062ba3dc4465e,a0e094fa47c15e45,239,0,-1,0
240,301fe5a82e4c1bf6,c798929e9bf15c52,240,0,-1,0
241,49c10922a4fdd313,2859a57be1e9a38e,241,0,-1,0
242,d6f887a2114834b4,c53b761a30d19890,242,0,-1,0
243,9a6dcffeeba0ac01,dabf474911bdafab,243,0,-1,0
244,9ecd4c9d89fed203,3b92446f53a610fb,244,0,-1,0
245,a7b3a73911008d7f,0618a91cb28bc450,245,0,-1,0
246,cd87016e7c01292d,05a9e1d5a41a6bd1,246,0,-1,0
247,0f95bdfc21dee35c,2bf471f625d5b408,247,0,-1,0
248,0305c994d38ca8e8,07f6b405aaf96e27,248,0,-1,0
249,45fe42031ffb100d,9a550636866bada8,249,0,-1,0
250,2524867a6bb3c869,a9149928fbdcbf34,250,0,-1,0
251,c7d967dd73122a65,1680faa572a6ae66,251,0,-1,0
252,330070f4fe5f943f,5a645537a1adb50c,252,0,-1,0
253,a8e7e1cc47753374,cb7fe2eb221058a2,253,0,-1,0
254,68d52a496adbb681,d4f1a388cbf1f399,254,0,-1,0
255,1cd32c3b58f828ce,02c416f33c615829,255,0,-1,0
256,6cae3cceec87253e,6fb534ff6c6f2dd0,256,0,-1,0
257,0416e63fbcebec22,222252f84051beec,257,0,-1,0
258,1ad6625f88b42e0b,e4a420c836a71c76,258,0,-1,0
259,c0c5c9c5ee476ec6,9511ac0f5bd73292,259,0,-1,0
260,0b8091fc2bb0f281,694709ccb9b425be,260,0,-1,0
261,a276a17c0c265a48,18b4354271bba70e,261,0,-1,0
262,650e620889c42fdc,dfc826dab29c4505,262,0,-1,0
263,0ca5002499d0fc7e,dfe76faf79938d37,263,0,-1,0
264,25d4f51ede9a4db4,9799081ca1629a53,264,0,-1,0
265,718ba04ae5fad16f,16fb62cdbc78464e,265,0,-1,0
266,b541cb00096c06f3,2b11232b8cb154d6,266,0,-1,0
267,83d84469467b3e20,c1a90ad0daad2911,267,0,-1,0
268,ddb19a351a707c55,5dafd197102ad97c,268,0,-1,0
269,75a53460e98563f4,0b810c8398bf7637,269,0,-1,0
270,92794327f05fe0a6,49d9447b7a09778c,270,0,-1,0
271,3dca2f065894f864,f9a08461ebddec9f,271,0,-1,0
272,ce9659a98554a07c,b91c2c5656971c00,272,0,-1,0
273,081fe086e79d9ee6,47c5471ce747f6f4,273,0,-1,0
274,d5d32383e0dd9426,97c3c76d353a00c1,274,0,-1,0
275,e75d1b5364bc5806,da2522168878a330,275,0,-1,0
276,c622e8400a1cfd28,4bb54d83a0515cb7,276,0,-1,0
277,ba48eb73a92c8df9,f8f2d150f2cfdaec,277,0,-1,0
278,10e6a6ef29aa443e,ff1a8096f032c683,278,0,-1,0
279,71dde84a352fd312,aa88fdd3f78f9bc7,279,0,-1,0
280,81c8f31e34a87d34,c68e54e042ec3acd,280,0,-1,0
281,2528ae9e91971d91,b8f23e99ae393b0b,281,0,-1,0
282,8874ad1ee827f7f7,fd9d78624d409bdb,282,0,-1,0
283,3fb7343214a0426d,6aac67b1f0809bef,283,0,-1,0
284,c9d3569b7accc84d,f5abfb9e1d8ecf2d,284,0,-1,0
285,9bfab4ce7acc51b0,db8305e1d3e234ef,285,0,-1,0
286,8fd7d544a795c051,37235d301dd4b036,286,0,-1,0
287,b2195e1adb657868,7aa2c1d7db707331,287,0,-1,0
288,4d13c1636f2047dc,bd16a0291695bb71,288,0,-1,0
289,2b4e96e199294b41,080b30dd19c70f85,289,0,-1,0
290,6774d7cc7928870b,18be62b54382d323,290,0,-1,0
291,04b9330ab386ca0b,82c5a2affc0054ca,291,0,-1,0
292,db4ff8476d0ea5eb,ec9238c4a6c0c3df,292,0,-1,0
293,0e737c18b78d5bf0,23508915a1433308,293,0,-1,0
294,a29d65b5c4bc5800,eb8e658b9858c848,294,0,-1,0
295,386d16ef1d5539f2,9c7387b489195f2f,295,0,-1,0
296,577cea20e4a62d01,ec18078e35c59962,296,0,-1,0
297,ac129fe101ba7c6e,6820394f7da7316d,297,0,-1,0
298,50917eda9d2bfc65,c6a11fc384ac7502,298,0,-1,0
299,6b4773f0f35f0d0b,30da39146dbf48e8,299,0,-1,0
300,349ed9afbe64978e,10ad6aa587c81e37,300,0,-1,0
301,db59ae89208a60e5,6eb13fa338c9415a,301,0,-1,0
302,9e1c67ad62797bd1,24e912044cc7f267,302,0,-1,0
303,05e46902c7bf90bf,6bbbb8d1d0c4a4ef,303,0,-1,0
304,53a202b958d628ae,3525268007f51f4a,304,0,-1,0
305,04a505d08d019c55,15c207daa593cbce,305,0,-1,0
306,839038c81c51f265,a147b4eee21a2a21,306,0,-1,0
307,1da98f5f7492ef6e,5d697f250e182fa0,307,0,-1,0
308,9770c6335a62a8fc,0a299d13c69eee00,308,0,-1,0
309,1c0b507a5d0d7025,e6931a5e653aceb1,309,0,-1,0
310,1d6b2ae32036a8a7,5643a2967385fd78,310,0,-1,0
311,d3774c510abc6034,25b1da373cc87a54,311,0,-1,0
312,a91f9993226d7165,893135ff7352a9fa,312,0,-1,0
313,30583bb74ed4f8e3,20fe8318c0b192d2,313,0,-1,0
314,5635f853ae62daef,3fb5e629392c5b2b,314,0,-1,0
315,7ca16ab7f9b3f597,81ea0fee8c4f1b6a,315,0,-1,0
316,eed21209948a894d,5436b5f9961ded9b,316,0,-1,0
317,4eeca6acc9dcc770,7d9b2901297e1716,317,0,-1,0
318,3a9cf27e59a63d5d,1d213debde43f979,318,0,-1,0
319,58ff67594892b963,be8813efc1291620,319,0,-1,0
320,5eda1b44d5e50667,dd1f90605897e1ff,320,0,-1,0
321,de08d56d6e7b8228,02b135544a05444a,321,0,-1,0
322,e1aedf6fd509f24e,f65c36510ea96a5d,322,0,-1,0
323,5fc2c03702321c24,ea0926c5c33a7654,323,0,-1,0
324,9e5b6a4297999a52,a8527604d8c8f716,324,0,-1,0
325,25082f84242f66e1,205a4267df2d72ce,325,0,-1,0
326,541e35bfcbabf97a,39adeebf84d089a5,326,0,-1,0
327,a7ed16e0e95ccb86,1deafee10c051ab2,327,0,-1,0
328,1ebe44eb5ff81944,494d660c979f452f,328,0,-1,0
329,1388d3d52b9b58b9,034bdf6e29586eb0,329,0,-1,0
330,0d86a28104e22990,90816545216cbd99,330,0,-1,0
331,ad2200ce2f7caa16,86a8afdd901de5a4,331,0,-1,0
332,e5c4e23f39caaa97,98775ffe5623d7cc,332,0,-1,0
333,f7186e7adeb6e581,6c6a3f5e3b99bbff,333,0,-1,0
334,2c00f70d81def6b7,9c35d47202953a9c,334,0,-1,0
335,3872fd4c17f7c3c7,aae5e1af6998262c,335,0,-1,0
336,123ab7890f70cbe8,3529b8b2bb524bc4,336,0,-1,0
337,fc8c529d9f47cde5,20be54a7dccc3301,337,0,-1,0
338,6c1e7a6b71c8d759,d081d939f9da8fcd,338,0,-1,0
339,7c234a275b58f953,e3db8237939ab7a7,339,0,-1,0
340,0263a02d7a782c26,fcc04ddd8265941d,340,0,-1,0
341,302ac9d80923d4e1,f09cfe64a60a2ce7,341,0,-1,0
342,a68816260e87efe3,54dc854adac52011,342,0,-1,0
343,61e5a84302148700,75c634b2fec474fd,343,0,-1,0
344,00726a8f0af14d6d,c5807c5eaed3daa5,344,0,-1,0
345,c5096e18c2d7e460,347f4e59f81c6c65,345,0,-1,0
346,00ad0fd6c1b8a5c2,d0224a8881362f48,346,0,-1,0
347,0a79e6c01857aefd,2c3e32f8e28d9924,347,0,-1,0
348,d82d646f86df931f,8cc3c6065e42fc5a,348,0,-1,0
349,b6f1da93e96878bf,3f42011c444aed06,349,0,-1,0
350,26b83127e2f84a04,ede610fe0233f6b6,350,0,-1,0
351,6d1936a6179729f1,dc052f040ec16b5e,351,0,-1,0
352,371ad1cf2b7f3c5c,f795d78649b01cff,352,0,-1,0
353,f2fac40623f54197,d7d6295223d0404f,353,0,-1,0
354,25f0408e8f4628ee,0f8ca6e29c72f1fa,354,0,-1,0
355,74a95b3b92eedf4c,eb02c0019b53655a,355,0,-1,0
356,b985e90bb9a447d6,cce6f28d6727d41b,356,0,-1,0
357,9390b8a7c7186e7a,2b8a8bdf8bb3b19b,357,0,-1,0
358,f4bb0f68684777fc,cd502cf6f6a8131e,358,0,-1,0
359,5bb0784da45f6f27,f57e30d44e1966bd,359,0,-1,0
360,2904f19924dc6898,65559b382f0ea3d4,360,0,-1,0
361,2601e1e6ff85f62b,a57eda351a48df50,361,0,-1,0
362,28cc65ac56dbb03e,c498ba63af361fec,362,0,-1,0
363,b196ff8bd877ab2f,04e74e21c6a14850,363,0,-1,0
364,12dcf22ef39ca7da,e367c067366d841c,364,0,-1,0
365,a67e6db8a7e8568b,45ab70504990d628,365,0,-1,0
366,37beb20d79753402,3b0e8f3dce037653,366,0,-1,0
367,d2b786e762662346,5d8c94e1c53d0487,367,0,-1,0
368,adcdb4c593590974,830bfbf00a23cc08,368,0,-1,0
369,b39495daea5e29c7,b50f6c2699e33d8e,369,0,-1,0
370,6bf43b919573f30c,c3681c769b2dfa35,370,0,-1,0
371,d7f6a058f3f83dcb,358ac5994cd10f24,371,0,-1,0
372,c5b5047047851f5e,aa80c3d660b43bf1,372,0,-1,0
373,094e3fced9b0241e,7a101ddc18bb9bd8,373,0,-1,0
374,991d33ba8c4234f1,65cba5d90b06c368,374,0,-1,0
375,86f277eae48d5930,34c22d7459d90070,375,0,-1,0
376,025f975e5c629d8f,3f0f32c27ff934c0,376,0,-1,0
377,84cf5289f288839d,70b5ee229e3367c2,377,0,-1,0
378,c2c6370f14494d4a,2ede5864ea0ccca0,378,0,-1,0
379,17904661b8b4e288,9fd226d499de8601,379,0,-1,0
380,314bfd7ae1a3ff47,3b435bfb3f7f1384,380,0,-1,0
381,93d8fbb5c3883007,9b8cef5573694cf6,381,0,-1,0
382,30f2da8416cbd9c5,d6e9f3a3f0a2b78d,382,0,-1,0
383,f5df213315098237,028f852ebf062c8a,383,0,-1,0
384,a47d1713926ab15f,f170e876b61c8495,384,0,-1,0
385,fcd14a056c961bbe,692bf0c7f4f6ce65,385,0,-1,0
386,bfd8d30041d98151,e1ddbed5a9526081,386,0,-1,0
387,88fda6bd0f03c24c,091bb1c4790bf0db,387,1,-1,0
388,2d698aab6df1e678,5205ec8b7f1741a4,388,2,-1,0
389,d358204ceade9f09,2ceaa3abe5271ff1,389,3,-1,0
390,d67e8f48ea9c6b45,6a85bc800d0d6b58,390,4,-1,0
391,f00d6ce52827251a,3794208e7dd15d35,391,5,-1,0
392,4c3e686a9f63fd77,79205a5b41cd3d5e,392,6,-1,0
393,a1323a78383dc79b,11db7df01eefd494,393,7,-1,0
394,2e185f430e2b693a,8a72cb9232de1b17,394,8,-1,0
395,d7a38cbbc09ba2cd,b25644619f71ef2a,395,9,-1,0
396,e560a133169b7b6b,a36283f111deb717,396,10,-1,0
397,3f620f96255d463c,c613c498c4e32d2d,397,11,-1,0
398,19dbfe7b2326c8e5,2868b67fad79e344,398,12,-1,0
399,c01357ebc7987d22,659a30e065dbf88b,399,13,-1,0
400,250968f7c9af0793,b438008f1b049115,400,14,-1,0
401,0385fe7c21b09a0e,8dd0e93b079d4c6d,401,15,-1,0
402,c1ca0765ff2efe46,4f785bc54ada6079,402,16,-1,0
403,7b91008aaa476c7d,4e95864d4574f2ed,403,17,-1,0
404,c7d6dc4a08928606,b2d6c85b5397120d,404,18,-1,0
405,67dac4d5c0a2ea92,1e2b91f09a720703,405,19,-1,0
406,900ff8228bae64d2,dbd3e81da1acec1f,406,20,-1,0
407,a0cc59a3865d00c5,d10c74f4f1f290a4,407,21,-1,0
408,04a61c2b879300d7,fc0ee832ceeca2ad,408,22,-1,0
409,62dca298800ecbbb,f384ca0811b7e64e,409,23,-1,0
410,5c9873cfd4314526,16a73306c6b2c207,410,24,-1,0
411,ba838b5a7a2d7ea7,52b2734fef6541ee,411,25,-1,0
412,34edba6c99748fdd,5f97554515da8ee9,412,26,-1,0
413,b83f8e9a518e59e6,9f0eea9cdac9d990,413,27,-1,0
414,f2765a01540e044d,cc96d69dddc6dc1d,414,28,-1,0
415,ab233cef20b75ab6,e0556a9ffdcd777b,415,29,-1,0
416,a9316eb05aa8db79,876f63c756dc0462,416,30,-1,0
417,f93d207b2cfb8f60,565032dc558f9377,417,31,-1,0
418,a155e6df87300364,721f5da7940411ce,418,32,-1,0
419,dc1f9ded66d09a62,a83e703c3ea5761e,419,33,-1,0
420,2180926d80847dca,fda334b5bac30f73,420,34,-1,0
421,3ec49d6485ba8ad1,8e2e4265bb3ebecf,421,35,-1,0
422,06d4b8fb75c735ad,704d3ed68145a721,422,36,-1,0
423,721fda45448ddb90,c54c50762b84bf12,423,37,-1,0
424,ff566ad4b0affa18,57977c83c8df507d,424,38,-1,0
425,82bc403665fca95f,316eab4760e728e7,425,39,0,469560847
426,16c1e97ae1fed2c0,cb2c60e0ba5fd607,425,39,1,469560847
427,6a6221b0364b8b1e,0e732b3a9e4ad466,425,39,2,469560847
428,fde2a1dc20d82c9f,bcd40cae0bd0ed5d,425,39,3,469560847
429,0dfff74f5c7ff0fd,7d60a0e2d55f8ea6,425,39,4,469560847
430,0b44b0227c5dad92,0e7942a5fb178d0b,425,39,5,469560847
431,cf8bd1cbd11611ea,4a3ef762db8bb1a0,425,39,6,469560847
432,8fe0054cfbed2bec,f362ce74b2ca6a19,425,39,7,469560847
433,ee0423336f81e8c3,8768baa5faee9291,425,39,8,469560847
434,51216e4f60c8a3af,aae12780401a1358,425,39,9,469560847
435,90822cbba6798de7,67ce4ee6c31aa8dd,425,39,10,469560847
436,a9be4665e9dd76c4,caa8eaa7a166ae8d,425,39,11,469560847
437,958532cfaa741f51,fc8f3a89fc8fac33,425,39,12,469560847
438,2d71a3864d24ddc5,135b265698a87557,425,39,13,469560847
439,1c6ac136c296a50f,07aeaf1403db9512,425,39,14,469560847
440,dce76c89f5845c07,bafcb60b732a83e9,425,39,15,469560847
441,f0ba32f391b7a802,1a8fe9b2432ed924,425,39,16,469560847
442,0cd2bd813c2a464e,53c73ab8c4cc09e1,425,39,17,469560847
443,21a84fafdec79a27,ca384fedb38ae52b,425,39,18,469560847
444,2922c04ea73f8896,2ff70c4008dc790c,425,39,19,469560847
445,2bfde49e26126680,b96b8c58bd234505,425,39,20,469560847
446,11cc92e8070c3e47,88ae5af1cfab289f,425,39,21,469560847
447,1a19417798f7f4fb,a3a2555735a425fc,425,39,22,469560847
448,70c1906483bbde28,c3f5925fdb027023,425,39,23,469560847
449,2cedb4089aa4c3d0,6eed2cc207208d07,425,39,24,469560847
450,8bfeff7370d6163b,46ee2da7a17e2edd,425,39,25,469560847
451,e778e7fc7e44a914,02182be7cecf1fdf,425,39,26,469560847
452,92e0657d3e7ee5d1,6c17cd031c194a08,425,39,27,469560847
453,ccc801b967f81db3,e5196f6a0e47b520,425,39,28,469560847
454,18208c6c45c8de66,238808ceb2cd6298,425,39,29,469560847
455,6551eb3cd359d416,9375f13b087e3758,425,39,30,469560847
456,d7d326f70826c72a,4239708446837259,425,39,31,469560847
457,f8e9c521953697c5,c87a5fbd147c45ac,425,39,32,469560847
458,46a880979f1e52e8,7fb2638e0c9569d9,425,39,33,469560847
459,a9c800e9d580e7c6,5b98e58483600036,425,39,34,469560847
460,3fba8a8ba231c72f,a6a521d72cedcc0e,425,39,35,469560847
461,431f2952d27de4c4,f58c033fc5b179cd,425,39,36,469560847
462,ba3ce59eacd50741,53af4dd43791de68,425,39,37,469560847
463,de4647c29ee92b35,c69bc7efef6795dc,425,39,38,469560847
464,fe38ac4455211122,e55ad5290ef3926a,425,39,39,469560847
465,103a748fbbff6ea1,a300eea49d6e009e,425,39,40,469560847
466,176e26771b94d4da,464820e1fe48750b,425,39,41,469560847
467,990fa934d52b5fd3,c9c8fee080f3dbb1,425,39,42,469560847
468,fc7aca2f11cb967d,415ebcd9a1dfa9c9,425,39,43,469560847
469,8904bc6edf027aa0,11a455a5b5388359,425,39,44,469560847
470,cb79e5ca094786e3,e7c941c6278ec6be,425,39,45,469560847
471,21daf399d9594ba9,f091e4a96d5a3b30,425,39,46,469560847
472,5c21f565bc174bbc,cd3922bb62893550,425,39,47,469560847
473,5e795a1a05e987e7,cb9ba31cde87406b,425,39,48,469560847
474,e9ad193878d07176,7a270817d5f3254e,425,39,49,469560847
475,92e1f2f6d7b457c7,4dbafd70e73c3d09,425,39,50,469560847
476,7437011d9489d4f8,99da96e784819e04,425,39,51,469560847
477,b5f55472036b9561,5bc34f0902da34a4,425,39,52,469560847
478,88c7e07a50914794,8c77d09f87911da7,425,39,53,469560847
479,523c4f7a4eb50fe8,70d41190b6a524de,425,39,54,469560847
480,fe8dc600ed0e9c86,10f868ecdf35bde1,425,39,55,469560847
481,2d5fddc7473a4e2c,c267850948b18ac4,425,39,56,469560847
482,3ad7b92f70b971ac,0e30d92908a12549,425,39,57,469560847
483,7fdb7686115fd2b8,3976ff2e3c215950,425,39,58,469560847
484,8ea989e427a1c527,e251907b4068d952,425,39,59,469560847
485,b1272a6981019994,e790131d68db5e0b,425,39,60,469560847
486,699947d0da703bbf,d6ac329b86acb20d,425,39,61,469560847
487,8188b5bdaba87522,5bb3aa6847ef98ca,425,39,62,469560847
488,f736ec40be1a3ece,a1454ff6cd24df01,425,39,63,469560847
489,de47811b28a0f5d5,c87cfa7677ba56ed,425,39,64,469560847
490,1e5b509c1e12f40c,a8c00198104a36f9,425,39,65,469560847
491,969f990694717dd2,a47d223aba5e9b46,425,39,66,469560847
492,beae12b741ecf19f,2bb440fed4a534ca,425,39,67,469560847
493,9e7a705d1dbe4092,7292b00b9fc5416d,425,39,68,469560847
494,eb992d2e908aea22,43d51fa8fd3eb505,425,39,69,469560847
495,5ae902fd4737a259,4ac7cbf56fd4b240,425,39,70,469560847
496,9bcffd9b18395c3d,75fc9c478ea0b07c,425,39,71,469560847
497,96d6ae526ec83620,7085b7b548b58e3f,425,39,72,469560847
498,bfaed3234d1298ea,03ae335e3439f9c2,425,39,73,469560847
499,38beb0c9566064b8,0d8e3018fe0eddd6,425,39,74,469560847
500,248e5ef3a04f4b1c,c356fda09d702765,425,39,75,469560847
501,4f29f5228c847bb8,26f5d9b2a50c6775,425,39,76,469560847
502,d41ca4004f881f23,e18d74f95ca56a90,425,39,77,469560847
503,f3f04a0649296ed9,41ea5aeb0094dd8c,425,39,78,469560847
504,e268adab4ae540e3,9708f5edebb71148,425,39,79,469560847
505,bbca1be5e785f86c,bd69f6027b93a589,425,39,80,469560847
506,f1827fd577b0d30d,164176541ff8afd5,425,39,81,469560847
507,1568672ee5eec14e,0ba00db93469a713,425,39,82,469560847
508,aa8df2d68f84dca2,d8c6109dded536b3,425,39,83,469560847
509,6e3c311005a37458,5094147873b555f3,425,39,84,469560847
510,b908d5bdc87b3403,81f419438eb0f8ec,425,39,85,469560847
511,10b39ae8d79c6252,63a14f55f4cea619,425,39,86,469560847
512,5b90f2371be882ca,fb2369da34ee95e9,425,39,87,469560847
513,4605ba42f692154c,46391b8c589ca0c5,425,39,88,469560847
514,083989a3b293dae0,f94d81ba4e7a4083,425,39,89,469560847
515,873291d695eee854,024d2dc7c348dced,425,39,90,469560847
516,a5d62913daa41ad6,8ffeba0e0a07f1e5,425,39,91,469560847
517,57181d24cb879bcd,2ca1575708df5b9e,425,39,92,469560847
518,5c544e45e7c38d08,b0929b716cb1afac,425,39,93,469560847
519,bc03e3161fdadd63,b512f9b90dfe5b3c,425,39,94,469560847
520,0588e28621a7f669,7196c2cb6ecb16e9,425,39,95,469560847
521,45e2a7e3057c0f3d,3f41c598f0841a78,425,39,96,469560847
522,5a8628951f340a4f,a40fe79ea5e31a24,425,39,97,469560847
523,16a8fc79db2d3b04,bf2a6960b01c6032,425,39,98,469560847
524,f2fbd153e27f0a89,e3dd9e7ae7f3058b,425,39,99,469560847
525,4eeea29e138e2d4d,7deed26f282ec1e6,425,39,100,469560847
526,742f8883064606fb,95397a1f929e9a43,425,39,101,469560847
527,2a8ce192207a7a65,e408fac8c87afb72,425,39,102,469560847
528,75d1a9edfc47ef25,1e1d6a60e30569cf,0,0,-1,469560847
529,e8c4e3022c819ec3,fae2a458599f1e9b,1,0,-1,469560847
530,07e8311c1ee71d71,68c9985f904dbb9b,2,0,-1,469560847
531,f62a680547b253ef,36fd148791aa172d,3,0,-1,469560847
532,017b23e4191d7ce9,e7fdcf296e65b0b4,4,0,-1,469560847
533,3dac40fde1e66712,5f535c573add3d5a,5,0,-1,469560847
534,04c6efd390082255,c35625a4112dce20,6,0,-1,469560847
535,e53327ee281c6694,90e1204e95a19516,7,0,-1,469560847
536,f274db69f1fe0dbe,71a1e05b964e24ad,8,0,-1,469560847
537,6decf0d639eacafc,b276933e641364df,9,0,-1,469560847
538,60d28e01e0e68b7d,86853ba628b78e5e,10,0,-1,469560847
539,233af7d4abc550f9,7b152dbd19853440,11,0,-1,469560847
540,3ec33a27226f9db5,b498077cc579817f,12,0,-1,469560847
541,6dd51894c70f7d24,4b6a19c94932b516,13,0,-1,469560847
542,d6d5f55a03b61114,a2e6710e3813a26c,14,0,-1,469560847
543,ae672bc24bf8b33a,933536d8486c6b5c,15,0,-1,469560847
544,593e97d8d8f14324,3165507388631120,16,0,-1,469560847
545,f91d71f24f6b8553,78a40a48a570d714,17,0,-1,469560847
546,2c3202748d36e776,5b2e2a44feaf66e6,18,0,-1,469560847
547,9ec0018d2615e880,817954a848fcb00a,19,0,-1,469560847
548,7632f61a0ccb3466,6ab2a3a4d964e22f,20,0,-1,469560847
549,d20ee7383f610fef,3f80bad22eef3b88,21,0,-1,469560847
550,793165bd54be8041,62bee6b7fafe8dab,22,0,-1,469560847
551,81c57e356e8c555f,ea075f241de59eaa,23,0,-1,469560847
552,bc603b9c1944349a,0ed495f09a5afb19,24,0,-1,469560847
553,276f1a2107f2ceb5,2371beed5f6b451f,25,0,-1,469560847
554,3aa9f02f7f574e15,e0cd0bf19e1f6029,26,0,-1,469560847
555,56a834b34bc7d917,ad175206d95110e5,27,0,-1,469560847
556,2d891cda42dee37f,2ed72bb2cee8c607,28,0,-1,469560847
557,a816162fb476291e,b7940582bf6bcf9a,29,0,-1,469560847
558,c345468fd1681be7,b2e9c00de56c858e,30,0,-1,469560847
559,bff3d1a4147e0fb2,d4cc37841df832a6,31,0,-1,469560847
560,fedc1185dc2c9a44,0fdc78d6175285eb,32,0,-1,469560847
561,84c10d59915d6102,b4f9dada9ee24d5e,33,0,-1,469560847
562,e25b3d15f473a67c,7346dd4221c992e7,34,0,-1,469560847
563,fc98a6b89a0fc006,5e8926a1c5dcfd07,35,0,-1,469560847
564,97c0554188bd580d,9b0331a0ff52815c,36,0,-1,469560847
565,a381fff95e1984e3,e721e4e760e53fc5,37,0,-1,469560847
566,6810aaa10d8620ff,6c2b0252ebf56ba1,38,0,-1,469560847
567,f8eba180477a7569,a096a213232546ee,39,0,-1,469560847
568,0c761c4ea3821099,112ee77d62596606,40,0,-1,469560847
569,d2015d60e34c691d,b214da0552b04889,41,0,-1,469560847
570,dd8d942fd319da55,12ab5c2152cacfa6,42,0,-1,469560847
571,fbaf8411ef5b687f,2d1080895e7534b7,43,0,-1,469560847
572,24870b7894bc2fec,4d54043b4ee1e6bc,44,0,-1,469560847
573,7709db7f9f0d97da,3fa35d90fb193df2,45,0,-1,469560847
574,f48722da894283ad,fafb982ff5e5eaa2,46,0,-1,469560847
575,55b64b2129da7fb8,fc1beca1dff4dd2a,47,0,-1,469560847
576,332e7716913ff173,ef814140d58d8668,48,0,-1,469560847
577,cdd962f16f2fd1a1,ef490f09757e3c18,49,0,-1,469560847
578,45b1ab64aea42ec9,4f455eeb73e807ae,50,0,-1,469560847
579,c51fe8745cdc1dde,4b9c2a2826216acc,51,0,-1,469560847
580,e275dfc5d1995a35,240cf76f140d35aa,52,0,-1,469560847
581,f2d65f23148763d2,306719f4c904b4fd,53,0,-1,469560847
582,72e28febceea4eec,90e3ee0c3a411bc5,54,0,-1,469560847
583,bcb71b16df06772d,a81b9549ecf01ef0,55,0,-1,469560847
584,115c3651ef95bbcb,cf93dd8703435eb5,56,0,-1,469560847
585,573dc30467ce6f71,131e04d1f97a1391,57,0,-1,469560847
586,852fe32fc47a460a,ec8568f683c5522c,58,0,-1,469560847
587,8b9d3cbea2244e26,44fb575d0164a33c,59,0,-1,469560847
588,51959b2f33e1ccff,3a49847f8da6e186,60,0,-1,469560847
589,a5dde6f5e6009a14,2459084e268b633b,61,0,-1,469560847
590,d27770d87d5f876c,6092acacd73f40de,62,0,-1,469560847
591,74c60cb9ee58dba7,8edc3447cef02673,63,0,-1,469560847
592,8627aeadaa47dc35,e33d405691624b28,64,0,-1,469560847
593,dff5918d3a583bf0,d54cd26a7ec0849c,65,0,-1,469560847
594,dd6d0cb4b5168694,6f1d5b4ab7904b3d,66,0,-1,469560847
595,368f9f855d8a976b,8171a3c08a8faf28,67,0,-1,469560847
596,f636fe24522c03a1,673860602cc44c29,68,0,-1,469560847
597,9af575de76df9483,98dfcda614595f96,69,0,-1,469560847
598,4c909289d16c32db,c186df9037ce71db,70,0,-1,469560847
599,f1f48522a54f0ef4,b202db6d068c0d8b,71,0,-1,469560847
600,0dd4f9bfab880f4d,33c826760910868f,72,0,-1,469560847
601,398f5bedaccad4a4,35f5aabcbf43c0cf,73,0,-1,469560847
602,cde8364573571921,dd36fa074390ef13,74,0,-1,469560847
603,c656a750c33a9384,d28e9d53ccd82dda,75,0,-1,469560847
604,7cc5af0c9d2af501,7188d133cc63171d,76,0,-1,469560847
605,19510167830c89e0,d93950befac94469,77,0,-1,469560847
606,b4d4ef2c78505f06,b6dbf0ba21fdc0b6,78,0,-1,469560847
607,e28717f88dbf8d38,3c99e7dbe489faa6,79,0,-1,469560847
608,ee6518df0d2ba048,a1dc91c9606a8058,80,0,-1,469560847
609,507f97749cb0c0aa,bf47c6168483d23c,81,0,-1,469560847
610,ca0df559f20ea6aa,811eb2c3b41b5644,82,0,-1,469560847
611,93b90621936a78c4,e799b28dbea0f43b,83,0,-1,469560847
612,869b70cb3ca9d610,311fea3e79c1a9e2,84,0,-1,469560847
613,ed2a9122529bb23b,2d8ef0c09c56a487,85,0,-1,469560847
614,e37e3f169e923ad9,e5432b1db4455dfa,86,0,-1,469560847
615,0efa769619f23767,22de7a7d76f3a2ea,87,0,-1,469560847
616,ce52e3e9c91f74d9,a45dd327c132a6dc,88,0,-1,469560847
617,f59173c83e614ce0,a81b28d077472641,89,0,-1,469560847
618,da54e40efdbceb23,498752f4adb8f80a,90,0,-1,469560847
619,f5867694c11de80b,11c6b31f7ee5449e,91,0,-1,469560847
620,0e740462ab56b40a,be3b9de9bd76081e,92,0,-1,469560847
621,8881e9b11aee6d38,bebf2352d9a84814,93,0,-1,469560847
622,c5f106eed3c5069d,ba16fa119e71eee8,94,0,-1,469560847
623,3d47370cf6da7b06,1b020a65be2b1814,95,0,-1,469560847
624,f2f49cbd6fea280d,4862d84f78e3033b,96,0,-1,469560847
625,4d90b589fb14bf0c,496a99a09aac305f,97,0,-1,469560847
626,816305f0c82d97a8,997a8002f1b81540,98,0,-1,469560847
627,90a3e51ea61cc4b9,1bd4c978990fe343,99,0,-1,469560847
628,2fb4cfe3ec44a808,1067d2a574a4e297,100,0,-1,469560847
629,632dab450de3d010,33d77669a9c59f4e,101,0,-1,469560847
630,d8361d208a083e0a,8d261582663de0b3,102,0,-1,469560847
631,41282e3bfb769938,cd33598f933b5ac1,103,0,-1,469560847
632,6305ea1b516c5349,fd6be126be658243,104,0,-1,469560847
633,a1289e75d576c95f,412927050780ee7a,105,0,-1,469560847
634,94849d0437c6dff9,3e1cfcd3c4b5a1b6,106,0,-1,469560847
635,4751776942508cee,8978e16c9c6959b1,107,0,-1,469560847
636,d7e30570e5db4a44,b364c9b0f3561a61,108,0,-1,469560847
637,d599980468170dbd,f0d1d6633ce8bb2b,109,0,-1,469560847
638,847e36ebc776e883,c8562bf0907d4254,110,0,-1,469560847
639,9f33525558d7f897,767cb2c642d0985b,111,0,-1,469560847
640,00cc1c05265d9298,3181a59b67fcf62e,112,0,-1,469560847
641,09201d39fbfa57c3,6c273347202e20d4,113,0,-1,469560847
642,daeaad131d86a70e,58a568c0cd0a5c90,114,0,-1,469560847
643,21844b430c530107,0ce029b0a260f98d,115,0,-1,469560847
644,34662f949920e523,0873fb09ab4e0c6e,116,0,-1,469560847
645,43d3507a37f7e275,37a2c27b05e32050,117,0,-1,469560847
646,1c97ae0ecfd91673,de66757645cbab53,118,0,-1,469560847
647,969b4b1320ff998e,ccdb577941f0272d,119,0,-1,469560847
648,a12b2749d95b0d7a,c94e0133a26e3e4f,120,0,-1,469560847
649,6f368706cc87843c,e18df613a8e8a838,121,0,-1,469560847
650,97e80ac44bcb0798,7e667201b3c39163,122,0,-1,469560847
651,dc09f1b17341b792,00c64d5e3268f821,123,0,-1,469560847
652,7705c3f19ae789c8,61bb025d4735f297,124,0,-1,469560847
653,c61f161d2f78a1cf,5e55bf2a75b5a815,125,0,-1,469560847
654,a224b35c49cf32ce,0279a840234c49e4,126,0,-1,469560847
655,6a3c98fc6a4eb9d7,54119df3d71cfecb,127,0,-1,469560847
656,7eb568113e21bd7e,6be25af48ca14888,128,0,-1,469560847
657,50978235f0c87031,f29aa9639c0f45a5,129,0,-1,469560847
658,dae80cb50009b3b8,e505f28641b38b4a,130,0,-1,469560847
659,c617fc38d6093416,699d4f1ff073f136,131,0,-1,469560847
660,9487d9a5f6784cfe,9c993d9ffa1e8e2e,132,0,-1,469560847
661,caf9418aef0b5593,2833f175aa0e0f85,133,0,-1,469560847
662,94a11788b1987966,83d6a0f70e6421e6,134,0,-1,469560847
663,cdcf472b54f4ac78,d6070dd89724cf39,135,0,-1,469560847
664,7ed362c3b5c6e11f,1c24c4251fe7ba25,136,0,-1,469560847
665,552a39c52a350aac,719de9a2610895c8,137,0,-1,469560847
666,0246a821fb3508e0,553b4bead71987ad,138,0,-1,469560847
667,2f8084eee2b984ba,9878f960c33838c0,139,0,-1,469560847
668,732c3c5ccba1290f,c48505f2570647cd,140,0,-1,469560847
669,c7cfc1780a68cef4,3e15eeb1743d562e,141,0,-1,469560847
670,f5c156fc17d5ad5c,9734e20de4a27729,142,0,-1,469560847
671,4472aa4234d1ddbf,d4c29d22a7e27cb3,143,0,-1,469560847
672,09b4e6ed89fdabcf,a7695baf3fcd64fd,144,0,-1,469560847
673,49e6d626e69f7e78,ac59acb9951dfec6,145,0,-1,469560847
674,5166ca803e9a1738,5ca76251ec813aa4,146,0,-1,469560847
675,b21e0a7111577e51,877822acc2eb6f49,147,0,-1,469560847
676,c190a88e132402fb,fcd75cdcb929188a,148,0,-1,469560847
677,068bec2693f768d2,62863e8417555265,149,0,-1,469560847
678,fa7318f29e4beb37,27015ca0a1c7a841,150,0,-1,469560847
679,b6b787410469c524,796c83423b818a42,151,0,-1,469560847
680,582d237615983b7e,9afaa44a5dcc9105,152,0,-1,469560847
681,9bba256367e65b5a,e93792e888ab6e97,153,0,-1,469560847
682,454c1498bab3e06a,230315b742185dfa,154,0,-1,469560847
683,1316cb4ffd30b4d7,ced0b93e7348522b,155,0,-1,469560847
684,39ae9e644d7b40bc,22e5d826aef731eb,156,0,-1,469560847
685,cd56ff78df3828e0,1cfeee34918d0aaf,157,0,-1,469560847
686,d8c42c487b4ad853,48d877d0f5907245,158,0,-1,469560847
687,4d05d3d26d72f799,f306755c80203a5c,159,0,-1,469560847
688,faf51e07f28537d9,d39fc63eb96bfa79,160,0,-1,469560847
689,28da3a3a1709d54f,2bb3f37f390c03fe,161,0,-1,469560847
690,f59751431a2cbd6e,573d016bcf3e3bb7,162,0,-1,469560847
691,857b32528704da0a,cdf8995f1d54e60a,163,0,-1,469560847
692,af26f66b649b43a6,78087f786276a2fe,164,0,-1,469560847
693,bc34afbfd6fe6d9c,795e713b4f9626cb,165,0,-1,469560847
694,7a2577f64e17040f,b93dee5f49f808b5,166,0,-1,469560847
695,26e5dad0d763b05d,c7b3c1684d2fee45,167,0,-1,469560847
696,933aea6fccfc6037,77e258b369f468f5,168,0,-1,469560847
697,6a273b810d8d7b9c,45b93b5c8105e8c1,169,0,-1,469560847
698,6e3d2a1d89a6fd43,bb65f2da084ce323,170,0,-1,469560847
699,6459839b4ed0df81,4e31150fc9b542d2,171,0,-1,469560847
700,b5b6d4fdec7ca372,d2620ef28b512fc2,172,0,-1,469560847
701,0240a5f6f66f1041,5cab22374ec2a38d,173,0,-1,469560847
702,effaefb89015c494,854732629b11fb7f,174,0,-1,469560847
703,d0de3c4f2fd7a8da,2b5f54cae58fb40e,175,0,-1,469560847
704,dc6d592d90f1597e,41328d8180cc7e2b,176,0,-1,469560847
705,0c811f4113e82996,20315a43bb404836,177,0,-1,469560847
706,9e97c3feac120d62,6af537a92821c434,178,0,-1,469560847
707,fe8eb4c7ad7e1edb,477b9b40fc186477,179,0,-1,469560847
708,007c383ca4bdb304,a1f829d6d103a334,180,0,-1,469560847
709,a206f633cdc1f74c,a3d70b0046b1e469,181,0,-1,469560847
710,4a422e5e46f9d7ed,9ac4596c48054b8c,182,0,-1,469560847
711,def62a983772847d,53557a56968a8005,183,0,-1,469560847
712,d1ec11bcdbf21fec,1ae6d3cd15f6ec9a,184,0,-1,469560847
713,40d1c9f1f95bdd2d,6ae72bf1b0e1c2ac,185,0,-1,469560847
714,5eb3a4f4e8a3e4b1,4c63a4a42253e4e3,186,0,-1,469560847
715,ba20abf41661fde8,82104a303e23425a,187,0,-1,469560847
716,63752639882b6c30,ed6a687743d26385,188,0,-1,469560847
717,2f9496955eaaf695,bc4c3e9b34b53803,189,0,-1,469560847
718,8a12b411328577af,210f094ea500fbd3,190,0,-1,469560847
719,923b8fd1df7ee8a6,0de3c5dea975ada7,191,0,-1,469560847
720,5eba387ec815d4b5,82e0d1b7398f6781,192,0,-1,469560847
721,986f6cf8c1a36640,4f12d88e52b73168,193,0,-1,469560847
722,5dc02598f1487b82,d5f022a039e4597b,194,0,-1,469560847
723,335aa01cf43af505,9e67fde366c78111,195,0,-1,469560847
724,dd63a2b32573466a,17a3bd9f73c46daf,196,0,-1,469560847
725,01838536752f2407,7e18e9fd3b02bbb9,197,0,-1,469560847
726,290f3ca4c41272e4,79dd60f903dfa41e,198,0,-1,469560847
727,4fe950de3f11b25c,f2b17b6fd9a12fb5,199,0,-1,469560847
728,b8aad28575adb304,b34d079369cf1359,200,0,-1,469560847
729,72b8245661a94894,9b53af9439374bc3,201,0,-1,469560847
730,108e76c1ba87b3b7,57e91420df5ec963,202,0,-1,469560847
731,5ecaf16eee88e42c,55209f48de765607,203,0,-1,469560847
732,0eabf9e2df12ddc7,f882f076790e57c8,204,0,-1,469560847
733,82740edb81621ebd,104213474840f27e,205,0,-1,469560847
734,2420c71b229fc5d2,083480be3c2e49c5,206,0,-1,469560847
735,1fdfd3649637c957,8d6ab70c82fb18eb,207,0,-1,469560847
736,edff3445469072ac,597452aafe2472ce,208,0,-1,469560847
737,bcf30f7fda8b0ac2,60990a15840011e4,209,0,-1,469560847
738,2b8c35a007ba447e,4bb1c55211fb23ec,210,0,-1,469560847
739,64c9f7c8ce494157,9fad214c21360c95,211,0,-1,469560847
740,b8395b711aa6900f,6612b28be936931a,212,0,-1,469560847
741,add8b3e2a51020eb,b7c19faf9ca29888,213,0,-1,469560847
742,9dd39ec97cf09f97,9d05854b04009ef2,214,0,-1,469560847
743,4af775b1c0f4ba23,856ee14cef7452f3,215,0,-1,469560847
744,bb489860138cb038,624c2e96b31b1c2f,216,0,-1,469560847
745,502842f558a71692,b83b5a90b2edd40d,217,0,-1,469560847
746,82bf58bd21452eed,8598cc3a54d211b7,218,0,-1,469560847
747,940499c898328c77,5608be35e7d06079,219,0,-1,469560847
748,8699755aabe94397,77a2e74e3058c952,220,0,-1,469560847
749,bab5100d8e1eee8e,20d8c78425b826c7,221,0,-1,469560847
750,36d9f3726966e5d8,35e5e01035b7ff4f,222,0,-1,469560847
751,04effe84074676e4,fb26b4385547e7f0,223,0,-1,469560847
752,f34afb3067c819cc,a28610ebcbc51139,224,0,-1,469560847
753,c0448d70dcee1b54,860a1bc34bd32ce8,225,0,-1,469560847
754,c13fc0a99cb03de4,abbca874347be746,226,0,-1,469560847
755,33145aa878904afc,e9824c43dc45db38,227,0,-1,469560847
756,677fae0194d71502,082679e7fb16f75d,228,0,-1,469560847
757,c76f701b1d0d407e,ec6fce07fd694cd9,229,0,-1,469560847
758,9d7b1fd4214c12a6,c0789c7191296a8d,230,0,-1,469560847
759,8ddb885da23b6309,b7a5bb9bd422313e,231,0,-1,469560847
760,16b8d6f5ec71b865,bfdbab5642971bd1,232,0,-1,469560847
761,1995a61da3d12998,ac08d45c1792b708,233,0,-1,469560847
762,5ad5fc7efff528e1,eb034a80eb08b0e5,234,0,-1,469560847
763,2f67e1c966f7aa23,3d366115a3d523fe,235,0,-1,469560847
764,e11b7dc7e6ceab16,ea327babc3d1cbba,236,0,-1,469560847
765,a1be0d2979dfef2e,bb30f0154b2b775b,237,0,-1,469560847
766,8fe58ecba8149112,5076854718ca0631,238,0,-1,469560847
767,6a8960fc511d1351,d2c57c641fe8caf5,239,0,-1,469560847
768,4ade02707fc7a5d0,89dbc2d602373b02,240,0,-1,469560847
769,03af27ea9486747f,16afc703b4a709c4,241,0,-1,469560847
770,7647782baf4b24ff,b0e11fb7236a0775,242,0,-1,469560847
771,ac9a565b7d9e04ba,4a806d28babed2ce,243,0,-1,469560847
772,83cd8b6d4d681318,57d8daf984814355,244,0,-1,469560847
773,332b075446f70d15,c2deaa9501c9e79f,245,0,-1,469560847
774,9ded71adce926c28,14e96691bee2a330,246,0,-1,469560847
775,a20093349ae63d71,b86541f959ae9dd3,247,0,-1,469560847
776,33a8c38e01389762,65bbb14fb3ec98dd,248,0,-1,469560847
777,66d5ec515383a284,27bffb1c48f66ff9,249,0,-1,469560847
778,6ad539cb8718be27,8a8b8c6d35a4602b,250,0,-1,469560847
779,b0c309463f7a2c67,68db0ef7b46acc72,251,0,-1,469560847
780,d369ee6ee5ddb130,783a574604294ea6,252,0,-1,469560847
781,7453d9a57450be85,ac3f2b608884ba22,253,0,-1,469560847
782,026ef1490871c5ec,f996f27a72c2fe0a,254,0,-1,469560847
783,07536bc1e38159b7,ece2121b3ac9fec2,255,0,-1,469560847
784,25eef4d463298448,b9108018b068bef4,256,0,-1,469560847
785,653750393857d372,36e53c0e22ec7f2b,257,0,-1,469560847
786,4a0f9c3275a97add,7ef9489e26916e60,258,0,-1,469560847
787,e8baca88956cda44,107de13387fb39f9,259,0,-1,469560847
788,a32cd8392f134fd4,2f8cf3125fec2565,260,0,-1,469560847
789,796bdd923810e8a7,540b0d28c0710dab,261,0,-1,469560847
790,46947b6239a8b508,deea774f2fd46989,262,0,-1,469560847
791,6387cdeafa735c9b,30952476c695b585,263,0,-1,469560847
792,aa0d182f7bcdcaaf,332bf5e59ccd2090,264,0,-1,469560847
793,b50955b116862507,f97c3b944f3e2779,265,0,-1,469560847
794,357d933b29effd22,991f99d367f76986,266,1,-1,469560847
795,f8bd746ded8172bd,b1eccb92f3530da3,267,2,-1,469560847
796,df73d5c390f3132b,0ccbc8af8d6428f6,268,3,-1,469560847
797,e231f0739a4fdb1f,c5e371679ff81a99,269,4,-1,469560847
798,936b9743c3e26d29,f9391305e0052d38,270,0,-1,469560847
799,b9e414cf2c680adb,f4ab71f17876871d,271,0,-1,469560847
800,219f317aef240d1d,35c5401748a93869,272,0,-1,469560847
801,be8b187c96e92297,e4680756a7a33945,273,0,-1,469560847
802,6d0241a08fd28868,6f6cfde788c8924f,274,0,-1,469560847
803,f38ce0ca97ad1abd,9d874b4770d2fe73,275,0,-1,469560847
804,6729c24c94e06324,d37c29c8ced318c7,276,0,-1,469560847
805,f429fb3a72637067,d7b92dfa7f800574,277,0,-1,469560847
806,dfcb597e85f5699a,0c7ce2cbfaf79cea,278,0,-1,469560847
807,b8c6ce028dc91adf,34d4767954f6e932,279,0,-1,469560847
808,22c0d7a8896d7af1,7d395dd5c06309cb,280,0,-1,469560847
809,cb7503d3b298b74c,cef4b876d71dff0a,281,0,-1,469560847
810,96a57441498d4b63,af58d9fa5d66b9a8,282,0,-1,469560847
811,5b28c2bf20eb8b12,796a9266dbe9afc2,283,1,-1,469560847
812,a7e96bde6dfe43d0,d0ec4e667777027d,284,2,-1,469560847
813,1ede7c98a94ea576,62d7375f6b083c66,285,3,-1,469560847
814,0b223dba9852ab6d,853ea2f944b7f418,286,4,-1,469560847
815,d3a02092dca0c1f9,d10552cdd8b1182a,287,5,-1,469560847
816,035434e945ef7868,8de4a84ad4da3cf7,288,6,-1,469560847
817,a305ba230d0daea4,df8ae2c2a2facf41,289,7,-1,469560847
818,f0a04195cc2017be,4e6420a52f69bdbf,290,8,-1,469560847
819,74032da42d64c3c4,1b892070d0e1f4a0,291,0,-1,469560847
820,fdb626b1cc8b96af,97743d9a0515a4ea,292,0,-1,469560847
821,8857319f134b2075,2b69af0f008e928b,293,0,-1,469560847
822,a93600e620a8f69e,faad3f849599f2f1,294,0,-1,469560847
823,f9c6703a90210a2a,c305331ffc12fbfd,295,0,-1,469560847
824,68887d3427b1f5b1,6b26b09732885dcb,296,0,-1,469560847
825,37731db296195188,9031e6a9bbef84a3,297,0,-1,469560847
826,e2c6f52b0e03890e,193e06f932c49313,298,0,-1,469560847
827,f0057ae2e807a3a0,0ac9cb07e9d3da71,299,1,-1,469560847
828,c39543c57c410f88,77c69ba1a6b6b4f2,300,2,-1,469560847
829,87f842fca5d79746,188a1dc2aeb425ab,301,3,-1,469560847
830,1e8022dedbdae28a,38e38a877b52512c,302,4,-1,469560847
831,38f2edf57412f5e4,e5bfe5e66fb83190,303,5,-1,469560847
832,0f425dc2fadb0955,41746b219099ea8b,304,6,-1,469560847
833,c95bc552798f62db,d48dec47f9d91c58,305,7,-1,469560847
834,9df47710965e350d,fb6412d49dafb70f,306,8,-1,469560847
835,dc2b47b2140e5a1f,c1859ba598819d08,307,9,-1,469560847
836,fd60a63429604ab5,df53eb88969f1538,308,10,-1,469560847
837,22bf2ee66ee37d35,29aecb90aba5de10,309,11,-1,469560847
838,e00d0b3064a4cfa1,12b1e19b69a97b00,310,12,-1,469560847
839,2370192adbecf9b4,00051291b020dcbe,311,13,-1,469560847
840,098fd504157eb010,1da88bf811a36b04,312,14,-1,469560847
841,ee091a043d7f6162,4584ba43f8ae12b0,313,15,-1,469560847
842,817413efb690bdb5,c39b89b258259b43,314,16,-1,469560847
843,98305ca2ea2dde05,882078394de11835,315,17,-1,469560847
844,522dd2152c6fa391,6c4b6854f39146b5,316,18,-1,469560847
845,ac742d4e0fe5e16f,6d8ca72f87dd2cdf,317,19,-1,469560847
846,b7fac4228f499247,aded7cff92268306,318,20,-1,469560847
847,3403af0b453ede9e,d8a7e7b895412baf,319,21,-1,469560847
848,ef807dc4e825e3d6,d887b489220d41f1,320,22,-1,469560847
849,3f470a36344d5af9,d7a4c3bf1367cc5f,321,23,-1,469560847
850,868797013c97406a,414ffa03e2b79c5c,322,24,-1,469560847
851,c75ad1541a76e0d1,81b6f4d082c7954d,323,25,-1,469560847
852,b0c0a7669b7af01e,4f9aa61ee17de305,324,26,-1,469560847
853,392c8fd8f74cdf85,25e67c155ade9300,325,27,-1,469560847
854,e716221b664e1055,1406d2d424fdd92f,326,28,-1,469560847
855,845ecaf2dcd9acbc,68879ea79c7c17ea,327,29,-1,469560847
856,be3cebb149b42325,656a698986f446c4,328,30,-1,469560847
857,b896238067d1f222,aff93e44dbf6297d,329,31,-1,469560847
858,1366e9473851adb5,e3a2d1e7d681a2bb,330,32,-1,469560847
859,6b7b00002e4a426b,3683754596e108da,331,33,-1,469560847
860,ee20db1c0641dd2e,1e81628e2882113e,332,34,-1,469560847
861,33d245e2748d4a1a,0fb915f522ac8686,333,35,-1,469560847
862,a1234f1611555964,5cc72e34e6fcf623,334,36,-1,469560847
863,0107d73ec8baf3cb,1772432d4da69ddf,335,37,-1,469560847
864,60586880674e2f5f,635a454811a91ea9,336,38,-1,469560847
865,3c4d9e3ca2fe7b3a,768eeb5a5aa75fe0,337,39,0,2884990933
866,ef6ccf4ae5d43de8,fc474fd3ccf716fe,337,39,1,2884990933
867,5d85d8add77ab6dc,830d955ba574ab05,337,39,2,2884990933
868,ddbcfb65a4e3b3cc,c2fd6c851d8ca6e7,337,39,3,2884990933
869,3e296dca5d6987d2,f7dc982d4a046d60,337,39,4,2884990933
870,15515ceed8b0fefe,c174922a67392c73,337,39,5,2884990933
871,d665362ddb6e4b21,9efae98ca830a872,337,39,6,2884990933
872,c982342c79b53c85,2729b050192f467d,337,39,7,2884990933
873,0b2c1290e5bf1422,0bb24e76c0397c58,337,39,8,2884990933
874,0c97db7fedb13f63,1c803c8b31deda5f,337,39,9,2884990933
875,3a0c17416e51c165,d9c70e17f9ce9901,337,39,10,2884990933
876,03e1c8d7ac90936b,76f8d7810e688e38,337,39,11,2884990933
877,964717227ab725ea,b964f4dab606ae34,337,39,12,2884990933
878,57784fae346bd04b,4836bb0d9711f2d5,337,39,13,2884990933
879,0c7a2cf8fa11ca64,b5f6e92338eca53a,337,39,14,2884990933
880,c854385be8482b6a,861df9c46b9d105b,337,39,15,2884990933
881,2bb07330b0060307,b15da12c3d375e5e,337,39,16,2884990933
882,74970590abc149de,148befe68d559c0c,337,39,17,2884990933
883,88cc3d62fc5bd58c,03d02cf9a95711d9,337,39,18,2884990933
884,364d7c1f4d046796,fb9a7a7fa7c1ac03,337,39,19,2884990933
885,5ec3ca9ca8c92260,795159ab93d2923f,337,39,20,2884990933
886,e7787fa6c4007cd3,b8e8f4a862218758,337,39,21,2884990933
887,6e4b343b6ee6f0eb,7c7a97933db137ea,337,39,22,2884990933
888,635a62940823a41c,55345783730b1043,337,39,23,2884990933
889,cf00886b52906bda,8bcd3748e1f73cf1,337,39,24,2884990933
890,9e676bbf0f5d7fc6,03aa49749955c6ac,337,39,25,2884990933
891,30ce6ce7572ebd96,35e0fbcb12dcb24e,337,39,26,2884990933
892,14e785903ad41a8f,33d936588d6ed7c9,337,39,27,2884990933
893,68803df16a621c57,ac717a0aa2f0ab15,337,39,28,2884990933
894,df30bdfd8a393f1b,9d06e08a4a7a3402,337,39,29,2884990933
895,eb3efd6932adc3c2,948a1d6f9a915fb3,337,39,30,2884990933
896,83807293e14a45c3,120f20e2869e5a9a,337,39,31,2884990933
897,06ac7e7668688af1,bfa17139ad530044,337,39,32,2884990933
898,db3cfaf4bb8ab001,fa3a6fa8f75cb724,337,39,33,2884990933
899,0a67cc7a682def30,9d0421db38ef966b,337,39,34,2884990933
900,eb3c18818a98b1a1,37b702129b0810ad,337,39,35,2884990933
901,79fc908bcab01d20,18eb181d914cff58,337,39,36,2884990933
902,ade1e4983bf6ec05,78657b136ef03971,337,39,37,2884990933
903,a401afbc81488a2d,435fadd43ab2ea80,337,39,38,2884990933
904,0cf1be70831b6e79,84a32b33920aec98,337,39,39,2884990933
905,36de1ad59ee69ff7,2223f651a2e35ba8,337,39,40,2884990933
906,6a08b1ee28dbd5f3,2bc50a41b93a8509,337,39,41,2884990933
907,8f65b48e9118b522,f6a901b229ac2a81,337,39,42,2884990933
908,3ec16d87b2c4efba,104bfc0a3d60cee2,337,39,43,2884990933
909,ec76e01fe5a8f2b1,255aee575dbe2e75,337,39,44,2884990933
910,2d81ce7b9b2f8d0b,a90a4911ece01833,337,39,45,2884990933
911,cbfcdb891558db32,031e048a8c7083ff,337,39,46,2884990933
912,214604565a98130f,22e960e5f35ca2a5,337,39,47,2884990933
913,81b2fc0806c49d84,4b10e8cea69a05aa,337,39,48,2884990933
914,103432b2f05e6137,62fba74b25a559e0,337,39,49,2884990933
915,c8fca4a3aa34a8be,44356f600a12710d,337,39,50,2884990933
916,44a06b9038dffe82,ea07b8a0d0c92a1c,337,39,51,2884990933
917,6b3cfd086d4c8c68,e8d48c50ceeff282,337,39,52,2884990933
918,274990a82b1a6c6f,7e0377ee55142e55,337,39,53,2884990933
919,49c57ff43029e92b,d053192e476a7e51,337,39,54,2884990933
920,21a16b0ff3036f01,a4fe345cad251fb2,337,39,55,2884990933
921,7cb0c4edeeff95ce,2705280390ab2ee5,337,39,56,2884990933
922,6711ccbad151ba1a,cf65a66c0442346d,337,39,57,2884990933
923,ddae445c32eecf46,4763d20c3e02c199,337,39,58,2884990933
924,66d723fadb596160,6fc8dd4549ba38a9,337,39,59,2884990933
925,f55f94595bfd6fa3,e8f90bc0725528a8,337,39,60,2884990933
926,27ed15b6c87c0708,e26964f683a4d1a9,337,39,61,2884990933
927,b826c9c116ee78f7,5c06573efaa92de4,337,39,62,2884990933
928,a38d49f3555b4b4b,cf5d8503e585f68d,337,39,63,2884990933
929,37c4261cae5138d6,e4f758cad2f5edca,337,39,64,2884990933
930,d844a67db0d803f2,8af3e960876841be,337,39,65,2884990933
931,2ab7c21d24fba236,3969d062686a7fe7,337,39,66,2884990933
932,76d571a757b1188a,3268010cbc61aef1,337,39,67,2884990933
933,6f71629c14d693ea,b463ac00446b4651,337,39,68,2884990933
934,9155a7343e3ea299,63dfa1481d05c3ae,337,39,69,2884990933
935,1a7be569d774b33a,d0cadf991b7b56d3,337,39,70,2884990933
936,7e1591c7e7959fe7,c34a87271682cd58,337,39,71,2884990933
937,171fef02d3c84437,99dc45a5b028325f,337,39,72,2884990933
938,9bd7c83372c4959a,6be60877b3f517d5,337,39,73,2884990933
939,f780a20b4561cb7b,c0b05b5839e4f1ee,337,39,74,2884990933
940,0ffc9dfb9ceb9fc6,7e9af0a8935ae6e3,337,39,75,2884990933
941,20119de0366d3a0a,e602678c7d68d133,337,39,76,2884990933
942,d3e684d0dd301784,1f084fa6e7432da9,337,39,77,2884990933
943,32aea567c5a1e78b,0417eb67251128d0,337,39,78,2884990933
944,3a2f2347ae789af8,8605db5236307234,337,39,79,2884990933
945,21c2fda0c977b177,dd2be03fe3639261,337,39,80,2884990933
946,6af8dd1aff21df87,c4a08e684011a179,337,39,81,2884990933
947,a02153cfe0eb2157,bc5fc1c872c2ab9e,337,39,82,2884990933
948,c9fd5c8558a3fc08,41b3a17ac493f87a,337,39,83,2884990933
949,db22f1c3cdda44b5,9803086b72ab08b0,337,39,84,2884990933
950,72bc8f0917dccb5a,42506164594ee405,337,39,85,2884990933
951,c81d729faf238593,0e24ce634fe621fc,337,39,86,2884990933
952,c321631a4b9c2ec8,f2ce9fd270ab20c6,337,39,87,2884990933
953,fade41723b36c5c6,c86622f2b9178215,337,39,88,2884990933
954,6acf9d5f6bf0e6f3,24956ae9eca0fe82,337,39,89,2884990933
955,91273127e5aa31de,2599347006532dde,337,39,90,2884990933
956,cc2ad7946fd71f54,dfc9a8b1826ff54f,337,39,91,2884990933
957,7325ed64351a523c,452535cc60bb919e,337,39,92,2884990933
958,d2b73ae93a6b6297,feaa844903cc1456,337,39,93,2884990933
959,545ce064d8d13593,7969cc0a391e6645,337,39,94,2884990933
960,7387511aa61b0b48,256e736f3ead0cd6,337,39,95,2884990933
961,91107e983e21c56a,25783374ccf65b1b,337,39,96,2884990933
962,dee72cc16e819601,8191fec0d67fc607,337,39,97,2884990933
963,f0859c2f97dcf5bb,685cee1f83a54411,337,39,98,2884990933
964,635c21c28a230065,312d7f42a6abd230,337,39,99,2884990933
965,a690650f1553a59a,ca41d2260f9f698d,337,39,100,2884990933
966,fc77eb82c4e149a4,6b48b1d84dab0660,337,39,101,2884990933
967,17a4c9d0964353e4,d44b3aede68a50b3,337,39,102,2884990933
968,75d1a9edfc47ef25,5fc8c216b2d694f1,0,0,-1,2884990933
969,e4ac1c4d68f9e97b,2a007c971078f4d4,1,0,-1,2884990933
970,34b3eb9d4cc4b948,f17427b4c2d10eef,2,0,-1,2884990933
971,bfab071bf84c6ba8,b5f7ce9f05377320,3,0,-1,2884990933
972,52d5603ad5923e10,253ee802d6b26308,4,0,-1,2884990933
973,7e3ea392b935b4e8,3a638b7c730ea1f8,5,0,-1,2884990933
974,a15849d254543fb3,b6ab16c68a65c5b8,6,0,-1,2884990933
975,b65ab5b506196f11,90398d1b5f8e790c,7,0,-1,2884990933
976,057bab4f83861663,a3134860983fdd8a,8,0,-1,2884990933
977,82a4803e2ffb3b7c,8f717f9fedfca12b,9,0,-1,2884990933
978,0ef097556489666e,8a229676d6df3df5,10,0,-1,2884990933
979,d2ac6271e903cd7e,58001fc3b96bbbb2,11,0,-1,2884990933
980,23586add089a8251,7876f0787423ace6,12,0,-1,2884990933
981,3e6414a2ecd04684,105abf8336d4372a,13,0,-1,2884990933
982,b6f12ed65e4f7584,69d74614d67a1437,14,0,-1,2884990933
983,10fa4cb753cfd34d,95b58ff5c528d222,15,0,-1,2884990933
984,dfbac18a40c412fa,ce05097b371fbd79,16,0,-1,2884990933
985,e5f57adb2f4b7586,4d4eb604347d42ef,17,0,-1,2884990933
986,8bb03e4bd76dbe38,92e34a69f1ca3e2f,18,0,-1,2884990933
987,86016283a8c5bd0f,51cac36ded900d23,19,0,-1,2884990933
988,b07653ffe79eef03,9222b5e799f706a3,20,0,-1,2884990933
989,608bb87aaf757d88,14e01b6ce7b111e8,21,0,-1,2884990933
990,23aa58b9d2f59e9b,442fd9c5f068b8b2,22,0,-1,2884990933
991,85edad0e05cea6e5,325532494c42ae8e,23,0,-1,2884990933
992,66097da6c8486d07,4b85514ee2e666c6,24,0,-1,2884990933
993,c12bb9ff01615094,926861d7e539501b,25,0,-1,2884990933
994,3a9b83a5da3bc400,1aed0bf3925fe33b,26,0,-1,2884990933
995,abb38ba8b43a380e,2f5e0a2580abbff2,27,0,-1,2884990933
996,bc4e858c37776c3c,67f88332c64dda03,28,0,-1,2884990933
997,83175f3befb74c08,d6f2c9370ff8e770,29,0,-1,2884990933
998,f5f593943cad1e07,aa086262abdaadcf,30,0,-1,2884990933
999,95fc1f7595bdde72,5db6ffa7cc510e4e,31,0,-1,2884990933
1000,d89c00e7195a107c,9f2aa456f73e5356,32,0,-1,2884990933
1001,4827a179876f184f,fd3d4c42d82ae62b,33,0,-1,2884990933
1002,d905eb5609cae534,2c5efddd700f9abb,34,0,-1,2884990933
1003,c2dad28c46cf6910,e20ce6cf7f640135,35,0,-1,2884990933
1004,1e2a8ab713549eaf,c33ee938e3311701,36,0,-1,2884990933
1005,0a082fc0502c1072,1e5836b8dce122d9,37,0,-1,2884990933
1006,a9db9d46335b70f1,5deadc3792428ef8,38,0,-1,2884990933
1007,fb8ec9aa976cee4a,7fdc559be82e19f8,39,0,-1,2884990933
1008,f020873148f12a6e,55097f94cb73ebbd,40,0,-1,2884990933
1009,ddfbac2d9bf8d186,75fa257c960763cd,41,0,-1,2884990933
1010,4ec991dd8467fb30,525df34a919618bc,42,0,-1,2884990933
1011,b170270a42e5ade3,1db8d45c581ac99e,43,0,-1,2884990933
1012,25301ca991f1a356,7497f49ea0e8b3ea,44,0,-1,2884990933
1013,60ed7409ed0556bf,6b5350e0dd0ffbe0,45,0,-1,2884990933
1014,dc5e329e5f7e81ff,da74584a7a64808b,46,0,-1,2884990933
1015,2d45784259aacfa9,88dcfb17d889ccfd,47,0,-1,2884990933
1016,bae99332d5790d39,8e334d9e6a2027d7,48,0,-1,2884990933
1017,fda291eb1753acb5,946039aea22557d5,49,0,-1,2884990933
1018,1d5a5342fe607e4c,d1ae30e4960cf20c,50,0,-1,2884990933
1019,b2228d2f1baa218e,603c238404cbfe89,51,0,-1,2884990933
1020,2f39ec3771c99b2e,99f81002ef947a78,52,0,-1,2884990933
1021,155a6d1073d34050,38fb86e1ca9fde95,53,0,-1,2884990933
1022,799dcbd03b4de750,83f806b7dd66974f,54,0,-1,2884990933
1023,920ba14b087c50b2,fd8476a86169c813,55,0,-1,2884990933
1024,2bdbcf6226789b39,edf952026e3e5f15,56,0,-1,2884990933
1025,db5d42d25095ec10,69769767e1269d3e,57,0,-1,2884990933
1026,8796aa5baa1c3404,d95c56a523aab2d2,58,0,-1,2884990933
1027,ea9f9cccfcc273e2,65eb956d236a0a47,59,0,-1,2884990933
1028,b8c9be56891da562,be253918da6e967e,60,0,-1,2884990933
1029,9ca4834d19ab3095,f46ac1f703d0f3c6,61,0,-1,2884990933
1030,530e421137135bb2,bd631cd0d4d61389,62,0,-1,2884990933
1031,53c667a18cd16fe7,e5633792d9987bc1,63,0,-1,2884990933
1032,7d7efd5a66870705,b35aaf7b3683a75c,64,0,-1,2884990933
1033,c3a202c1d538c56c,4803c96e3b0f672c,65,0,-1,2884990933
1034,0a1ffa0f298db1ed,f9ecab2891047ca5,66,0,-1,2884990933
1035,2b77967e0f153a56,6effbbef003053b5,67,0,-1,2884990933
1036,bc37dcaea4e33db9,ddd60c1136e4f4d1,68,0,-1,2884990933
1037,2cf5f21535578beb,76fb347693b7469e,69,0,-1,2884990933
1038,b0a603d314251e47,cb6107414dc75933,70,0,-1,2884990933
1039,db97792f0d9db1cd,fa8c853796b69a9b,71,0,-1,2884990933
1040,38d79724c13f79f2,d2cea1fbf9a6dfc4,72,0,-1,2884990933
1041,ed10ce7854bf4f2d,2452b291b0c7191a,73,0,-1,2884990933
1042,ad0551a3a0555d19,8e42d5451f7e2269,74,0,-1,2884990933
1043,6add611b7fe304db,6c8fd7e1e69666d4,75,0,-1,2884990933
1044,83b245c9a1e09f75,9b14df098578dd59,76,0,-1,2884990933
1045,a5978a520f809e6e,d2837bda3532ff48,77,0,-1,2884990933
1046,d4e6ebe1a9e34f55,d912c7a2f9e2a41a,78,0,-1,2884990933
1047,02c7a6184972c417,b8ad55174a874412,79,0,-1,2884990933
1048,29cd0f3ff1d83ee1,617da075655b0a01,80,0,-1,2884990933
1049,a6d3d3d8136e5634,2352749ca2cabf3b,81,0,-1,2884990933
1050,ee82b3ba38fe095a,4b378acbe8a1ef70,82,0,-1,2884990933
1051,8e51b6b5b4555412,10826e13f3e43fe4,83,0,-1,2884990933
1052,29860cb0cbc7cc5a,265f2f6cab98059f,84,0,-1,2884990933
1053,8f23052386005174,1f0843e57a6fce23,85,0,-1,2884990933
1054,bea294318b579acc,526fc683bd24d958,86,0,-1,2884990933
1055,8c06a584ae0dd6c4,87f85751db3a5d1a,87,0,-1,2884990933
1056,b5c54847ad4d54b9,8ed6bc0c2a95f03c,88,0,-1,2884990933
1057,c3f5544c37eee0f9,dcdc9ef079dbb8a1,89,0,-1,2884990933
1058,9c84be0169e42764,0a6620f53ebf6e52,90,0,-1,2884990933
1059,6b8a26c42d93ba65,1fe82b65b350ace4,91,0,-1,2884990933
1060,40df41d347e92c6e,1a60f5dff0ccaf0e,92,0,-1,2884990933
1061,e4f7c3c25da9238b,417d491df365a05f,93,0,-1,2884990933
1062,3564d77d0ee41c09,635724dcca9e7af9,94,0,-1,2884990933
1063,28ff5107614f2283,2135e6f153f83e41,95,0,-1,2884990933
1064,cf83045a84f97720,0bc0633483e052d5,96,0,-1,2884990933
1065,bdd52c1e53a69cbe,8444bfb08240c898,97,0,-1,2884990933
1066,ffe6a6029ff5eebe,24fe3fc40ae37c91,98,0,-1,2884990933
1067,1fe5e6417bbc4c5a,899527a9e663eae8,99,0,-1,2884990933
1068,1fe66234da1ad3f7,6495da1c61259020,100,0,-1,2884990933
1069,16383e66a66f9ea2,17b8a3b6b21b5061,101,0,-1,2884990933
1070,de11a2cf628e2d92,606f3d5b6cd11988,102,0,-1,2884990933
1071,9a96b2dafc4719cf,4dc76068018541d1,103,0,-1,2884990933
1072,c7c8044f7a58da1b,c73cfa3810681736,104,0,-1,2884990933
1073,2c36a6a93c04b4dc,15fc217f5da751cf,105,0,-1,2884990933
1074,c1e8e4d3e81cd6f3,562fd2a78d32b8d5,106,0,-1,2884990933
1075,7e273b9b6bc3d422,17b7b77405db4434,107,0,-1,2884990933
1076,97f2ec9346b49bfe,ef271006cddf4d42,108,0,-1,2884990933
1077,c6f01b328955c0b9,b557ecd0e9d3b086,109,0,-1,2884990933
1078,35f2afdfbd79be10,363f6c262bc60d0a,110,0,-1,2884990933
1079,8296960af76e7f9b,13fdd5fb5236ef80,111,0,-1,2884990933
1080,2a5d684ecd20ca25,8894d709f9b6aafc,112,0,-1,2884990933
1081,9fb3ad8d1f79389c,2be22e02de049eed,113,0,-1,2884990933
1082,9fb850fe4f50423a,f717264848b2f725,114,0,-1,2884990933
1083,d97569f77509dd4f,49a9827855888b69,115,0,-1,2884990933
1084,5288d7f3232bf060,a1f9bcc38d357ca9,116,0,-1,2884990933
1085,0ad560b13e1ec11d,483dfc9175d2ff5b,117,0,-1,2884990933
1086,fb6d15b29a50b12c,6cad592f3badf993,118,0,-1,2884990933
1087,767126f46c765e06,03b176460fc28300,119,0,-1,2884990933
1088,04c3d0a4c24f9a3a,2e2337b57e8f5292,120,0,-1,2884990933
1089,5d900c5e6e1ccf71,a482a96fc399d960,121,0,-1,2884990933
1090,81f2efad3d9146dd,6c20e9ba22d456a7,122,0,-1,2884990933
1091,2b39261323f09308,7144add4f301cc5a,123,0,-1,2884990933
1092,05a8f0a1090adaf4,8c00892735be8f37,124,0,-1,2884990933
1093,0c050be98bd03b19,12081b81c908f60d,125,0,-1,2884990933
1094,1a95907ff613a50a,31ef76a2550c68ee,126,0,-1,2884990933
1095,c8c3def2cc8e7100,db25c0c5bd5e4370,127,0,-1,2884990933
1096,9043bc147f082529,607cffc099c6079e,128,0,-1,2884990933
1097,0336823dfa24d950,8777eaabb714e667,129,0,-1,2884990933
1098,39093da6d9a951cf,079667b8ade155e3,130,0,-1,2884990933
1099,e22de3bf9f8fc992,d0627255704d46f7,131,0,-1,2884990933
1100,6c72006e6a085633,6bb1dc9fd3b5c3c4,132,0,-1,2884990933
1101,6fba3a498700de98,56c88a93c9174d7d,133,0,-1,2884990933
1102,008606cf3d3a59cf,badd16b44c59ce23,134,0,-1,2884990933
1103,00169fb25591fde1,8588966cabee1fb6,135,0,-1,2884990933
1104,f1729ec6be317b46,d80509e942f129f4,136,0,-1,2884990933
1105,561f79060c82d09f,cbeb87ea685f6f22,137,0,-1,2884990933
1106,5d80c300734feed2,04ef3193893e4dc2,138,0,-1,2884990933
1107,fe6e94f559df91ed,188d91a1b7c5bfb7,139,0,-1,2884990933
1108,4c4a500ae890177b,74b47255004af5b2,140,0,-1,2884990933
1109,9ed7e469767db7b7,e504e71ecc9c31ea,141,0,-1,2884990933
1110,2856125d4f7ca058,5b54c6d2af40396b,142,0,-1,2884990933
1111,c479f3a8204fe570,79ea247cf1f62c5c,143,0,-1,2884990933
1112,1bc515e1c1d2f8fa,1b09e6a5dd451d0f,144,0,-1,2884990933
1113,ee331cc203b12ae9,f22d02a239ea00cf,145,0,-1,2884990933
1114,076bea4355ba2492,fcc6d68882a950e6,146,0,-1,2884990933
1115,2adc2b4d08b1e646,8b014b759baea96e,147,0,-1,2884990933
1116,a62684441a36f6a8,0d60c9d642454880,148,0,-1,2884990933
1117,6a3e26facb98523d,4dcc708eab3af845,149,0,-1,2884990933
1118,dcfbddeec624a2d4,691520c395dbebb9,150,0,-1,2884990933
1119,85183dbea1b52317,b231fb4dfa281de2,151,0,-1,2884990933
1120,18a55cf022e0d008,e3c1eb7bfdb68863,152,0,-1,2884990933
1121,2642a1c5e46dd223,3f51d940da7d0ad1,153,0,-1,2884990933
1122,c3173018698d9212,b865f707ca40fba3,154,0,-1,2884990933
1123,78a1cc6a648f9342,01cd102d7bb8731d,155,0,-1,2884990933
1124,ce238f78557b4342,5c44cd5ab11c5479,156,0,-1,2884990933
1125,855c513eb525c2c3,3ee7b169fe49ce46,157,0,-1,2884990933
1126,5629f561e2d73f5e,8190381c755694a5,158,0,-1,2884990933
1127,3e213d74a3477065,c1642b43ae406619,159,0,-1,2884990933
1128,339d04df01c89ded,4a55ddb6c688e7b2,160,0,-1,2884990933
1129,89b5f02587e8a1d1,06ed8d11393b90f7,161,0,-1,2884990933
1130,1b6673efe5d560b7,f694bd10e1bcd725,162,0,-1,2884990933
1131,baf1ae870d9cf560,bf1c282df7d6fef8,163,0,-1,2884990933
1132,9283779445ecb03f,dfcdae5314d372df,164,0,-1,2884990933
1133,804fcb4ad40fe916,cac48051673d529f,165,0,-1,2884990933
1134,f8378e6d4ce81171,b87d2792f03b87a2,166,0,-1,2884990933
1135,0777ac5222017425,2a5389cbfb79e59d,167,0,-1,2884990933
1136,f46277579f305b9d,6dc2795cd62b601f,168,0,-1,2884990933
1137,fd4cbabb1f699579,ed445c667a628298,169,0,-1,2884990933
1138,988585f67715935f,0c337c2b02b6a6d7,170,0,-1,2884990933
1139,a13fce40edde8a9d,d3e522f622bc3828,171,0,-1,2884990933
1140,17148faf3e97781b,9f7b631680a92af4,172,0,-1,2884990933
1141,883fabdb94070b83,5aeb3cd3b6136438,173,0,-1,2884990933
1142,0357e48ff1ddf733,1128c5938f58bab3,174,0,-1,2884990933
1143,4f397d6bc3a66a9d,ce2b130230e44372,175,0,-1,2884990933
1144,7466bb1f518e576c,e4dbf470fc7c90ad,176,0,-1,2884990933
1145,9b8ee3b189e67806,1190ccb4c9aa5708,177,0,-1,2884990933
1146,261fffe149c811b5,c6e588369b1841e0,178,0,-1,2884990933
1147,4ff93ecabb26d169,887ef558a14b89a0,179,0,-1,2884990933
1148,20f2d09e82b049a6,96b92426bf146a9a,180,0,-1,2884990933
1149,ef7084683d144cf2,933cd39496f7c517,181,0,-1,2884990933
1150,fa5ca6abc0d33e04,cefdc07d7400fe93,182,0,-1,2884990933
1151,79a56b3641d72b23,5b8d76305ca1e80b,183,0,-1,2884990933
1152,13831cdc6f7b1b0b,bd8bb887257f61bc,184,0,-1,2884990933
1153,dc425085374129cd,e056f3f5b6bc04f2,185,0,-1,2884990933
1154,065478b47310068c,8ad58f8f1281e2b2,186,0,-1,2884990933
1155,f319f280d22fd739,f1a22c57bb7ce6d7,187,0,-1,2884990933
1156,8739fd0d7ef21ea9,44e1f87f5c416d2a,188,0,-1,2884990933
1157,2786109ba01d3d50,6fb641005d67c7ff,189,0,-1,2884990933
1158,a828b6759d3a92d5,9e16c432a57a2717,190,0,-1,2884990933
1159,2e3666c191d280ed,7d9d6aaf6d6ca6bb,191,0,-1,2884990933
1160,15c46418bd797493,198ee1a3736f32ce,192,0,-1,2884990933
1161,dc2924a0f64463e2,492ebb45aaac3457,193,0,-1,2884990933
1162,39d02e1952bda2c4,1ac9ccd75000e2ee,194,0,-1,2884990933
1163,e08b02fe0ef0a13e,112c981cb69d1fb0,195,0,-1,2884990933
1164,db0e31d88cd4949a,7e660e9ebe45d299,196,0,-1,2884990933
1165,24ccad5bf50c3601,a839d728a89a3f96,197,0,-1,2884990933
1166,fea8f03724d79c66,df994bf765c5a12e,198,0,-1,2884990933
1167,0123ce4903cb059d,3b95be932b484916,199,0,-1,2884990933
1168,2403910892dced80,5852699e36da0be0,200,0,-1,2884990933
1169,ce118708dd6ca66c,f80c3d1aaa52d72f,201,0,-1,2884990933
1170,f835decbaccd783d,93f354f1e9738922,202,0,-1,2884990933
1171,bc9b424fb1f249ef,c3a2ddfe0f71d664,203,0,-1,2884990933
1172,3122fac57d2387ce,76ab70aee93c2832,204,0,-1,2884990933
1173,8a946bbed8ddbca8,bc68a875890d9dd2,205,0,-1,2884990933
1174,d7d6c396a6f3bbec,74df805cc3bb51e8,206,0,-1,2884990933
1175,a4b0f1338ecdb111,cff64b7e38cec703,207,0,-1,2884990933
1176,5d2aeb2b9995c563,4b1fb4f2ff6b9df5,208,0,-1,2884990933
1177,3615676e242105d5,b15ad62bbe28abb3,209,0,-1,2884990933
1178,b2713d2ef5ea27f1,24fb90735de3f75b,210,0,-1,2884990933
1179,b8d7ee70bc3c544a,26d76c89ad13ed6c,211,0,-1,2884990933
1180,fb4a51598bcb038e,a6eaeac9882ac2a9,212,0,-1,2884990933
1181,f39ca90193825160,2bc0031b5ed21a38,213,0,-1,2884990933
1182,137acb922f141013,93aaac41ff969196,214,0,-1,2884990933
1183,4131f7e97fbfec02,841f9e676d6888e1,215,0,-1,2884990933
1184,418b7750338b2a8e,8eb9118b62bdba00,216,0,-1,2884990933
1185,917fe137e7a4a8c6,859361da5dd25f3a,217,0,-1,2884990933
1186,a483dacad4654b36,09a787fd55f7a34a,218,0,-1,2884990933
1187,9aecb923895afc96,5726475019137ae4,219,0,-1,2884990933
1188,b6179de477904d54,3eae1c94aca81dc0,220,0,-1,2884990933
1189,ef25a8cdfd618055,e3663e513d1cebf1,221,0,-1,2884990933
1190,62fd6de452b5e4b4,3707ed8943ff4068,222,0,-1,2884990933
1191,e212c6436017679d,9065e440c71bf37b,223,0,-1,2884990933
1192,8f1eb889b404e761,063d399e5e0fb870,224,0,-1,2884990933
1193,e42b79a8a252fb66,557131e267be925d,225,0,-1,2884990933
1194,bb86008ac1bdd62b,2e56da137bf7fc69,226,0,-1,2884990933
1195,57481be2f9b67892,c065c21507210d36,227,0,-1,2884990933
1196,f9e6fc27378f334a,7298da5649f80c6a,228,0,-1,2884990933
1197,4efd7c67272aced8,ab2fc8cb6acd7df8,229,0,-1,2884990933
1198,61ad9cecf36afdba,1e99aeaca4445af0,230,0,-1,2884990933
1199,cf426c6b39bf18af,26a2fd0fdd4d1a77,231,0,-1,2884990933
1200,c1cf47684294db27,e943150e2350efc8,232,0,-1,2884990933
1201,483c7178b7842a20,b85f340942cc4130,233,0,-1,2884990933
1202,95459eb1cc93a4ea,44c286782a492459,234,0,-1,2884990933
1203,5f469722fd8aeda4,df93f647d8dd6c5b,235,0,-1,2884990933
1204,7fbfa326f46b514a,306f0efa933d622f,236,0,-1,2884990933
1205,c253bb4d6da4364b,f4708d69b3da2933,237,0,-1,2884990933
1206,c39e5f2d2021ea83,64ca2b5bcfb26546,238,0,-1,2884990933
1207,3a698467227e0710,b010e26e26eb56a0,239,0,-1,2884990933
1208,4bca0227b88dccb4,b2db891dd34983af,240,0,-1,2884990933
1209,3d91196214878479,bd11330974908af0,241,0,-1,2884990933
1210,425d59ab70674703,a5fe162de10ed408,242,0,-1,2884990933
1211,73a8102f82d88911,ef9f256222f520cf,243,0,-1,2884990933
1212,40b83a852b9e46a8,a2b4dafa1f2a5e94,244,0,-1,2884990933
1213,d2ea74823e12becb,f0814569438959d9,245,0,-1,2884990933
1214,9f64a904a68afe9d,c1aa9e10c9d8a3d8,246,0,-1,2884990933
1215,9cd43ff9364f4265,e585f2dbcbed290d,247,0,-1,2884990933
1216,dfe7a778c2c5f81e,425f0b357c38cfd9,248,0,-1,2884990933
1217,1a5f3480a2e7eed6,bf11145ccb04dd62,249,0,-1,2884990933
1218,67784e87e611134e,f959730de33c0f78,250,0,-1,2884990933
1219,18f54624409100a4,1d79313e84232001,251,0,-1,2884990933
1220,1584e9eb8d5c050c,5f236f1309c0075a,252,0,-1,2884990933
1221,7caaeb98f4bebe9b,148a429bcfc65946,253,0,-1,2884990933
1222,80636719e5657e4b,b1c02d3d451c2f32,254,0,-1,2884990933
1223,291e23092a9a2493,e3fae3d5a8c95179,255,0,-1,2884990933
1224,aa8f0d025080f831,4757a3f338cbe8e9,256,0,-1,2884990933
1225,a35c29306004753f,359b17160b978576,257,0,-1,2884990933
1226,0bef410d65148c90,6a9e75185097cb41,258,0,-1,2884990933
1227,3bf51b1e6f5b6200,0534ea9c1924adad,259,0,-1,2884990933
1228,8b9d01af061313b0,fd95b8dd04809564,260,0,-1,2884990933
1229,25ffe8b594e45997,87d79cd128793223,261,0,-1,2884990933
1230,8abf583effec2667,5ea38e8ab4788d72,262,0,-1,2884990933
1231,85207684d93b3fd3,5589ef693b26baec,263,0,-1,2884990933
1232,7672684240a8f323,7dd2dce826ee68c1,264,0,-1,2884990933
1233,7e75da66688c3943,bed0430e5ddcc3f2,265,0,-1,2884990933
1234,c32b27d3cf411b7a,5b2584e2d3cf12c3,266,0,-1,2884990933
1235,89934b9720efef7c,528537cefcf68a0f,267,0,-1,2884990933
1236,fdbe6b1b9c823425,5ddd0b6ee0e44891,268,0,-1,2884990933
1237,f51c9c9f16532f6e,6cb67dcaf5e5a298,269,0,-1,2884990933
1238,0ba4f40546404bcc,dae7b01a96c38308,270,0,-1,2884990933
1239,642879bf44b36387,d4c10aafff012edc,271,0,-1,2884990933
1240,ba2b75187c2f354e,e704d1af6ff7f8c4,272,0,-1,2884990933
1241,c09fa460c9049d08,8ee328a954de1366,273,0,-1,2884990933
1242,5daea944e40fdbd8,6e7c4e3550dbce52,274,0,-1,2884990933
1243,5d691e6bb839e26e,7ef65d2f5be48d5e,275,0,-1,2884990933
1244,6ab4d9f02857d4e4,7fadcb2fcc3dff56,276,0,-1,2884990933
1245,7eb760a883de6fc6,3235e6bdee3021dd,277,0,-1,2884990933
1246,ffa72951af447da6,f742e05c6eecc676,278,0,-1,2884990933
1247,77dcef0f8c4297dc,6fcf4fd222fc50a4,279,0,-1,2884990933
1248,0c5f6cd359f09ba1,7d6091330d25d0d4,280,0,-1,2884990933
1249,5fbfa6b9b3123b6f,6b453aa942b6b6af,281,0,-1,2884990933
1250,572df2a4579a1374,1ba6cc5759fe7c76,282,0,-1,2884990933
1251,7ac84ff5d437b465,df2628f540596a2c,283,0,-1,2884990933
1252,c845b3f4f5ffba7b,c65528cfb313aa50,284,0,-1,2884990933
1253,4406a27ad7c3819c,ace19845560b34b3,285,0,-1,2884990933
1254,f4437c3a514cf4da,6d2a26e700b8d342,286,0,-1,2884990933
1255,f04f620cb9310399,ae358e9847df4d9a,287,0,-1,2884990933
1256,4a80c3de59bde921,be4fbde8dbcb0455,288,0,-1,2884990933
1257,c04f604974bbd822,f1705ea1a18f24b3,289,0,-1,2884990933
1258,0a69fc94325267b5,11e6dd2e0f787122,290,0,-1,2884990933
1259,a1f279a32860add4,970ea154971a076f,291,0,-1,2884990933
1260,934a39b8166cbbaf,32d373c73fb7187a,292,0,-1,2884990933
1261,196d397b601fc9bb,22629198ef0d8a16,293,0,-1,2884990933
1262,32b03de196e65720,754cd20643474374,294,0,-1,2884990933
1263,2023dd0ecf34ebb7,c076cbed7cb9ab87,295,0,-1,2884990933
1264,d4dcbddb37e29038,4aa22b21a30ad1f1,296,0,-1,2884990933
1265,2935cfc2c0a7bcb7,4d93dca9a97de55d,297,0,-1,2884990933
1266,5e2c09b5831cc7bd,e9c5aeefc75f5e6c,298,0,-1,2884990933
1267,dc4d27e07a532caf,976fa23c8d26261c,299,0,-1,2884990933
1268,e228d3722f17d29d,f39b426277fb5188,300,0,-1,2884990933
1269,44f49888d6b2a15f,18a8bb4d3d859b7b,301,0,-1,2884990933
1270,6731855c1a7c1597,21c3859635354e81,302,0,-1,2884990933
1271,0917c3e09a27de68,9ddb6f1d38011664,303,0,-1,2884990933
1272,8b779a198ee7b028,1e518e75524aa200,304,0,-1,2884990933
1273,750298b9f3b140ac,e0f484ab2916633e,305,0,-1,2884990933
1274,5df3de8beeb6c6ea,4e5760a60275c564,306,0,-1,2884990933
1275,501ee249c2190774,ca0d25c0008355b7,307,0,-1,2884990933
1276,75b6c449d68362ea,65ef7977d19969b8,308,0,-1,2884990933
1277,ec8734a8f87ec066,e7b473dd5e7d2602,309,0,-1,2884990933
1278,8a27a08cd499a9c1,2759c53957a5b41c,310,0,-1,2884990933
1279,c58242424eaa4d73,0ba67be73e98bb64,311,0,-1,2884990933
1280,d69549f9e9595c37,7e6a09b24b48a8b3,312,0,-1,2884990933
1281,0f30c564ab9a70bc,29c6cb688a67635f,313,0,-1,2884990933
1282,2347a9d37a237d27,bc6fd545c24cb52f,314,0,-1,2884990933
1283,a8e881a703c59f22,daf30484fe6b1858,315,0,-1,2884990933
1284,027db187bbe7db11,c090908909e9ba52,316,0,-1,2884990933
1285,ab9a3893b46ef343,c5f6c971cdc574c6,317,0,-1,2884990933
1286,7102ee3ef64f5959,442c381f2e456efd,318,0,-1,2884990933
1287,b2690162e46cb587,946e3d97f41f724a,319,0,-1,2884990933
1288,57d8284de41622b0,a01052eb4a730864,320,0,-1,2884990933
1289,f5a9d25faea7bbdc,c26f7a3d2b7beacc,321,0,-1,2884990933
1290,2c7d07c5b3c60fe7,2c30506247bade8c,322,0,-1,2884990933
1291,7de9e8ec6ac78259,689cc257d7812d70,323,0,-1,2884990933
1292,b761ce8ddf6ad73f,950509e963c78a1d,324,0,-1,2884990933
1293,9ae9eef75e461b0d,96f78bb657c5b607,325,0,-1,2884990933
1294,a69e0cbd5fe8f1de,2c12241fe55e9620,326,0,-1,2884990933
1295,b3fd52e06d482e83,4ab77c9ab849a7f3,327,0,-1,2884990933
1296,df38c6bd73085baa,9a0dc2a1bfdcebfc,328,0,-1,2884990933
1297,28baacf301178d89,cba8efd6a1eb7666,329,0,-1,2884990933
1298,ac95aa0c7833f3fc,68063d6fb735f2ce,330,0,-1,2884990933
1299,e39e978015a63d2d,d8ee2ae286d096bd,331,0,-1,2884990933
1300,b189746731fe0a91,b05f3b9f0902da62,332,0,-1,2884990933
1301,7f20a4932aef930e,7506c4aafe5e09a9,333,0,-1,2884990933
1302,817b9e72889cef04,de21eb0145fcecea,334,0,-1,2884990933
1303,124962bce1c601bc,a4f86adaecc818d8,335,0,-1,2884990933
1304,32c1cd41f64acf0b,a9311b0a141c8bce,336,0,-1,2884990933
1305,9952fda409bbf08c,feaf0867680f6173,337,0,-1,2884990933
1306,730dc028d165a6b9,fedeb115d72448f2,338,0,-1,2884990933
1307,3334e86d9311fa5c,618de0a80248a9e0,339,0,-1,2884990933
1308,fabd520b5c0f9f25,035283d1d43e7b83,340,0,-1,2884990933
1309,22eba8430487e223,83e35c6d048609df,341,0,-1,2884990933
1310,5fb6f4cdba2011cc,07bd5628240915d8,342,0,-1,2884990933
1311,b6d79b0637c0414b,d15b9ba66d4f78e6,343,0,-1,2884990933
1312,e7d3fb3b2205946c,5d93a78873aed4d1,344,0,-1,2884990933
1313,d3f64da9fad74e20,a269420612a35f1f,345,0,-1,2884990933
1314,2d233231d373bcf1,861ba2f90d01e1ba,346,0,-1,2884990933
1315,04ecf230116a3278,b85eb5e73e8f45f1,347,0,-1,2884990933
1316,3760978447266e1a,9461c3b1c04cda23,348,0,-1,2884990933
1317,a80e5c8259f0c895,67c3fdb15cd48567,349,0,-1,2884990933
1318,a504fa185f1d7a76,5f4372060b6a4be3,350,0,-1,2884990933
1319,b28d55dc50f44e76,5ae8437237ad0246,351,0,-1,2884990933
1320,1415a05726dc9e2e,c14a34f88ebe1f94,352,0,-1,2884990933
1321,28a0fed367b951ca,192806da0347209c,353,0,-1,2884990933
1322,33ffa1051643ec7e,b4367a6e982c1eba,354,0,-1,2884990933
1323,c48f2adb885d7da7,23e50ec4ccf37078,355,0,-1,2884990933
1324,56828e5176f2b2f3,0487198744eecc90,356,0,-1,2884990933
1325,e5b086006f953dd1,a753e4398896f1ac,357,0,-1,2884990933
1326,d1cd847aed0bcde3,e965d012f8ddf042,358,0,-1,2884990933
1327,bc4833dc5196d9da,414afa49da5089a1,359,0,-1,2884990933
1328,d1a51e32b7c53b83,2c0f68357b31e39b,360,0,-1,2884990933
1329,4fc4ae3c285fd32a,a2d7612feecee3fc,361,0,-1,2884990933
1330,379a46ec8085347f,fb15ac97ada4b904,362,1,-1,2884990933
1331,8c3339cae295f1fd,af13ddee0944d8b7,363,2,-1,2884990933
1332,b9e4b080b115c950,9e7cafacae536b57,364,3,-1,2884990933
1333,a104d9efdded3a8b,1cebba1efe507516,365,4,-1,2884990933
1334,f0c4ada4b0c8b73d,8f92aaa78f638394,366,5,-1,2884990933
1335,4c5eb6b6691f95b2,3f783c655fc32ca8,367,0,-1,2884990933
1336,19f4f46974ad3357,8b1b3c6809b2752b,368,0,-1,2884990933
1337,66cff850229a3560,0770ff6e79906df6,369,1,-1,2884990933
1338,c253cc115335a79f,68c653c654e2ae19,370,2,-1,2884990933
1339,ee60a5adc1f2abf1,7ee0f4876161db9a,371,3,-1,2884990933
1340,8a73a741d665aae0,bce234eb3d5025c8,372,4,-1,2884990933
1341,51fbba4cb423ac31,d904f8af147e5d46,373,5,-1,2884990933
1342,5b95645e6bbd3567,7489731b3acdca55,374,6,-1,2884990933
1343,b5a247c750a78d44,f66a5e9ee6110eb3,375,7,-1,2884990933
1344,911577fedc581725,8d7fb8248ebcef75,376,8,-1,2884990933
1345,e4f8068d56d393a4,82f56aa5c67c88b3,377,9,-1,2884990933
1346,166cb1fa7118bb82,6a97867b31439b4c,378,10,-1,2884990933
1347,6c034d36041a9c7e,f877a9ed80d2487b,379,11,-1,2884990933
1348,298ef9bd47f9a7a7,bf778518a46eb6eb,380,12,-1,2884990933
1349,6d8448a11d7fbb69,6efc37580af117b8,381,13,-1,2884990933
1350,28a23bb7132f922e,97d87001202f1f79,382,14,-1,2884990933
1351,511e7c859c208c2e,3d03c21800450c89,383,15,-1,2884990933
1352,df213d2443ab3309,2d0318293088b591,384,16,-1,2884990933
1353,2cb3c82d6455b330,50bbccc739705e68,385,17,-1,2884990933
1354,f0b35365241b89ec,5935254b73b8f5ed,386,18,-1,2884990933
1355,6732751897865123,1efed77523b86564,387,19,-1,2884990933
1356,65e49063342a5f60,54a90f26406a422e,388,20,-1,2884990933
1357,37c111a4424adf27,17c4a074edddbf4b,389,21,-1,2884990933
1358,81cb519edff8c0b3,52255f2bc87865c0,390,22,-1,2884990933
1359,e0fa037dbafdc41b,d4acee6cde4bdee6,391,23,-1,2884990933
1360,57ff045f74a2b469,b8415b4a76938e9b,392,24,-1,2884990933
1361,5303745abed1d599,5dc6673e72062ee7,393,25,-1,2884990933
1362,f5c97d61cecfc809,00a0994e1de3a243,394,26,-1,2884990933
1363,8ea1f5af070ea7c7,957e10a02d74136d,395,27,-1,2884990933
1364,af7a76dce79ec259,4753003afb5bcd54,396,28,-1,2884990933
1365,7f7d298dd54408f4,b877cb6d34617b7d,397,29,-1,2884990933
1366,be76ab32838b683f,792a01b1227c1fc9,398,30,-1,2884990933
1367,3af1e19fcacabe8d,3d3a87c361b372c7,399,31,-1,2884990933
1368,03a47790813e3a19,d72e554587d17bfd,400,32,-1,2884990933
1369,515155c67dc7c394,7ca3e87daf2f5216,401,33,-1,2884990933
1370,529863840d043d6a,a7171f36e09bcb3b,402,34,-1,2884990933
1371,aefe2383a70e60e3,f424b8f6944d6302,403,35,-1,2884990933
1372,9b8e1ad3a1d0ca3d,6f805a1b9c9add65,404,36,-1,2884990933
1373,9441ff4a8a8cc7f4,7a44a69d8e70be4f,405,37,-1,2884990933
1374,c21baba4fc816f9a,3b20b13944ddea1f,406,38,-1,2884990933
1375,5c1ef6c32c1865fe,8ca4bb23c1f1661c,407,39,0,298422484
1376,72e0851fae259f93,7e7d00d546df8bcf,407,39,1,298422484
1377,6ae3a3635d610ffd,5312998078e3ff5b,407,39,2,298422484
1378,e0fc7e88e010eef2,2bf0862c79c56bb9,407,39,3,298422484
1379,aad34c91fa5acd1a,4f6c823ca1852bf7,407,39,4,298422484
1380,303672508c739b53,dd32c86877f3dcb8,407,39,5,298422484
1381,ba13c1193b2404b5,984ce7c0af38cf96,407,39,6,298422484
1382,d76cdb33eb856b8f,b2f8f3ebf6c233e4,407,39,7,298422484
1383,65b24ccfecef101d,0681c136e2933eaa,407,39,8,298422484
1384,3dab8f2682409bf9,bfd8de1d98dec3a9,407,39,9,298422484
1385,2b33710078891636,138055730329a5e4,407,39,10,298422484
1386,50b9ffac63ba5cb6,c3a7e0258d2c8303,407,39,11,298422484
1387,e98eed9b8cc67e23,950ba48fb9eedfab,407,39,12,298422484
1388,c1b760963206e224,88136a61b8df7cd8,407,39,13,298422484
1389,d578b3f0e47f677a,5c176c2677d53944,407,39,14,298422484
1390,227dcb8c4cea4ec4,be87d88f84252cf9,407,39,15,298422484
1391,08abbce3cdbc5098,fb4d23c4ca8a8461,407,39,16,298422484
1392,5b5ded965f72c86c,74c56ba75453f35f,407,39,17,298422484
1393,08c10a56bed7578d,19318e4482f58bef,407,39,18,298422484
1394,6fd82e0be8a945f3,573554b19741d069,407,39,19,298422484
1395,5de4995669998095,f0891429c6041f0f,407,39,20,298422484
1396,de8e9ae022e6a061,95d8278dff9923ab,407,39,21,298422484
1397,8766a51ac89d9ea7,4d782cc10da79bb1,407,39,22,298422484
1398,a37b68279a117b73,3ca7a95c7cad8431,407,39,23,298422484
1399,b1629a45f9795542,50d1336cda018f5b,407,39,24,298422484
1400,539b170f54f017e5,3383df2bf0818f1d,407,39,25,298422484
1401,60a948c3754631d2,b53a18d681a222fb,407,39,26,298422484
1402,ebe32d08752f50a9,5105748df8d4caac,407,39,27,298422484
1403,fe6dd171f9f851c8,55e0c92b0de6749a,407,39,28,298422484
1404,0c0c9345fb332425,c608eb7cca977b10,407,39,29,298422484
1405,1c3cc8da5fdabdb4,0c1a65ecf3436d5a,407,39,30,298422484
1406,fe478d6553b68dae,db4655cf9fa50827,407,39,31,298422484
1407,c0998e5dcf81d368,bcffd4b3f0248afe,407,39,32,298422484
1408,a55157024c640e3c,0c7511a4f7d127a5,407,39,33,298422484
1409,9625b02dd5cb653d,16bc16832527dac8,407,39,34,298422484
1410,b2839e3d363947f6,a0605b67b5ff9d4a,407,39,35,298422484
1411,e5983bcb94417b7c,2170a863e5e333e2,407,39,36,298422484
1412,73ee488ab1c80105,1d1bd40f62239896,407,39,37,298422484
1413,2d13fc6293bbbe3b,97143752d75a0d15,407,39,38,298422484
1414,5622080e758dc1c1,b52d38ec77e13cd8,407,39,39,298422484
1415,71fb8d373aead2b6,eaeb0648bda41325,407,39,40,298422484
1416,3ed6fe32a9929bca,c28d4e6bf057d543,407,39,41,298422484
1417,40fcf640f02f2b33,cbe9d62e38454f12,407,39,42,298422484
1418,cd80f76968909db4,7792a1e7a3ed17bf,407,39,43,298422484
1419,cd8317bf4a3c2b2f,1a8c2a6c26839a2f,407,39,44,298422484
1420,7280caa557a7abf8,0a025d0aceb74a50,407,39,45,298422484
1421,ea84dc9aa8667dd2,0e0f61ac0a480152,407,39,46,298422484
1422,afcc7e99f81bdf5d,7a80949ed0093cd2,407,39,47,298422484
1423,3d7dbd12a6dc47a8,ef65421a9c279145,407,39,48,298422484
1424,a0e8cb3a1080c9f5,13aa0a2049b7888a,407,39,49,298422484
1425,60f753f5746eb0e8,d5f5349426a6d067,407,39,50,298422484
1426,84e82ba0fa40fd47,6734037e86945db1,407,39,51,298422484
1427,1b12d059dcf4e4b3,dd813d12f78857a3,407,39,52,298422484
1428,00d0304f6e8f0ae7,f0e81b84385dee87,407,39,53,298422484
1429,c6d705345d86639b,397f4306b5713c71,407,39,54,298422484
1430,75bfe21871d1d30f,bbe18b50c422fae2,407,39,55,298422484
1431,0bb691379b91cc40,7ce4a776d887a14e,407,39,56,298422484
1432,8add68e3e696aed7,ea9dc1a31c36035d,407,39,57,298422484
1433,17a98ce85da4e38d,34247071e1b79473,407,39,58,298422484
1434,7f49d714d78ffbe8,0839abaf342e5017,407,39,59,298422484
1435,111c70a11b636fad,f7ec7f94f70aa101,407,39,60,298422484
1436,196e43e135538a28,619e90f1fb47052d,407,39,61,298422484
1437,3115c0eac4257187,ab13a4a8269e66f5,407,39,62,298422484
1438,a5d1e78d5f8a654a,c29692d60fce261e,407,39,63,298422484
1439,8cc89e2c4d342ebb,c78bf032d7d6b733,407,39,64,298422484
1440,5b74a152812bb863,26b2af26a054d50b,407,39,65,298422484
1441,26ae621a9adb0aa2,512b7f61c0f11df2,407,39,66,298422484
1442,5708604b38679015,90e04aeb55ab8aa2,407,39,67,298422484
1443,9733045064c91690,c371323a15b36cb4,407,39,68,298422484
1444,e93961171db15fe6,7be2a559ad11a5c5,407,39,69,298422484
1445,972855dd0d18ec0e,fe838ab4f6bee9cc,407,39,70,298422484
1446,4a17809c5e065fab,998dd3ce7f90777e,407,39,71,298422484
1447,7e1c9377e4e71719,5855f13eaccde9da,407,39,72,298422484
1448,072a03370dc3e0f4,85670289b11a6778,407,39,73,298422484
1449,2509ffb7b6fac921,afeaccd2800fc287,407,39,74,298422484
1450,ba09c557d4a9e157,cc185f5db5cd9262,407,39,75,298422484
1451,cbee20a7b0cf863c,94536ed9d32a4b17,407,39,76,298422484
1452,1094d3c4019eb59b,d14adb62cfc0fde3,407,39,77,298422484
1453,962a909adf878863,4d10bf9a50bb863b,407,39,78,298422484
1454,4d4a80a2bae34a93,6e097be5e8678acc,407,39,79,298422484
1455,f5f46d4b15110750,c4ed58aff8630e3d,407,39,80,298422484
1456,4d43fc78933bc250,a82d892a58a67410,407,39,81,298422484
1457,a70cf3a79a37298c,b2bb0930546e11f5,407,39,82,298422484
1458,60cb70038b8b5689,a0b795b3659cdc4b,407,39,83,298422484
1459,2ccdf4e251f21730,2e21cb495406349c,407,39,84,298422484
1460,30f27254c9c0a9be,9474bc5ad77eb4f0,407,39,85,298422484
1461,8e7290012ede9695,857ce699830f9b0e,407,39,86,298422484
1462,1ac1ae654c01131e,c5edbe727619ef75,407,39,87,298422484
1463,88a96b98aec21744,ef52a1214ed67c7d,407,39,88,298422484
1464,df49e921ba43ad2c,67ba528876b480da,407,39,89,298422484
1465,5a17e6304c8b406b,3e37945487b0a4c5,407,39,90,298422484
1466,c087f1f835d0adb0,407584cd826c4578,407,39,91,298422484
1467,db67383f3ffcea86,56afb8479a3298e6,407,39,92,298422484
1468,d84148593aa6915c,6d65cdbf364b88ef,407,39,93,298422484
1469,2a7f67124f769bc7,efea338f59ba789e,407,39,94,298422484
1470,a7ea793ccbd72992,2a1595b0a6f4d66e,407,39,95,298422484
1471,84622bd7cabd7050,fdc63e25f8f3227e,407,39,96,298422484
1472,37d6e13435e3b30b,2034666fb3b5c799,407,39,97,298422484
1473,abba95754fc6c5b3,62b96f0fd505093d,407,39,98,298422484
1474,c7a846b66d9028ed,f52045a1fd09a719,407,39,99,298422484
1475,008eb524363e8f21,67a75a6aa35c5f9e,407,39,100,298422484
1476,aae929c701aa0360,151dbaf4a3449e39,407,39,101,298422484
1477,2032fab7fa586201,a9cc6ce7fe696bbe,407,39,102,298422484
1478,75d1a9edfc47ef25,15c1024f9e863189,0,0,-1,298422484
1479,d0ababbc42a56838,3cc994bf025cbb86,1,0,-1,298422484
1480,81eeddaf49c65fb4,e873a2945a4c5cfd,2,0,-1,298422484
1481,f3be9c52db5ec040,077547c9a6506a8b,3,0,-1,298422484
1482,e0638fa40a26a5dc,f1affc506cf2cea7,4,0,-1,298422484
1483,a66fb62b5cab5ff0,7d928135cb2936b9,5,0,-1,298422484
1484,13ac5866291117f1,d3825244649186cc,6,0,-1,298422484
1485,49fb0aa4e53ab77d,d8a6541b7dc5f752,7,0,-1,298422484
1486,bf6ea7ebf4b5b57b,7b1ab13b149c74c0,8,0,-1,298422484
1487,4d1e331bd0d8fbea,cbedb31947e7086f,9,0,-1,298422484
1488,b97bf469d33d774d,58bedfcc737f47ca,10,0,-1,298422484
1489,40113f44117962a4,dccbd28dc5b579e6,11,0,-1,298422484
1490,85a391b16d9a0923,feddd55d7f0b55e5,12,0,-1,298422484
1491,063026124502f7f2,8b2b8c6b8c19857d,13,0,-1,298422484
1492,d7d8b582ce6305de,cde295aedcc5c058,14,0,-1,298422484
1493,e7631df27d4dae39,2be1439e023268e2,15,0,-1,298422484
1494,d858b08d8d44cdee,9eb2a4124ebc0571,16,0,-1,298422484
1495,e60c9231d223491b,68415970231e7d88,17,0,-1,298422484
1496,29e3297c614ab04b,b85455535bcb7a82,18,0,-1,298422484
1497,c675199e2ec991e0,087905eb22c914fb,19,0,-1,298422484
1498,86d85a595ce2730c,1b56f98cd07859c4,20,0,-1,298422484
1499,04725677b93293a9,2eaf9c996203f0b2,21,0,-1,298422484
1500,55c1604ae42caa15,89189a3c70678456,22,0,-1,298422484
1501,323e9df9279cda63,bc2670d626c1d8f0,23,0,-1,298422484
1502,3fd4f56c445aa0bb,e3ad6cee16c5b0b9,24,0,-1,298422484
1503,cde802c44adcf5fb,e1df6daa940db2af,25,0,-1,298422484
1504,b6d74aef019fc317,e02f8fc2ab060020,26,0,-1,298422484
1505,45cad51e0f5e8ec0,5cb4309265993fbf,27,0,-1,298422484
1506,f57181575e7eacc9,180cfd5bb375e6c9,28,0,-1,298422484
1507,973d46cc453b9e0b,50e1922582fe4405,29,0,-1,298422484
1508,2bcce63a8cc54225,61aa712abe758627,30,0,-1,298422484
1509,4a8c6db577fb249f,68049942cb9df236,31,0,-1,298422484
1510,f187e6d07365768a,d63891b7b8e21ec0,32,0,-1,298422484
1511,e0f74eb506d94b38,d7c5715bca2efc47,33,0,-1,298422484
1512,5e92bfd5fd87aabe,c6f3e945cc67edd8,34,0,-1,298422484
1513,5e18091f6a74c2b2,4dcb52c4bd59a4b1,35,0,-1,298422484
1514,1ccf4a97d7af1088,6cee6e671f6b3127,36,0,-1,298422484
1515,d471da491eaa8a33,a25c7f1786884cde,37,0,-1,298422484
1516,f4d7b3ca2177469f,306576ba18c90a63,38,0,-1,298422484
1517,2bb2afd8d1f82ef4,388e38bab36cebed,39,0,-1,298422484
1518,d0ca43c0cacd6d07,2f09001146e81fbe,40,0,-1,298422484
1519,687a43421b1ddd93,ead09a7b66b223a9,41,0,-1,298422484
1520,9bd3db192ca58d22,1853756979960d18,42,0,-1,298422484
1521,4cdd7669986e31e8,5fe905639f3a0ed5,43,0,-1,298422484
1522,edb8d11b5e8469db,8c7f649fcf5338e5,44,0,-1,298422484
1523,dde101771797b363,febdaed43a62b652,45,0,-1,298422484
1524,c8e0df76d1eedb6b,48730ad1efe21e93,46,0,-1,298422484
1525,298b2778857303c7,4fcf3b9d9b3c0211,47,0,-1,298422484
1526,e717552a10c909d5,7e7a08700aaf9ffe,48,0,-1,298422484
1527,4f8158857c3da4b3,3a142febd7a5ae8d,49,0,-1,298422484
1528,a2bf524b104e62f8,3af1cc56dffc79de,50,0,-1,298422484
1529,43544098b30a7744,3fe8da243579188c,51,0,-1,298422484
1530,36c71673fd917361,e8c0b342cc971fa5,52,0,-1,298422484
1531,2488c7fa0dede4d0,65916528ef2d95fc,53,0,-1,298422484
1532,1a3428f10a940d63,4263b77b9c8f2870,54,0,-1,298422484
1533,aae55f8534f605cc,45e552893c686bd3,55,0,-1,298422484
1534,087bb9a491cad6b1,83f3d6836ee5969b,56,0,-1,298422484
1535,80e30a86e3858ada,45a4cf13377f6ef7,57,0,-1,298422484
1536,2851b5d684c2e374,11c439c8548cd6f6,58,0,-1,298422484
1537,1c8e0f90c872cbe4,96f987af4f76ccb2,59,0,-1,298422484
1538,6c0eab007279f669,9c55da3f53d8b52c,60,0,-1,298422484
1539,32818e76dabe1b5b,ece4d71eb5e7a0e4,61,0,-1,298422484
1540,a95ab65e3811c9a0,8c639b31bfefe09f,62,0,-1,298422484
1541,baece450805f2ac8,88cb2e3314a46127,63,0,-1,298422484
1542,986c57a6dff9ec1d,fb562d7ba2076bb3,64,0,-1,298422484
1543,330f97656903f8e3,5fdb72ae9675db92,65,0,-1,298422484
1544,2937922b796b520d,8ca8f27c3348ae1d,66,0,-1,298422484
1545,54f616a0bfbf15c7,430bbf7783494595,67,0,-1,298422484
1546,5315fb2655a2d6ae,d7be10cf185914fd,68,0,-1,298422484
1547,cf1a2416b9ce886a,d40bb5ecad9d98d4,69,0,-1,298422484
1548,a18365eca4c18a3f,b03fb35e5735d203,70,0,-1,298422484
1549,cc9627c98b01c927,5b6bb246bb7c0079,71,0,-1,298422484
1550,7d7d21cc23404ea3,b58425dfdc07f2c4,72,0,-1,298422484
1551,70721afb106e1866,cd5f9ceaf65f8fda,73,0,-1,298422484
1552,ef17eb718f18e04c,2cc7f5b0ff837c94,74,0,-1,298422484
1553,bab7352b0ff0b44e,f71352712ce63fa9,75,0,-1,298422484
1554,e3f71891d77bf907,a52f0bf288bc17f1,76,0,-1,298422484
1555,22789040880062dc,336f3400677a1cb8,77,0,-1,298422484
1556,04fb7a257fc68db0,b18ea02d179da2bc,78,0,-1,298422484
1557,f802565c11473de2,1d635827d0dfc594,79,0,-1,298422484
1558,df6f7b6aaec2e130,e50ed30aa5cf8d51,80,0,-1,298422484
1559,da11893be02db210,e60f6224e6b98553,81,0,-1,298422484
1560,952b9071bcbe99b4,47034cb820334ce5,82,0,-1,298422484
1561,85ac7bb7dc8bbd38,56c9a83b036ca1ec,83,0,-1,298422484
1562,7728317bcca5be82,77f55fa043ff444b,84,0,-1,298422484
1563,3295e1a9c75c7e0e,4955e266fc094339,85,0,-1,298422484
1564,e1d59f48852d16bd,cb34a6e3fed88b9c,86,0,-1,298422484
1565,6cf5949c8edbd801,adad555b1dfe7ac1,87,0,-1,298422484
1566,a51567fad116b58c,9e6b28ef2217bede,88,0,-1,298422484
1567,5ce5625959f3896b,821e4871f7acef8d,89,0,-1,298422484
1568,a2059ba4c24faccd,b88e17e4febf370c,90,0,-1,298422484
1569,6cd43866b29e6e0a,f9b2efbce188d64e,91,0,-1,298422484
1570,a7404ed5240dc6c8,4c20252a14cc54d2,92,0,-1,298422484
1571,6bcf12e7dbf0d3b4,0d928ffe7833f685,93,0,-1,298422484
1572,37995a0f15953992,01e0866a0dcfc465,94,0,-1,298422484
1573,98f40b6063c18988,a041de4f25396b15,95,0,-1,298422484
1574,cbb3ee1901c5dd05,aa00561581c94913,96,0,-1,298422484
1575,1c3bc837c241dfe3,68865bc9b7bca11a,97,0,-1,298422484
1576,8374b723671a86b4,0e1bd49e0205719d,98,0,-1,298422484
1577,13feae86636161a8,1ffef5e9fe0b0dce,99,0,-1,298422484
1578,5c3ff6638c43e3b3,1e61c6c6cba2fd46,100,0,-1,298422484
1579,f8cc72c1976f6a13,46a40da1e25adaac,101,0,-1,298422484
1580,d57167045896bd91,9b4c4655dfa3e30b,102,0,-1,298422484
1581,2cf2dbd2eea33f7a,71bcd711d6c9d221,103,0,-1,298422484
1582,8515e84cebf35640,183168a908335b7b,104,0,-1,298422484
1583,1d78b65c4bdedccd,28f9a547fb0f7535,105,0,-1,298422484
1584,374f866eeef364a1,f63c525cf9133610,106,0,-1,298422484
1585,fa5814986bbbf1fd,7011aeca36cb7118,107,0,-1,298422484
1586,a41966061ea5ae2d,a5ffd85cb3ba0183,108,0,-1,298422484
1587,fbeae46e6faecd5e,d5b36fdd2e611c55,109,0,-1,298422484
1588,539e4c962257d2d2,8750c279343627de,110,0,-1,298422484
1589,e4f3f38fb2f4e609,1f6cd3a50348b2f3,111,0,-1,298422484
1590,c031d35d62590bd3,8aed20cd57072fed,112,0,-1,298422484
1591,2a39b9388c82d2bf,f14b64b755acc082,113,0,-1,298422484
1592,38e1628538dc4029,cebf7c9f62f9b9cc,114,0,-1,298422484
1593,1ece8f23f86fe592,a7567cfd5dd01e23,115,0,-1,298422484
1594,4c1732e5d11a80f4,c295ab940bf011b0,116,0,-1,298422484
1595,53e96e4fedb7daa0,61dcad66f25e846e,117,0,-1,298422484
1596,cc3d2f07b22e4273,018d637568339827,118,0,-1,298422484
1597,d53bfe60be3374b4,3007d0fcf8685b05,119,0,-1,298422484
1598,695c6d3f6ddf1816,65fc2f1a8a1931ea,120,0,-1,298422484
1599,085ba967a0d54da6,77f53961c4222558,121,0,-1,298422484
1600,5dde9f3492b8d718,9e78bfc686bfb3fd,122,0,-1,298422484
1601,c0be62362b6c68ed,0015ccd5f34f67b5,123,0,-1,298422484
1602,b4c988272c8f7d6f,c3c4ace4e4a33630,124,0,-1,298422484
1603,b08e3b8967fa25af,63d7ca015979f614,125,0,-1,298422484
1604,b3ee62b0943dbe76,74deb374e9d9b9a2,126,0,-1,298422484
1605,e269dcc7c65a9b21,793678192d3911e8,127,0,-1,298422484
1606,b66b8f6fa7d8d0c1,3abf9f5f5132b577,128,0,-1,298422484
1607,98346cbfff3a9776,ecdcc0140fc07b0e,129,0,-1,298422484
1608,e5fead4c710db7f7,e868173d63efa424,130,0,-1,298422484
1609,eaebfbf0ae1c0a59,a4d3c1dd980a9a94,131,0,-1,298422484
1610,bae7e1f7e6d931e8,e0e4c8187165b420,132,0,-1,298422484
1611,22996f6f3c1d5d58,a5650e4f930f480f,133,0,-1,298422484
1612,c2d196f3def9468f,fa00a2f67b4ea153,134,0,-1,298422484
1613,2ec23a89983ff043,4fac496c09f03850,135,0,-1,298422484
1614,bdf8fe7b6fb440e3,493590cfc1c2986e,136,0,-1,298422484
1615,f1c3eb3ffe397c9c,284384ed1ab1fd26,137,0,-1,298422484
1616,0655469c946f8b1b,87337df875af6eb3,138,0,-1,298422484
1617,129b7bd630ff42b2,e8181009e9cca9b9,139,0,-1,298422484
1618,ec6c58c67446c3b5,de61ac8988ad0008,140,0,-1,298422484
1619,5f61f14058788e94,6830ce416fd2c38a,141,0,-1,298422484
1620,8ea15cec8f0e5d9e,c857ee2ef7e7b482,142,0,-1,298422484
1621,dd1a329105d415f2,b3418b6b997ebd55,143,0,-1,298422484
1622,bca412fe615da9af,048bcfee04b7f64d,144,0,-1,298422484
1623,df35f54b665634b6,dc58f48f8fcffda9,145,0,-1,298422484
1624,7259f95e2b4397c9,de078b52810bb4b2,146,0,-1,298422484
1625,cc3143480c0b63a6,6fb8bff7a237b699,147,0,-1,298422484
1626,b61553565069ec73,017f7a3f0e2b2a08,148,0,-1,298422484
1627,b1d5b7a62a88afa3,e7bad78ebabd1ff5,149,0,-1,298422484
1628,be9ed1002342057f,53ef8e77f83c1767,150,0,-1,298422484
1629,7ac08646117a3a3f,6ac4e7c3b3599b4b,151,0,-1,298422484
1630,f64faf7fe69b702c,7718d5c7834944d9,152,0,-1,298422484
1631,0d03acb880c2452c,ec60da6bf2c2de2e,153,0,-1,298422484
1632,7a650cdcbe115b0a,0cb64af0edd8bac4,154,0,-1,298422484
1633,a0ccf0f9ce42ca23,c8e41427ab35952f,155,0,-1,298422484
1634,379b021327254e5b,099d4c291e83e41c,156,0,-1,298422484
1635,4ecbce39d36eadeb,61a5d422cf198433,157,0,-1,298422484
1636,5f271f101e9576c3,ea6b2101fcc88486,158,0,-1,298422484
1637,dc8912d2ae84f52b,b520c70495e9b061,159,0,-1,298422484
1638,d1123878e1385be1,70260c464ea245ec,160,0,-1,298422484
1639,59e9c62dc7f5fb92,39abf26e59f419d8,161,0,-1,298422484
1640,d7b84bc3837f66ea,d02e9433250dadda,162,0,-1,298422484
1641,d7c850a3ec124a57,0d379a0cf5ffa43e,163,0,-1,298422484
1642,ca02828c8b0162be,b377c51e7e2ec73d,164,0,-1,298422484
1643,344e52face844241,d17d2809f1ebc062,165,0,-1,298422484
1644,5edf44106007317e,32455dcb88d797e9,166,0,-1,298422484
1645,0e7e843a179f1ecc,5001a164465a32d9,167,0,-1,298422484
1646,f0c78806514543a3,f34eacc5ea826c98,168,0,-1,298422484
1647,e16df60612195f98,4955f040c47e30e7,169,0,-1,298422484
1648,927648398bf63e76,90300dcafb11f5b1,170,0,-1,298422484
1649,6793de8c54d90148,77c27f099db391c7,171,0,-1,298422484
1650,664c844b69579d07,a7b3bfc0a1065938,172,0,-1,298422484
1651,52d3dfdc541ceaa4,b9913d84133b4e81,173,0,-1,298422484
1652,92f4aa3805c18cd1,5811f90013ed6913,174,0,-1,298422484
1653,d5464a65dc87d250,31733ae6dcdd71ea,175,0,-1,298422484
1654,f68773f72ee7d4a9,bc0256450de486d9,176,0,-1,298422484
1655,caf233e7ad9c4e89,14502ec7a2ac7a98,177,0,-1,298422484
1656,fde04ed35632203e,2362ec44f89f32fa,178,0,-1,298422484
1657,3c49742d68d7d6ba,c1112938e3db5c5f,179,0,-1,298422484
1658,3fa897123d67c21f,61de5d1348edbd95,180,0,-1,298422484
1659,42c56471c5451464,f635cdcf5d086a61,181,0,-1,298422484
1660,460c8159d1a187c7,b34ef2124e73955f,182,0,-1,298422484
1661,60dac14aa9705a33,3e4e828cafea0c69,183,0,-1,298422484
1662,37e61db6959aeb88,edae10b084c07586,184,0,-1,298422484
1663,d7b797f82a6dd071,30adbccbda3fb347,185,0,-1,298422484
1664,e0a584d3cd01438a,db87fe98c04dcc47,186,0,-1,298422484
1665,45fec9e2badeba1d,847f7cba321e5071,187,0,-1,298422484
1666,917f07fe8caac2be,7c0c964a0b61cc31,188,0,-1,298422484
1667,a7502308325cc609,5d2e7bb6504f1372,189,0,-1,298422484
1668,9e35dac54863f17e,db2b0d958686657b,190,0,-1,298422484
1669,0245459613882a81,a08d299fb55a9580,191,0,-1,298422484
1670,76604ac0f5fb2a90,c880829470ab8e38,192,0,-1,298422484
1671,96f70efa502801f4,224bdc1baf40dd88,193,0,-1,298422484
1672,6711c2eacec7c3e4,23703c321974aaf0,194,0,-1,298422484
1673,b8dcd2470ab66052,280a8f4163130faa,195,0,-1,298422484
1674,56ab47e917d34199,7921ce876b523386,196,0,-1,298422484
1675,a1c234f830cb4529,a4e895143b23ff80,197,0,-1,298422484
1676,a71e7ece4cf7c878,cdbc09905b9babf7,198,0,-1,298422484
1677,162bcfb51bf57f4b,deb427ff18e6fb9b,199,0,-1,298422484
1678,9a87d5f68b8dfffd,da5b8489ab3d0914,200,0,-1,298422484
1679,33e134916433b4eb,2a17c90aa08154a9,201,0,-1,298422484
1680,314d4dfedbafeb0f,90ad75ea2ce516fb,202,0,-1,298422484
1681,d7813e54ebe0d190,603996d003d734cc,203,0,-1,298422484
1682,43c5d27ad212b49a,16cf1eedc1477dfc,204,0,-1,298422484
1683,6e743803e4f0d38c,e1118797447bbc65,205,0,-1,298422484
1684,a956c35cce19f07d,ec2387a62d7a33ef,206,0,-1,298422484
1685,6e431c2a953131b7,412cfdaefc5e45fd,207,0,-1,298422484
1686,f0c8dd9cd4a278cb,1e8d335c181414d2,208,0,-1,298422484
1687,a14fbac708c95c6e,98517068fcfd2f07,209,0,-1,298422484
1688,1751eb5b0c8a18b2,a6ac87e18ca228d3,210,0,-1,298422484
1689,dc2d9aefc8783ee7,0051fccdbcbf2b55,211,0,-1,298422484
1690,beacbde063d14759,cf71eaead3c5b24f,212,0,-1,298422484
1691,ee33eec26916681e,ddf3e314c2dbdf65,213,0,-1,298422484
1692,f3ae4f95b3a9ced0,9f0390c3320816b9,214,0,-1,298422484
1693,6379a65f85d52075,1ca7c0af6ec24943,215,0,-1,298422484
1694,d6fdc22224a26466,efa92dd40b6fd1cb,216,0,-1,298422484
1695,ead7e09529998d94,d2ef229937bfb202,217,0,-1,298422484
1696,f7d43e1790b02429,cd1acca36be0d34d,218,0,-1,298422484
1697,fa8830fd49d03f72,47d63523a5ee3c60,219,0,-1,298422484
1698,d6126d54b17d1352,a2b1f8a67ae2c9d7,220,0,-1,298422484
1699,716871ee2618bb9f,a3dfccdf57d0aa9b,221,0,-1,298422484
1700,3ae3fb32e7f52e41,e376955818639e0d,222,0,-1,298422484
1701,edf4f799a15e309a,362f43e2456a860e,223,0,-1,298422484
1702,85e97773b169e4d7,ae843565da0d2c90,224,0,-1,298422484
1703,7b77c3b33a8cc8f4,ac58fd09e61858ac,225,0,-1,298422484
1704,e38f4ca76fee3639,22154246292d495a,226,0,-1,298422484
1705,0129ca84bb558484,ba265b39369e61b6,227,0,-1,298422484
1706,7dbb343d7b14148d,2011a2cacdd3215c,228,0,-1,298422484
1707,d4503b03508ef10b,5112f1fcf490ac71,229,0,-1,298422484
1708,1f758152ed7e4d7e,631a5393cf952b5d,230,0,-1,298422484
1709,ca14d93303de6e18,34f69ce7450f39b5,231,0,-1,298422484
1710,9da636b1f225f571,0fffaf51b2304de5,232,0,-1,298422484
1711,331f70ab15489c53,a944bdf31b408931,233,0,-1,298422484
1712,c43389809bb1da42,e283c2201d31607d,234,0,-1,298422484
1713,180543a800c90db4,f07da200ab929296,235,0,-1,298422484
1714,3bc75dd90b4345cd,3bfd1cfd96138d22,236,0,-1,298422484
1715,95b662ae1bfc39dd,1cd04bacf1f18ae6,237,0,-1,298422484
1716,25a529335880db7f,c5b747aad11f7431,238,0,-1,298422484
1717,4954d92f8e32c0ff,e7b7fb90e41373dc,239,0,-1,298422484
1718,cfa91713bc4dd527,db439981bdbb53c1,240,0,-1,298422484
1719,40732defc353fefc,43e00901e914d18a,241,0,-1,298422484
1720,38a28d596b9d068d,1c72bb9d6166ad7b,242,0,-1,298422484
1721,18edf2568abd5d46,fd1efdb2cb0abf35,243,0,-1,298422484
1722,5ecad3b534a16826,429e2e95a1f49373,244,0,-1,298422484
1723,ccb10ce2897f3161,c8b6fcbcce064ea0,245,0,-1,298422484
1724,90f88459d3c9f706,ebc9274d53b904ff,246,0,-1,298422484
1725,125066c69a314337,c3e7ca7720de0d43,247,0,-1,298422484
1726,572f348d1ede3f5b,333bc57a56907763,248,0,-1,298422484
1727,bd70fc470251e21d,807b5ce0d6addc7e,249,0,-1,298422484
1728,6c0146e02f9480e4,2e0c92b45e2f2263,250,0,-1,298422484
1729,3ec125a799b6ef67,c03b14433baff8e5,251,0,-1,298422484
1730,ed2f2cc0e8f2f921,3fcedeef8276ae53,252,0,-1,298422484
1731,122ac488bc7e5c83,cdbcd15dd29eca53,253,0,-1,298422484
1732,b61c756abcbb9983,f5d796e2b0da8644,254,0,-1,298422484
1733,5b0664399e38ba33,14065480f5dd19d4,255,0,-1,298422484
1734,2a10bda28fbaa8d4,3cb78c3cf426aefe,256,0,-1,298422484
1735,5f2859b014ee1d50,e8265d0c037fbf75,257,0,-1,298422484
1736,e55fc3ede37162f3,bde61eab8c694fb3,258,0,-1,298422484
1737,d46ad3ed470008be,78a4e6c8399b329f,259,0,-1,298422484
1738,2aae7836debe1c44,ef208d662277bac2,260,0,-1,298422484
1739,59d09cf0b03992bf,701d545c265d356d,261,0,-1,298422484
1740,10b06129de3d2d20,e7a9ba5f1853d1c0,262,0,-1,298422484
1741,ae2d1b098a293737,3529933c86bc063e,263,0,-1,298422484
1742,d619428ec074c063,4c665cfbac63b225,264,0,-1,298422484
1743,04946cc6b6d326ef,67e23b537c793de8,265,0,-1,298422484
1744,f02d497a8fe87ce6,a786b3813819e1cc,266,0,-1,298422484
1745,288457c28d97805c,33af9f8a0d6c542b,267,0,-1,298422484
1746,e0418ad66292efe9,bbd87a777f96974b,268,0,-1,298422484
1747,9dec83838902e2dc,4e3967d178aed64a,269,0,-1,298422484
1748,9201e75b98163dfd,99f2887ca2a5f77b,270,0,-1,298422484
1749,d3a56e8e6e1ecd39,2d2b40c7678ea084,271,0,-1,298422484
1750,a7cf0d817f822ff8,0b0e585cc5328531,272,0,-1,298422484
1751,ab81c115a3948ac6,ac0d2852a795845e,273,0,-1,298422484
1752,cd5f07da2994af2b,a7c446c711812287,274,0,-1,298422484
1753,4602655070bdb153,bfa1deeda053e789,275,0,-1,298422484
1754,0a01cbe1a35d1e31,e84d3ecbee2e25ab,276,0,-1,298422484
1755,b83cdc3810ca8e45,8e23b3ab0048493f,277,0,-1,298422484
1756,ab44be3a5c0d3969,380b3b8e0a8400e2,278,0,-1,298422484
1757,ddc3ffa4237bac3a,06a20fe462e0ca74,279,0,-1,298422484
1758,b8e299a7f17ba964,a762ce2343520211,280,0,-1,298422484
1759,abb6b7cb5646f10c,a16f9dc0855ecad1,281,0,-1,298422484
1760,41c3b7dd1ca42833,d9258ac52bbc67da,282,0,-1,298422484
1761,3832a2ab48fd6a85,59a9b314e257cda2,283,0,-1,298422484
1762,2e865a4714dc183c,5da79987bef8efd5,284,0,-1,298422484
1763,a92ad4bcdf1a09b3,c51bcf19e318f628,285,0,-1,298422484
1764,27be34ef340dc808,019eaad5aa45e922,286,1,-1,298422484
1765,83eeccc2bfbfe0d3,2d61a103e41af6af,287,2,-1,298422484
1766,8f227e3dac1640d5,c16ff989636b920b,288,3,-1,298422484
1767,6ebe280ef32ad302,b8f296033eb337d5,289,4,-1,298422484
1768,13009efd51f477f0,b8c6a5fa0be9b02c,290,0,-1,298422484
1769,bf3070a5cbea4bb3,1da9fe86dc2729c6,291,0,-1,298422484
1770,b6746ceda7dfcba9,a9484f9ae0c40fb8,292,0,-1,298422484
1771,679635c8b13ec025,8a16ec327256d3d6,293,0,-1,298422484
1772,499c183ca7e5c4df,5e9a62d7c935b883,294,0,-1,298422484
1773,f29804fabe333d2a,67a841f2279eb973,295,1,-1,298422484
1774,80036d3682eaa3af,2978ddd16a6c7c5c,296,0,-1,298422484
1775,bc365a7e54e5f426,4458b706da1dda10,297,1,-1,298422484
1776,0733db59c9cc019d,9745373741cdcdfa,298,0,-1,298422484
1777,7e1fc8ca76a5db46,d7faf5123cb64923,299,0,-1,298422484
1778,627e42cbb7c3b1f3,20c6ff5217cfb361,300,1,-1,298422484
1779,002f12528c965774,b05b8a245985c286,301,2,-1,298422484
1780,7798fb459e678c27,3bcf9a3042510e54,302,3,-1,298422484
1781,b862db11b34c00d8,4ee704e75ae97ceb,303,4,-1,298422484
1782,0906bfcafeb82af8,937717f67b3964dc,304,5,-1,298422484
1783,d5d979156c338cd1,bf0d1d78607b4d35,305,6,-1,298422484
1784,5767b8bf3d5970da,b267aece67a75a96,306,7,-1,298422484
1785,2781a161862854ee,92014eed6c6f5540,307,8,-1,298422484
1786,acabceb42ba47fce,2e051e1aff3fe7c0,308,9,-1,298422484
1787,27f0b3b961310470,5c910a9aea006ef3,309,10,-1,298422484
1788,c17149a3cb0e33af,8ad6d8043ca41347,310,11,-1,298422484
1789,8de5f5146df8f348,d03ff2f633fd4ded,311,12,-1,298422484
1790,571757187d3db883,a3b65af91ad70b67,312,13,-1,298422484
1791,240ff59b8d489235,c524d9307084a591,313,14,-1,298422484
1792,c4b592fbcdea4ae5,035d154f9de4d7ce,314,15,-1,298422484
1793,3416f2ae80f24d6b,4051ab7202f37e59,315,16,-1,298422484
1794,7b9025489a3b4b72,f46ee62b4b701341,316,17,-1,298422484
1795,3d3d3de330e8e356,eae71570a22db93d,317,18,-1,298422484
1796,70aa2312296456dc,c5f336945a3cc00a,318,19,-1,298422484
1797,78513fb390fe283a,ca08677bd9d0ffce,319,20,-1,298422484
1798,d21324e705c0654e,296171f960cf3f18,320,21,-1,298422484
1799,26edb002f842a347,b0b8f95a6f5d2ee5,321,22,-1,298422484
1800,a8ef292db81b2cf9,9f7903005203b758,322,23,-1,298422484
1801,c5a8c18a61809a6c,5a0b473cdc845176,323,24,-1,298422484
1802,d8969f0299f47c33,a783069594fbbd41,324,25,-1,298422484
1803,0ceb9f8478cc5269,3ea5d86af7997334,325,26,-1,298422484
1804,0e4b75129c9f8162,909b201d36a54aea,326,27,-1,298422484
1805,a77ec3c59a1d79e4,8fe0e216e2f1709d,327,28,-1,298422484
1806,b8c1ad6848067dbc,a73ec1fa59c2e736,328,29,-1,298422484
1807,cc7899da92b96774,8ed0f2bd7fbcbe28,329,30,-1,298422484
1808,b0cdf6c667fec25e,2c7247250dd416ba,330,31,-1,298422484
1809,5c34b035e482d2e3,edbac9762e291fd7,331,32,-1,298422484
1810,de70f94f7a8e5c82,fd50ca55349445b2,332,33,-1,298422484
1811,b941bcab4221ec93,81449d2ec48b362c,333,34,-1,298422484
1812,aef958c061feea41,2426b4490cb1e3ec,334,35,-1,298422484
1813,e07cb0109126abae,d48dbcd765b087ee,335,36,-1,298422484
1814,e30a433ca7cb2006,6027e3fc83f2b97c,336,37,-1,298422484
1815,66ef4df5943d8ef1,83b773539394650f,337,38,-1,298422484
1816,43989262e2a71d39,979929bedcd3e81c,338,39,0,3221598183
1817,4a9fe8fc38a35311,c7276f61de5462d8,338,39,1,3221598183
1818,d0df34b9bea4bd1e,d01ea67efa69f3c9,338,39,2,3221598183
1819,f478cf3325ea8f1e,803dda5af01ff24a,338,39,3,3221598183
1820,65adb546787d53c9,9c33f6c776be9a92,338,39,4,3221598183
1821,00193bc618a8b420,afa46694cdd80ae9,338,39,5,3221598183
1822,ac44ca66e51a0bf8,d1424aa96adde810,338,39,6,3221598183
1823,35aa034346e0da2b,988905ae1e179596,338,39,7,3221598183
1824,2a4457e23697352a,0224c5b550caf41e,338,39,8,3221598183
1825,227599ad9f45d580,25f010d46c1dc49f,338,39,9,3221598183
1826,453ceff64de2121c,8dc43f1b2f5bcca4,338,39,10,3221598183
1827,5e1604baf6c832c0,27ff605ead74477d,338,39,11,3221598183
1828,504ae8345924340c,68cbe1c80c5d442d,338,39,12,3221598183
1829,42035891702707d1,5aba7d509bcf136d,338,39,13,3221598183
1830,5f496fd98cdd2ec4,f246b370c31bfbfe,338,39,14,3221598183
1831,42351ba6e4555bec,dd03afcd4ceef073,338,39,15,3221598183
1832,b869a4ee2fcf13f3,56d5eac2925357ee,338,39,16,3221598183
1833,e209d1cbeefdacad,d77e2bce10bd3ea6,338,39,17,3221598183
1834,ddaf943ecca0259f,762e503b7d4275e1,338,39,18,3221598183
1835,57cb86af7e263251,74dc96ed69a6ef0c,338,39,19,3221598183
1836,634744c3dc43738f,65a2adc4b3f87e44,338,39,20,3221598183
1837,9addc0f84bb0aac5,43927ba35efd17ac,338,39,21,3221598183
1838,f1a0591b7bc0f137,421676624b0bff6a,338,39,22,3221598183
1839,194b33cfc12e2953,330ec3eee86b9090,338,39,23,3221598183
1840,0dd45a95dc4ae44e,16a2fd17fe2b4aea,338,39,24,3221598183
1841,384691353550a9e4,cbe989ec2d28a640,338,39,25,3221598183
1842,7c4d17dce869b4dc,9443a18dfc36a353,338,39,26,3221598183
1843,e2659de56bc788ac,89dafe595ffe3571,338,39,27,3221598183
1844,6c3f7a1d8a3bceb9,3bb7e6c554c40bf1,338,39,28,3221598183
1845,b4cd932a23238bba,5399ad4bf8ded2ff,338,39,29,3221598183
1846,cee59e7fc2b1947e,3e5d442626e8b4b2,338,39,30,3221598183
1847,e91639ba83aab25a,43d129d1225f69bb,338,39,31,3221598183
1848,dc2c5685d3c80b86,084eeb9280835cea,338,39,32,3221598183
1849,be7b63659b8747b9,2b3531651f2af074,338,39,33,3221598183
1850,de9240e81326c3b1,b3af32c8bcd431aa,338,39,34,3221598183
1851,743b8883e75483fe,3d442a962e0cfbdc,338,39,35,3221598183
1852,4d44903ad37a56fd,22a65df12b1e246b,338,39,36,3221598183
1853,104e1ba4ad6c7fc2,be21703252434ce0,338,39,37,3221598183
1854,09a2a9d2be06a2db,633a6366033c454e,338,39,38,3221598183
1855,288763f34487aa58,639a734f753b7543,338,39,39,3221598183
1856,88e9de2cb8dd060d,2d389f2518c692b8,338,39,40,3221598183
1857,0603b2786eb95ac3,e1f29be73ff0f16e,338,39,41,3221598183
1858,f9969fa2550fcfd9,54a5cdea9e7b8595,338,39,42,3221598183
1859,14eb5b6219e98f0c,c0c6359648617795,338,39,43,3221598183
1860,57a90a10ee287b90,0476bfe3339c7d02,338,39,44,3221598183
1861,2def314f4f2aa406,5077923dfabb635a,338,39,45,3221598183
1862,d19845226a7be8ab,07a1ce0d433ed92c,338,39,46,3221598183
1863,f016b461cfe3273b,d3c20ee082370fd4,338,39,47,3221598183
1864,c82ea434561f1c59,f0b22aceadf387de,338,39,48,3221598183
1865,09933ec2c349abc7,f81f2e5d168156bd,338,39,49,3221598183
1866,6e44c58d46f69084,f08993e2ee3be549,338,39,50,3221598183
1867,ff5b80b813298e87,2d3e308dc178d42a,338,39,51,3221598183
1868,8e454d76aa33f56e,4c1e1e4c66d7c700,338,39,52,3221598183
1869,33ddb617f95d3ce5,7659f7c75be0ec08,338,39,53,3221598183
1870,518557aee37b0fb3,c4d0830842e6ee19,338,39,54,3221598183
1871,efad1ccddd906366,f4f32953b9e2a308,338,39,55,3221598183
1872,0cb58dcf97a59355,253b8d212d30128a,338,39,56,3221598183
1873,f9c86cdbd29bf60b,11caa4531eb85ce1,338,39,57,3221598183
1874,b17784fe94cf13d2,4694e7bdc7a5891a,338,39,58,3221598183
1875,08156e586104a7f7,6e41e9c97c3100ec,338,39,59,3221598183
1876,eda672300abb56f9,d5b0a57f8160b4a3,338,39,60,3221598183
1877,db231fc12e1ff140,f255d2598ae01698,338,39,61,3221598183
1878,24231a4213e7c1ad,3b9ba73b1ebd7dc8,338,39,62,3221598183
1879,7118a0d91c026a6d,eadb77c9f2023633,338,39,63,3221598183
1880,69fd231f4026f917,e05d0de56837245a,338,39,64,3221598183
1881,54eb4fb4ee27c5c1,e9a6a21c9d592d20,338,39,65,3221598183
1882,aba31d74fceec8c1,652b5956d2e238d2,338,39,66,3221598183
1883,3f89db7de84ddbd1,e82866820f4c1db5,338,39,67,3221598183
1884,56be7d794e1a642c,f70156556f2837ae,338,39,68,3221598183
1885,89c5a39cf0923793,0dc47f5dea9b0d05,338,39,69,3221598183
1886,c01fcd76f076b26a,9fb3c894c55508b7,338,39,70,3221598183
1887,a6329068319054d4,dce7de89cec9e46e,338,39,71,3221598183
1888,8ffe4f037180f466,5590c55da261e89e,338,39,72,3221598183
1889,47c06be9cca0b809,408b5e2c823aa375,338,39,73,3221598183
1890,8085136c5ed047d3,1c3d18dcfbaa7e2b,338,39,74,3221598183
1891,432feb5188ebad25,eb3f951acc852185,338,39,75,3221598183
1892,2fbe87c578001b01,9028eb7a239f28c8,338,39,76,3221598183
1893,19c537fbf1ad8f14,05b61ca4ac3b427b,338,39,77,3221598183
1894,4b7f1233185e7dc8,1384087959b9df87,338,39,78,3221598183
1895,02726acdbe4cffa1,5c65219fb0779f21,338,39,79,3221598183
1896,0450508c9e528e87,dafb09357069339a,338,39,80,3221598183
1897,4c4a984c491a6b2d,70e80430f9d41089,338,39,81,3221598183
1898,6284da3f04207e95,67d7da6d13cd1f8b,338,39,82,3221598183
1899,5338bfffd146d970,acd11a6721cb5c76,338,39,83,3221598183
1900,c9615554a1fe8aca,ba6f31b39b38549b,338,39,84,3221598183
1901,8f473a5e91af8918,c732cb5847abf847,338,39,85,3221598183
1902,fbdab61e12de6be0,de349a3793ddc57e,338,39,86,3221598183
1903,4db049486ee40cbb,1ef24259370b77d0,338,39,87,3221598183
1904,fae93368a2ff1547,71e8474b41e92cbb,338,39,88,3221598183
1905,7ebe3fe0398d6c37,43800927690f050d,338,39,89,3221598183
1906,d72d21d6b35000be,b8be5f84fdd6a8d2,338,39,90,3221598183
1907,5cb73752b8e6cc0a,6b02350fd9a58f09,338,39,91,3221598183
1908,a8104f28cffdfd4d,833efc2e91bfa6cb,338,39,92,3221598183
1909,26927daf11ac9447,01725a5c0f3873c5,338,39,93,3221598183
1910,c551819bd36d6b32,81919c5c3e2076de,338,39,94,3221598183
1911,074ef8485bb9b3d2,cb481b0b7ead338c,338,39,95,3221598183
1912,9e5b1dd0b8a4a85a,c778c0289752bac2,338,39,96,3221598183
1913,973ae78afc787b3e,d86bd79859f08116,338,39,97,3221598183
1914,48d3e9a62d6c6d25,36b7c0445973d254,338,39,98,3221598183
1915,ab5da65e2a9e2738,2ee4e8438e76d400,338,39,99,3221598183
1916,900cacb5fc3cd6ee,2b91d5736c21d907,338,39,100,3221598183
1917,b66b64044b5af579,710a20f4b38169e9,338,39,101,3221598183
1918,2eae7cda92a9f3d4,a23e0fe18a7482f8,338,39,102,3221598183
1919,75d1a9edfc47ef25,578d85d368542d91,0,0,-1,3221598183
1920,668c848bd0d4d780,e239e3c2bdecd42a,1,0,-1,3221598183
1921,7a1ea71326a57ee7,9792cf728523f2ce,2,0,-1,3221598183
1922,e97c130eb4b12095,7b3eedc8c6866b5d,3,0,-1,3221598183
1923,f472954ab2e127db,bc578c103212d679,4,0,-1,3221598183
1924,2f7efb590ad29e5e,e6526731c40b219f,5,0,-1,3221598183
1925,ab418d680b81efd3,c578f677e6ea54a9,6,0,-1,3221598183
1926,4fc367053af5a1e9,21d53231b574d8e3,7,0,-1,3221598183
1927,b1c066515468500c,ddeb2aadf4c4d50a,8,0,-1,3221598183
1928,b83a6972efcabcea,52e4740a3f3ec1dd,9,0,-1,3221598183
1929,b3ce32381043d06f,941e4ce6c978c19a,10,0,-1,3221598183
1930,6383eb590cffe482,d358274bc00958ae,11,0,-1,3221598183
1931,9e3b901cda167002,36c7d11924ceb151,12,0,-1,3221598183
1932,36fae77ef673f119,7f57167e6400d4cb,13,0,-1,3221598183
1933,686e0e6220d27a60,ab16b3ed54e091e4,14,0,-1,3221598183
1934,611463340069b603,cf9d2780b4b165b4,15,0,-1,3221598183
1935,c0d2c4adb71e923c,f9afc7f9836c0fc5,16,0,-1,3221598183
1936,662e89bc2b6486a9,d669b209ef35c408,17,0,-1,3221598183
1937,b606348925592c2f,e1a51e06252acf87,18,0,-1,3221598183
1938,f199ffb71c859775,4b606ec45f34b1d5,19,0,-1,3221598183
1939,a658fa906f65dd71,5835f4c85d465723,20,0,-1,3221598183
1940,8eddd57cc729cb20,e8cbad7cfaf26014,21,0,-1,3221598183
1941,74e2211bc38d9253,386d13c266889e89,22,0,-1,3221598183
1942,98d061760d710576,f7408411cbd5c0d2,23,0,-1,3221598183
1943,8e478e3c49fccb57,fa6ecaca5c5db1c5,24,0,-1,3221598183
1944,973b76f62d25135e,b416086fafb96c6c,25,0,-1,3221598183
1945,fa5cee5e627a21c7,540269e9e09f5a86,26,0,-1,3221598183
1946,df57df36151d7637,75d2a775437cd3e9,27,0,-1,3221598183
1947,c52d7e800674739c,6bf7c69f86f18b72,28,0,-1,3221598183
1948,e44f970eb9312eb9,48b22028c23eff58,29,0,-1,3221598183
1949,ec0ee6d4d478ccf0,cdcdcd6f5b508782,30,0,-1,3221598183
1950,7d602d4308d4b064,a1b02527d0d6094d,31,0,-1,3221598183
1951,18afa7dfece010a0,e7da7f4d8e9a320d,32,0,-1,3221598183
1952,e0852dfcc3f33d1b,37fe46ad15a8884b,33,0,-1,3221598183
1953,9b09aa0a62a81b9f,14c35dd4b6b9693d,34,0,-1,3221598183
1954,cdcbef7d89af511d,0f8d6ae2dbc8314d,35,0,-1,3221598183
1955,582b0b645851840f,c4c9cc7b17b481fa,36,0,-1,3221598183
1956,5799432c320db05d,d3f7ec872adb3eac,37,0,-1,3221598183
1957,5adda59566ad9c36,f1e2daf5a762cfe4,38,0,-1,3221598183
1958,a4fef0ea7b1d47e9,3d65127737097948,39,0,-1,3221598183
1959,3fe774680f12a866,a85fa91c0059949a,40,0,-1,3221598183
1960,b1a2e56e61b2b309,c5c0abf1b7972f63,41,0,-1,3221598183
1961,45ac399f1929d8a7,a9415c13db81de31,42,0,-1,3221598183
1962,e5036bc3b8bbcfa4,38bcace83967ed3b,43,0,-1,3221598183
1963,3d2929b6d942f8e7,f6928d888fa22b58,44,0,-1,3221598183
1964,43816830fe66ef15,efa22cd374333e89,45,0,-1,3221598183
1965,4b35796f94de03e1,aa3deaa7de60cf9f,46,0,-1,3221598183
1966,eb0fb1885d6c0d52,b9e2dee8b6c421a0,47,0,-1,3221598183
1967,5eea36851a4d3dca,1febe4d3f2d5d14c,48,0,-1,3221598183
1968,104397fc1a4fcad0,cc172dbb8c860d6b,49,0,-1,3221598183
1969,014713f7076d4afa,a6f20a3775305c4b,50,0,-1,3221598183
1970,f0e90c16a2714c30,c6f593de06ce63e7,51,0,-1,3221598183
1971,5c777f706abd8ff2,8fb15d1a52d23cb4,52,0,-1,3221598183
1972,bba37677e4f5155c,bd0d24bb9e855027,53,0,-1,3221598183
1973,2d90b4bc4416cf79,df7ed9725beeb0a0,54,0,-1,3221598183
1974,62cc4c41355818f7,a08037b925f12a05,55,0,-1,3221598183
1975,c9b8f6630aa27878,935dcd218c0bdcd7,56,0,-1,3221598183
1976,57d57e2318fada01,5f9d1fac627804a0,57,0,-1,3221598183
1977,cc1805743dc97d0a,97aeea579bf57a9d,58,0,-1,3221598183
1978,59827fde8ff307df,eee863ef2170a67d,59,0,-1,3221598183
1979,29c98c1672d28a98,9544cbc58d8164e1,60,0,-1,3221598183
1980,7bd6dd70441276d6,62c9eca8ebd93e94,61,0,-1,3221598183
1981,f19399c90d394443,45c4ecc23aa598d6,62,0,-1,3221598183
1982,c3e142445209a364,67af5e65ae5afc91,63,0,-1,3221598183
1983,37ee520151d35669,f875e34934f564e8,64,0,-1,3221598183
1984,609a2220b2cd77a2,ff3f52e44fec4a0f,65,0,-1,3221598183
1985,0e8ba6e8c978cf67,e288c835be5de9f2,66,0,-1,3221598183
1986,189376e13aa1c2ec,da392a52b1a05f9f,67,0,-1,3221598183
1987,df1aff34e7fa9ab5,3b409d9799e2c2dc,68,0,-1,3221598183
1988,8bd72ead6b192a4c,db023c11bc0b680a,69,0,-1,3221598183
1989,4cfc3c13be65ad9f,f3b47057cd724f68,70,0,-1,3221598183
1990,55b4e8d1bca3a754,bc54130758765e47,71,0,-1,3221598183
1991,65ff4ea4413f7e83,bdd58333964ab994,72,0,-1,3221598183
1992,3ec5bf450b82007f,96107b33d88d3ae4,73,0,-1,3221598183
1993,80747fa332e69a46,236201bb656e441d,74,0,-1,3221598183
1994,fe77720c4ecde00d,206426e76512df6b,75,0,-1,3221598183
1995,403057c3e0281264,65ecdc0b32bb4ce0,76,0,-1,3221598183
1996,225159f859ace466,c98931cb79c4b3df,77,0,-1,3221598183
1997,d0005bf66112c876,3bca5ea73addc800,78,0,-1,3221598183
1998,f85ec08c78388b7f,16ec952d501dc341,79,0,-1,3221598183
1999,d941efc886f84632,b8985c658a0a950d,80,0,-1,3221598183
2000,37621b2d73244799,84a75ae45348d464,81,0,-1,3221598183
2001,577357ab6361607b,ef782f41c7d013aa,82,0,-1,3221598183
2002,6502495592ce9c73,ca02910bd5a01019,83,0,-1,3221598183
2003,bb722dcb558ac62a,3de96c99f7fee497,84,0,-1,3221598183
2004,a929001f1f2a5b05,b30c6bb5f194b25f,85,0,-1,3221598183
2005,74f06e62473540c1,25afc2e03a47b511,86,0,-1,3221598183
2006,5a8eec8e52e66b9b,5a2f1b38f588d017,87,0,-1,3221598183
2007,799102318130f948,1901c52f967bda54,88,0,-1,3221598183
2008,4aa373fa321d262e,11c518677dd5c68e,89,0,-1,3221598183
2009,efd76fcda35db8a6,938363cba5d61a59,90,0,-1,3221598183
2010,2bc2322a299699e1,3ca77b089fb139db,91,0,-1,3221598183
2011,0025abafafdb5c9f,95dffb004de3ff76,92,0,-1,3221598183
2012,d97f729c81d455d6,e8498ccf604ae6e4,93,0,-1,3221598183
2013,28d99c670e7beccd,7c596e6dba0bac8a,94,0,-1,3221598183
2014,104c29f02d7eb65d,69fc6fc69fadd7d7,95,0,-1,3221598183
2015,ed87a0a0ff35d828,21efe5a2ac57a530,96,0,-1,3221598183
2016,78b2e589d29fb3f7,cca2c1138eeefed2,97,0,-1,3221598183
2017,43ef70f038f9a4cf,0ed8c975f0acc409,98,0,-1,3221598183
2018,b5d96b6c1339ee89,4266a2a30d7873b1,99,0,-1,3221598183
2019,8e7fb25d661f8558,601a8d40d825b81a,100,0,-1,3221598183
2020,c261336a76810fe1,10e771f1ea8a9e93,101,0,-1,3221598183
2021,76f634ce59bc19fc,7fde5b0e8136b79b,102,0,-1,3221598183
2022,44b245c2d1f5e73a,f3badc8e2d3f8a1b,103,0,-1,3221598183
2023,44403bba460d55c8,27025b29eab895c5,104,0,-1,3221598183
2024,9b1ec4b6dab15af9,bea53adf0fd2a830,105,0,-1,3221598183
2025,bb8a7fb355f5d704,09fb4efd00840e60,106,0,-1,3221598183
2026,06854572b2a1f9a1,3db3fd1c0bcab7fb,107,0,-1,3221598183
2027,e1d7d35ebc39c033,ff5348ba5d72d385,108,0,-1,3221598183
2028,2efa64e18513085a,b8ed070d835d7f57,109,0,-1,3221598183
2029,0bff799e9b57ac8f,ca0518c9f0904f6e,110,0,-1,3221598183
2030,7144cf13d4380916,2214c92354220070,111,0,-1,3221598183
2031,9cebe074fe46087a,446e905009964688,112,0,-1,3221598183
2032,15696882a61be6ae,8e276ccf9484917b,113,0,-1,3221598183
2033,fc59db7eac8f7b69,e27eb3da013d13f7,114,0,-1,3221598183
2034,6ba424682b3aed14,a972c8f67b9b4948,115,0,-1,3221598183
2035,c1775b8ba045936f,6f9cdd9cc6cd8eed,116,0,-1,3221598183
2036,5ec8f037ae4af81d,1d271cb9e3027e6c,117,0,-1,3221598183
2037,7d593908b1cbccc7,cba7388a40ce1cae,118,0,-1,3221598183
2038,2410080919cb1153,77ec0c23542f7230,119,0,-1,3221598183
2039,e75bdcd71d2a93f4,da0d664344c155eb,120,0,-1,3221598183
2040,6247ef98b96ca445,de26360edbda19b2,121,0,-1,3221598183
2041,60eedb6fa96a335b,549d46445ecf668e,122,0,-1,3221598183
2042,04b3c558be5ef754,414a52c4eabfa468,123,0,-1,3221598183
2043,63ce5905421de74a,c3c3e9597741d247,124,0,-1,3221598183
2044,afbc27092473db46,e2a6acfa3414c4d5,125,0,-1,3221598183
2045,8728e1645b2cbc2d,56c0dfb221b74f4b,126,0,-1,3221598183
2046,82962224015ac25b,84639aa7f6d87547,127,0,-1,3221598183
2047,8d474ea95459de9a,2cb8583248c793d8,128,0,-1,3221598183
2048,113cc00ca19a7a26,eae46915e2a1425a,129,0,-1,3221598183
