frame,a_hash,b_hash,grow,stable,dissolve,dissolve_seed
0,75d1a9edfc47ef25,b05a858b58c79831,0,0,-1,0
1,7e7ebd9859f16e60,67caca960530480c,1,0,-1,0
2,cfc40a467dd85253,9b29046c980b2d85,2,0,-1,0
3,e0b9b2766e07c12a,51e69a225444505d,3,0,-1,0
4,77dadc64b00f50d1,72ba557e95e35eaa,4,0,-1,0
5,ad36e6a73b92b1a2,6f7559e6d4039c79,5,0,-1,0
6,1349ca568ca65d27,d4519cb5af4035f3,6,0,-1,0
7,80d6c540f7c6ca9e,0b1a88a6cc92d01c,7,0,-1,0
8,61af877cc5423bd5,c1be1899763e8a18,8,0,-1,0
9,baeeb0a461095cdf,f327c2f57f9678d0,9,0,-1,0
10,8a056af102f7ef9c,773f473980a11237,10,0,-1,0
11,4daded5c65e190e4,06425d6154af4825,11,0,-1,0
12,7e3677e4523b8368,932872757ce593a3,12,0,-1,0
13,f7f745f41075857a,127eb4cb54203f4f,13,0,-1,0
14,21b0b87ae186c73c,c79d7f6db437f32d,14,0,-1,0
15,47dfd3d6b4fce6be,2fa03d1eee3ac852,15,0,-1,0
16,40023d9fe6a64080,044d59011f7df57e,16,0,-1,0
17,d9f5dd7ce2d3a562,a3f7664b99649b46,17,0,-1,0
18,f01dd459574bdb77,d963b70220c11c9f,18,0,-1,0
19,54313b895a93646b,c9268cb42682e84e,19,0,-1,0
20,00d05c4e81080577,7f4cd2a4984c5269,20,0,-1,0
21,62bdf1376f58d962,708c024eecd8ebfc,21,0,-1,0
22,b877cba1084d0a84,b0c39e454d5df3db,22,0,-1,0
23,a12d84e90e4bf76b,c29c9d32b0bb170d,23,0,-1,0
24,473379841523e30d,721c94e676b2c8e7,24,0,-1,0
25,2ee0e1158c681be8,12c02a7f524bc2ac,25,0,-1,0
26,c03d753a42b71309,800c4b28630528d5,26,0,-1,0
27,f5d3a5322a46b93c,d344db2fd400c354,27,0,-1,0
28,00d8031bc689b43d,e3a4c28cd905320c,28,0,-1,0
29,719015647b7def09,f2d564de2484e0a3,29,0,-1,0
30,239cef569b26ef6b,04b3cb849deb3f0d,30,0,-1,0
31,5d0a9da54a4cdaa3,7cefe4566db4c399,31,0,-1,0
32,a6cf57df988026c1,c297218cddb5e026,32,0,-1,0
33,5f35b34f2d1ad5b6,329a39750e96ff60,33,0,-1,0
34,251336ae7c5eb6b8,cae66468a4506c54,34,0,-1,0
35,84c08df3ba582de8,f4a5a42202ab6573,35,0,-1,0
36,08420487cad4ff0e,0cba44fc9e5aab4f,36,0,-1,0
37,ab9be5cf3ce6996f,35188e8af3fc0d7e,37,0,-1,0
38,76f90fb108eff7da,ebaf644ec7a40e04,38,0,-1,0
39,24707b74e7565264,bc76098805176f42,39,0,-1,0
40,d7870e98e166ca2f,65d29f26797d9fcd,40,0,-1,0
41,53432195ae574ed8,02fe6329b62ba6d8,41,0,-1,0
42,f67b4be230334d23,4e74dd88a2ea677b,42,0,-1,0
43,2da6f17f93f76318,b1281e97785d6b53,43,0,-1,0
44,b6e1b9c9919a4b18,79deffb74aaed81d,44,0,-1,0
45,07708b9d16992f85,f3b8ce0ac0b84a03,45,0,-1,0
46,3bf84a86bc92beae,5ad2a462bc3ba008,46,0,-1,0
47,5fc874c14c015787,b39c987e4a5f62af,47,0,-1,0
48,f4eaa2a8269fe900,5e0d29e392effef3,48,0,-1,0
49,4e0545ea52ba1467,4eb70992b4a5b73f,49,0,-1,0
50,493f3c013bbb2de3,150525e4ed468556,50,0,-1,0
51,854a4e8c05bb40d6,f051b034869ea7c5,51,0,-1,0
52,61139da0d62055f8,d68bf7318bdd7636,52,0,-1,0
53,89d8d91083979108,11feb3fc46d3508c,53,0,-1,0
54,7c604061fb576778,2558e073f923ad6c,54,0,-1,0
55,0b2f617ff854dacd,4934a333e02ac790,55,0,-1,0
56,cfe548034eb1e1c4,6e09570039b67b02,56,0,-1,0
57,70a989825ed16b0b,328cc4ee057c777e,57,0,-1,0
58,babf56bdccbc52f3,622249653d8baf8a,58,0,-1,0
59,01d04b93c39d0986,0e0be2c46d70cefc,59,0,-1,0
60,20e24c4c8c7931ce,c393a109c08f6ca2,60,0,-1,0
61,0a492b6ac211801e,de9f5894ec00cc60,61,0,-1,0
62,2d9bffe8e48ee14b,b57381de504bbeef,62,0,-1,0
63,6bf29cbaba39d955,0110baed6a729d4f,63,0,-1,0
64,c39acdabc867ea07,01f10d870559807f,64,0,-1,0
65,757a4e139543b802,1454c23b2bf3c8aa,65,0,-1,0
66,fb5960ef9c07f594,dfd2041d2d4dcb87,66,0,-1,0
67,18cc34ebbbd81a16,3b15d92a9cee1138,67,0,-1,0
68,2656a53ce479ded4,9290c3ffd2dca01f,68,0,-1,0
69,a744926cb3bd5111,154d7439b5453344,69,0,-1,0
70,c140713094a11715,43aef29c4ab27402,70,0,-1,0
71,3ea2e891961637bf,3901eb65c6e1d404,71,0,-1,0
72,874b7de367670aaa,825af9f9b2a3493b,72,0,-1,0
73,7653a2d7333aa9f1,963d08288bdd7b42,73,0,-1,0
74,9c01cf0afb7f7b71,52a0847f3e7f99b9,74,0,-1,0
75,6a00c70cec5c5573,b896d21b7d3618f3,75,0,-1,0
76,89d73dfb8b38668f,254757b9e8fa7cbb,76,0,-1,0
77,2f8542bd26fe4508,44ee4c8093b08358,77,0,-1,0
78,53cc01bc791c1f9c,20e1325b656436bb,78,0,-1,0
79,f01e6914bd264a2f,7033c252f32e9e61,79,0,-1,0
80,77e295300ed3769e,5330e3db573911cb,80,0,-1,0
81,159eeffe16c0b007,262df3ac460837d0,81,0,-1,0
82,b6d73298680d378d,a453ffacd3f73391,82,0,-1,0
83,9333b62ef76f625d,4ec6f326c5a2f8b4,83,0,-1,0
84,79d79c85d0b7fcf9,123382c0ef03f23a,84,0,-1,0
85,d2e4ecd8627635ba,502c24b23a64c47c,85,0,-1,0
86,1f506f4c2b1d73f8,a4c657da4afa37f9,86,0,-1,0
87,5318a6f3465a687f,d11d1398a789abc3,87,0,-1,0
88,b8890fd331361b7e,c749b2c514785aaa,88,0,-1,0
89,109aeb251a6c777b,b272a39b1ec999d2,89,0,-1,0
90,fb9c3d82fb38e98f,68db225cc372f3bf,90,0,-1,0
91,660438681c3c7d6a,fbf8830c5d488795,91,0,-1,0
92,d9d8635acc7c0bd9,2335d02f6a3a65ed,92,0,-1,0
93,8a700591a17e4eb9,675861822ea0a123,93,0,-1,0
94,3f524531ec9ad6ca,61e432e77f4a75fb,94,0,-1,0
95,0646ea0a21f57cb2,92485083891668c8,95,0,-1,0
96,6d096fc36e8d6afb,f94b737ff8752e6b,96,0,-1,0
97,802c06e3372cb467,24c56e0dd14c2d5a,97,0,-1,0
98,4a8766355581621e,b5719834f3636e34,98,0,-1,0
99,d6c8ae7a64535cce,3f199fd09693a21e,99,0,-1,0
100,e7ee240224707279,bee788df7d32ec4c,100,0,-1,0
101,604086890b177a25,7b893a5a8bef6186,101,0,-1,0
102,5b5aadb9660f537f,d60b55d7258f40c0,102,0,-1,0
103,701cb5774f992893,27acc7250e885f3b,103,0,-1,0
104,97407359e9bbb7ee,7c271fade457e605,104,0,-1,0
105,843daad4341e259b,dec2c2d9b02f5ceb,105,0,-1,0
106,b75d9f3b5d2ce813,e5c72f047633d49f,106,0,-1,0
107,01108dbca8a74a21,7660f9a6912ccb26,107,0,-1,0
108,18b671dcded227aa,df434fdd90f395c7,108,0,-1,0
109,43ead6e1a8534313,c164298f8c162d0c,109,0,-1,0
110,914e0bb874a83b3d,7367ea04a4976552,110,0,-1,0
111,140f50e0b0739998,5c3eb83cc47faecc,111,0,-1,0
112,6e6e62c229e809ca,8193c9a2c69f8376,112,0,-1,0
113,294ae26ea0d31f95,7ec127127c0243c6,113,0,-1,0
114,c2f8496732bb972e,867f1df1055e2f19,114,0,-1,0
115,4b36967e2a80c7c1,51c7826943b90c55,115,0,-1,0
116,2396daa83b642004,cc4940ce2acb8620,116,0,-1,0
117,110208576e404a93,703be573c8b99c7d,117,0,-1,0
118,5ab58086a1f72035,7459462db910d5e8,118,0,-1,0
119,37d862208b78d385,4092cb57fe0dd876,119,0,-1,0
120,b40a4a2188d7ecc8,e2e4f69d4d0d7033,120,0,-1,0
121,df3c03b9eb207ed3,1fbb5863df28dafe,121,0,-1,0
122,90ea5abddea08280,55e42ee3e8d4c53c,122,0,-1,0
123,42328ee11276c132,edd65c4bf20b0dbd,123,0,-1,0
124,68511579bb87136e,77ea1edb33387d35,124,0,-1,0
125,69f1f92acb7e698c,529f288ed4f8bcfc,125,0,-1,0
126,b70a3a2ec93f0e3d,f187f4ce9e9253dd,126,0,-1,0
127,774448619b8d673f,cb4910560b9349fa,127,0,-1,0
128,be08619226be3f57,352dd5e186df6633,128,0,-1,0
129,791a544a0e69265a,92e5c5653845dfb2,129,0,-1,0
130,a152d198c073c45d,8aae42fb98639402,130,0,-1,0
131,0dca4d73640f20c6,bc0f7b9c6d8381da,131,0,-1,0
132,83caa4afabcdf36a,0a4c0f85acbf704d,132,0,-1,0
133,8d3566201b8f038c,9929e2c824c7e801,133,0,-1,0
134,b195ecb155352010,3090eca29591882c,134,0,-1,0
135,b630a03d099f442a,2e6cc2bed8f659ad,135,0,-1,0
136,56782ded231d2652,4d7bf77cc87d5f59,136,0,-1,0
137,85e81ea5e6951fc8,3063c5f920f734ab,137,0,-1,0
138,8e8f3f1008255901,3057682a276a30a7,138,0,-1,0
139,7acd49ce5c5e73dd,5ded1b4a068816ec,139,0,-1,0
140,4d1ba511999fa7ca,75d25075e223e770,140,0,-1,0
141,06e488dd4198a777,2fc59952b34e1d60,141,0,-1,0
142,17ae663ae234907c,7288cfd073101d84,142,0,-1,0
143,2d6e8fbafd111154,17ce65d3d3b95b5b,143,0,-1,0
144,52e365497a0a84d6,46bbe13f799c05d0,144,0,-1,0
145,c05b3e6ec3b20d67,851b2137469859d8,145,0,-1,0
146,5c6fea2fb4bb5a82,3591c8c77b814dec,146,0,-1,0
147,c7be6a3dd1cbda31,ecdbb32c03c48281,147,0,-1,0
148,6516ed4847ead9aa,a732eab85b54fa4c,148,0,-1,0
149,4dbc31eef6b3d808,982c7ce5159604e1,149,0,-1,0
150,3e1477a83105a970,52a2a2d4e33b7fd1,150,0,-1,0
151,8016585c0ec33829,cc5556a043ddc3b7,151,0,-1,0
152,71c2be3e1259e10c,7b864706c1308958,152,0,-1,0
153,6709a2fe85f8cae0,7fa9b47b182e21d7,153,0,-1,0
154,fd398e69ca3572a3,8422ac4db643433b,154,0,-1,0
155,da0218398098df6a,7bf8265def50a037,155,0,-1,0
156,7288aee0b21411fb,f8d6a0b4a97aeb3f,156,0,-1,0
157,bdb3e84749fa8be7,554fa464b1cb49c5,157,0,-1,0
158,2e7915d20f71cc9b,84006a119bc27695,158,0,-1,0
159,75da9d328f1e496b,32eebbeea0c80ff9,159,0,-1,0
160,3c4de734d2f2dea6,734f200b2957acbc,160,0,-1,0
161,c31e82bd48516a7d,e2f1bd3b56dca0f1,161,0,-1,0
162,de95f0088ec0cf87,3c5608bb45c8d3c8,162,0,-1,0
163,fe810b754fd1217c,00f7f0237ba246c6,163,0,-1,0
164,e763849d734c9cf3,9d7c29202f8bc18d,164,0,-1,0
165,aa5d8434b71babd3,79975b12b5716613,165,0,-1,0
166,d0ff165a739e4847,6b1b47c2aafc9be5,166,0,-1,0
167,04ea0f57a71dcfc2,a559ff9345f7feda,167,0,-1,0
168,208939ff5073dd52,8928b65357240b71,168,0,-1,0
169,0e31f73e41053852,7e7998d530184252,169,0,-1,0
170,ddfdf10d60c74979,d2b2eed205d6d529,170,0,-1,0
171,afe88950a45f971a,b80d5d1408057870,171,0,-1,0
172,a727fd1f01234599,ec9853f07f88d1e1,172,0,-1,0
173,f13e828dfa6707c6,afdfa654d1c7403e,173,0,-1,0
174,09d9817d0545c730,280d6a72f5570720,174,0,-1,0
175,a344829146b03e00,64e41b3afe236b3f,175,0,-1,0
176,aaf0af2be5cea323,59094d71f6fb9072,176,0,-1,0
177,2e2c1267988c884f,c93e7a56dd2333ef,177,0,-1,0
178,2e59e6dd4a5f143e,80fd18d9511ea163,178,0,-1,0
179,52d87cbe8371b778,58b4f9434feb2e20,179,0,-1,0
180,8b35629d4e0003d2,27e9c26161d44237,180,0,-1,0
181,08e72df73cbc3d16,edbae7680d6fdeab,181,0,-1,0
182,70a15872e720e6c0,e4aac392692cd829,182,0,-1,0
183,4636d3526c8ed441,1c1a8ede122a4c31,183,0,-1,0
184,01282fc2dfbf602b,3a9adbb293cf7fe5,184,0,-1,0
185,acdc4f5384e3e31f,30d14b7329e7ad16,185,0,-1,0
186,28c24b183328eace,743e83789d31a136,186,0,-1,0
187,2501a5fb86a96986,eb7d055243122a99,187,0,-1,0
188,f602e1a8ea0b485b,67b65a32e07200c6,188,0,-1,0
189,5bf952cbf3f37fbf,6d8c3b22a89cdefd,189,0,-1,0
190,4d4a8ccac7571be4,022682fe0837d6d1,190,0,-1,0
191,f1b8501e954c82c9,a82a229fe3212a2c,191,0,-1,0
192,e834c38e44b13c1b,84f6a71f58e882ec,192,0,-1,0
193,cf3537c1a0d6ece8,79d5e5cc6fc723b5,193,0,-1,0
194,bdd28c975b9791fb,1d577aeee2fd719b,194,0,-1,0
195,0214121755ef7aec,db5faf61be85dcec,195,0,-1,0
196,46b238f0d1aca3b7,592a4cdf5499db59,196,0,-1,0
197,99a6836fae4a72b0,a115ad7e5462b07d,197,0,-1,0
198,2b67964d713d69bf,e58d8fdd1ceb3f2f,198,0,-1,0
199,88dcb07fb1d36cef,beeff4dd7af7fb0e,199,0,-1,0
200,a155c6b00a9512bf,ae64d1a03cb4a83a,200,0,-1,0
201,30de1f7a30772819,89b7737b72f579c6,201,0,-1,0
202,39d5fe5cd2cd8896,4f19d1cb4daac8b4,202,0,-1,0
203,54e8e53c0e2c5995,28f0a0dd0d18d1f0,203,0,-1,0
204,27380c9ba3ce61c5,d3f3cbfbc7bb7291,204,0,-1,0
205,b982e06d6cea43cf,7117672a6bd0dee6,205,0,-1,0
206,3d3edf8f76f777e9,2ab37b343d017fec,206,0,-1,0
207,a6e7d62c29655f40,8fcf04766b8df93c,207,0,-1,0
208,6731aa6756ec192d,f7c9c44b3187c9e6,208,0,-1,0
209,fe1dd525ef514f8b,3ff8543846dbe9c4,209,0,-1,0
210,08e92931144fa643,dccc599ca0e0b176,210,0,-1,0
211,980403b89f8a119d,b1e9f032d4bf33c2,211,0,-1,0
212,269fff231160f04e,bf9baf1081fa7520,212,0,-1,0
213,3b3a81d94d67cecb,9df6c1247da9c0b8,213,0,-1,0
214,3fe814633652945a,7b1fdcb3cf32ac79,214,0,-1,0
215,22da5d968ff48e9e,e6dd1e65ec0377fc,215,0,-1,0
216,77f2e995d03af401,e3735c19fe123bb0,216,0,-1,0
217,bbe1e093bbce9ff2,ddd9d0bcb8119802,217,0,-1,0
218,773d07618ae47d25,2ed9ca3e2391370b,218,0,-1,0
219,2da73cb5228cc28b,51e6e060b3bfcc14,219,0,-1,0
220,4c7fb058b7060595,b0ed25faaa24f383,220,0,-1,0
221,fe23b997af55e762,57c1eb5f8f04ad93,221,0,-1,0
222,b8271450579352b1,27f995cb3eb5b5de,222,0,-1,0
223,fe25bbc0331de47e,3afc7733a61d7bb1,223,0,-1,0
224,a93b7b98f0fa065a,c811fa8e66bb2d69,224,0,-1,0
225,ef5e127f56de9021,295a5d873a9d8950,225,0,-1,0
226,efc21cd3d97735b8,3735bdf874e0ddbc,226,0,-1,0
227,ecc15b15e1da4b6a,64e571913326339a,227,0,-1,0
228,f4d5c85e73330d4a,8c428e62c871660d,228,0,-1,0
229,7614aae6fab5f53a,13b0ab9401a79a80,229,0,-1,0
230,baa611fabeff361a,c73430f47f30d9d8,230,0,-1,0
231,1efb08799f8a36f9,e9692b2abe918d72,231,0,-1,0
232,4f349b3d1c7124df,25946f893ceea5b4,232,0,-1,0
233,8fe158fdf2b75125,d7add6d6f48fa1c2,233,0,-1,0
234,02ce1ef554107a97,25218b3e96eeb7c5,234,0,-1,0
235,4c2b36df6bc335ff,26f1edcd65680dfd,235,0,-1,0
236,805bf120413bfdc8,2bf808149708db5a,236,0,-1,0
237,95f38c4881dbf9fb,20ac52f21566e403,237,0,-1,0
238,1000e592ee82e29f,0e720971337a4ce7,238,0,-1,0
239,68b3a23e7fc7397d,9fd23173745a4387,239,0,-1,0
240,20f6fe932972ea31,baf9ef01b8417639,240,0,-1,0
241,48f4c93c263cacaf,b1b12a01570b6d1d,241,0,-1,0
242,93a81d37976f3568,016b72eb27b1b08d,242,0,-1,0
243,511a393441534e35,e852ac317ef2edc1,243,0,-1,0
244,df120a202291e8b6,846119d756bee061,244,0,-1,0
245,684237c9c8bc9397,d1ca6f2b145159e6,245,0,-1,0
246,bdb2f8842e0cf349,d41b02c4b549ccaa,246,0,-1,0
247,949fd294b1fbeadd,30a0c26dfc3a89da,247,0,-1,0
248,2eafd479845c844c,b4069acfa7ea987d,248,0,-1,0
249,e2a2f378cfb86553,8fc9060cf064ba52,249,0,-1,0
250,24f680939dd30799,f1bdcbe2aec3a8a6,250,0,-1,0
251,e6c11fcda5422637,cdf70bafcd835b75,251,0,-1,0
252,7de7333132764706,7e87ffa412c40b71,252,0,-1,0
253,4a1c1f9ed0b21b7c,32b3cc16ac32f244,253,0,-1,0
254,5afcbd2b0ffd271c,ef03803ad76bcefd,254,0,-1,0
255,a4cb7faa5d23216b,70cd9a98bf17f91b,255,0,-1,0
256,1bd20ef2ca923d2e,1593cd8e38e8d656,256,0,-1,0
257,f52bebfd23c31473,2522e9b4a3a08b5f,257,0,-1,0
258,76d654feb825cc86,c2838a6be5c131b7,258,0,-1,0
259,59bfb89192705d51,bfebb6feaf4de737,259,0,-1,0
260,04ac9e7efd031fa6,49780fee70928009,260,0,-1,0
261,daf9823c5d20f402,87bc8d4ec2541076,261,0,-1,0
262,2cdfe962451986fb,98b80d6ab5d7c8ed,262,0,-1,0
263,b6f57de83d51c773,26cf3441c7adeaad,263,0,-1,0
264,47d25ccaa8e5a8b5,d067009cf7ba2434,264,0,-1,0
265,562e63c137f1cb50,55173b6636df2552,265,0,-1,0
266,eaf613db178886cc,53e33c8bc097e562,266,0,-1,0
267,118c2daaf33239d5,2b676f71adb2b063,267,0,-1,0
268,afadf0fa1facb650,d5555e5cf12b4cfd,268,0,-1,0
269,36cab44465a761ac,3d93304f6cf28451,269,0,-1,0
270,e46d889edfe6c2cf,2e4aeee952f208e7,270,0,-1,0
271,a5b6567d4badee96,06a7e62f1d721071,271,0,-1,0
272,08f1c38c5bb09657,ae1fca2cf754ed37,272,0,-1,0
273,88b5f9a1f5ef4064,40b0aabe62f60dc5,273,0,-1,0
274,3baf65edafe799a4,4e2989a5a8783ae9,274,0,-1,0
275,95586af1e7b2c166,e403ed2a6ed6b00b,275,0,-1,0
276,3f35b3a7d0e89404,76057f0579766573,276,0,-1,0
277,07982c6c52474942,40688f1c0cd01475,277,0,-1,0
278,183a3e8d9a12ce05,a4de6d88337425ca,278,0,-1,0
279,85cafebd5cd7e1a8,f582a4693656f135,279,0,-1,0
280,1fb52512b5a909a9,6952b1ac8a23270a,280,0,-1,0
281,fc260a253a576974,3e4b2001086a81a1,281,0,-1,0
282,1dc89220abcfc322,e395bef77e43841d,282,0,-1,0
283,e802c7f21afed8f7,b845908d14405c90,283,0,-1,0
284,9b09a9f8f6c22213,74ccd93b689a88e5,284,0,-1,0
285,02b9cfb573102b10,815580c767c348e2,285,0,-1,0
286,71c966d1897ce845,d2b2e13b418374df,286,0,-1,0
287,34499a4a0cb7427a,b66831666b3d5589,287,0,-1,0
288,1c28f74ff1d69f55,04485ea3599f592f,288,0,-1,0
289,1880c7b1ed279967,0ccad013cfd681de,289,0,-1,0
290,c81140ec9d5d01e8,afc69a1d9ce6aa86,290,0,-1,0
291,f4d1eca99edbc39c,846b926f8f8bb473,291,0,-1,0
292,14a1d15fb41ca721,610155c9f4aa5610,292,0,-1,0
293,9e1f7412013df6ef,acc70fd73d28bf1e,293,0,-1,0
294,383ed3d4bdff05b3,171d03bef0985662,294,0,-1,0
295,5860b89ac7d32353,db583303124ccf59,295,0,-1,0
296,a5fab8b5df41a191,9d72bdbc38307057,296,0,-1,0
297,f7ddd47b220e2399,7689f0e61f502bdf,297,0,-1,0
298,2d44e9a7ec4b8802,d03628aa6ac928dd,298,0,-1,0
299,3b0f23100a4d7034,4c69c0549ee205cb,299,0,-1,0
300,58f388902a00744f,27f7d2ed62decb33,300,0,-1,0
301,1e2136fc899f61f5,c0822dbfadbb4cef,301,0,-1,0
302,525c65d0730876d7,ef37e3a498de0c3a,302,0,-1,0
303,8906e8811f086640,b8708b98699cfe87,303,0,-1,0
304,548ac1a35404f593,91cf536ab107b7be,304,0,-1,0
305,b6941de48a490aa3,319321b85e160ef6,305,0,-1,0
306,aa83ef627ffef18c,e5f7c90a8e757fea,306,0,-1,0
307,95b1eba7fa546958,04437ea8c0f7aaee,307,0,-1,0
308,2bafe1cc7ca42651,c7cc624fff3e1832,308,0,-1,0
309,5e630d94678a10ba,6d9f3912682ad6a2,309,0,-1,0
310,1ecb3738437ee8bd,a1985a4f283f8bf3,310,0,-1,0
311,426b7911e35392b6,be0a94ff4c5bc2d4,311,0,-1,0
312,26c7dc11dccfb24c,383766e6985e3afb,312,0,-1,0
313,d33b19bff22efdad,69e3c9ba4aa1f972,313,0,-1,0
314,afbedd76e5775487,d7a6efbc34105a70,314,0,-1,0
315,93ca8b29b8cd83df,7fab8b07e4cde66f,315,0,-1,0
316,04170f04cbd432dc,fc2fcc191680f819,316,0,-1,0
317,2c31494ebdaacb12,05447e072c5dd1c8,317,0,-1,0
318,3bc1aa4086d0cca4,cb416dfd59dd8a5c,318,0,-1,0
319,a0c198c84a2f90b0,309a8cf94a7cbb1d,319,0,-1,0
320,9c0c34c04b56edd5,d264abf45eb74da2,320,0,-1,0
321,248cb84c1f82efab,0bca3da7e4719cb0,321,0,-1,0
322,1879c0cfe81e2791,50a5a001a8649f73,322,0,-1,0
323,5ca938cc72b871ea,7c07a1ae011bb56c,323,0,-1,0
324,8bd0d134cbc51798,80be619bb998a220,324,0,-1,0
325,c25672ff27eee55f,a50c38cd0fc4df6e,325,0,-1,0
326,ea379ee2b8e545d6,78f1d103d72cec34,326,0,-1,0
327,9582e2124fae8978,7841f39aba409e27,327,0,-1,0
328,d315c72e49b6c65d,193fca78af4d5057,328,0,-1,0
329,b840afa3c72b7203,b0ea9913665382d3,329,0,-1,0
330,e55b3960518c5206,da6eedd955644031,330,0,-1,0
331,6ba2c86e05d91757,ca51a3a881b00136,331,0,-1,0
332,fbd8b6fae5cfd443,a593d0c569dd22c4,332,0,-1,0
333,ab4de6f51fdc855f,183aa0a3e244338d,333,0,-1,0
334,ea38b5939e6657d9,07216c8e45a2e020,334,0,-1,0
335,777f9cc33f8ef5f6,73620234a9174690,335,0,-1,0
336,b4207d76003f89d7,3d0608bd62938908,336,0,-1,0
337,9e9e5e3f3bdaf35b,2591fa7a037ca3ca,337,0,-1,0
338,5b6f4dbfe9d9a65c,592f004bf095e8ee,338,0,-1,0
339,15bf5cfc7d5338e8,3589278afa1e29ad,339,0,-1,0
340,70d032d4e1c8fa11,bf0cfbb1d30e3c2e,340,0,-1,0
341,b666c60e72963de9,26e7272fc6aff025,341,0,-1,0
342,6d9225c0e294a842,9ad7b0bfe9af3b9d,342,0,-1,0
343,8c46c1733ffd45e7,1ff2f887bf421329,343,0,-1,0
344,d49a4a74be330a4f,8c61390216503a30,344,0,-1,0
345,c67a507b0d5821e4,8f352fd6a47a845c,345,0,-1,0
346,d5c63950fb467c97,f16319cfb43fb23e,346,0,-1,0
347,e0ea9a6161f2256d,29687db021be8ee7,347,0,-1,0
348,ebb6b1b25b7a12cc,a730b48b1ce3377e,348,0,-1,0
349,4b3f9da06925e18a,77c6263f2f2b81bb,349,0,-1,0
350,6bc5797fc77ed430,5a55d3cfcc54bc2d,350,0,-1,0
351,6a4e616d4e895883,43ced5b062a33afd,351,0,-1,0
352,f8dc2c0b30bd1ac6,8e203fe3da8614d6,352,0,-1,0
353,65e81a6943b34ffa,ec4db4bd8b896d97,353,0,-1,0
354,2bc6a2286756810f,4a7204891094b271,354,0,-1,0
355,b7248698d3e287d5,8b9732d752511214,355,0,-1,0
356,cec2482ad83f6978,04d1a3669e137308,356,0,-1,0
357,cd1b2f86a3926c19,a1ec975d0f33aacb,357,0,-1,0
358,bfc486acdc7127d9,77a15a83098a727f,358,0,-1,0
359,50dc759197a3b6bd,cd5db836ddf20c88,359,0,-1,0
360,61976e20aa7f8ce8,91c6f06293bf62ce,360,0,-1,0
361,dd0bf866f4cac6f8,c9c1c06aa1393a1b,361,0,-1,0
362,e5a96561bcf153f7,9888cbd12c7dfbee,362,0,-1,0
363,27ef461f265708b0,9bc5440c9c766e6e,363,0,-1,0
364,d9178ade6d5f6d04,4287dd03a96916e8,364,0,-1,0
365,f8b34c3d210fb6aa,3b8936e8029fba70,365,0,-1,0
366,1667153c9cda43de,64658207e19fb88f,366,0,-1,0
367,475cdbafdf0e1a99,21713dcf64d96a84,367,0,-1,0
368,d453bfd9a8ce5c12,d26fb768e5d2668a,368,0,-1,0
369,e3de4b82834db921,ef9d763044b25192,369,0,-1,0
370,f3be82afc0a7ff76,f2274e6d0085b6f3,370,0,-1,0
371,88c2f8e46080425c,69483237919f621d,371,0,-1,0
372,4f2eff5bf51db2d2,7c8b57422d7fd5ac,372,0,-1,0
373,889ab91387d67b59,e02afac59eb5ac8e,373,0,-1,0
374,845dd67c0fd4bca5,0a3332f0788bc835,374,0,-1,0
375,5b39313aae63696d,368669a51446961d,375,0,-1,0
376,9f32baaa13c689a6,e08e8000fb2c14cf,376,0,-1,0
377,5067f3ddf1d67d10,1e7f69281ddd708e,377,0,-1,0
378,0d5fa2c6a79eee97,a8a264d85bcc1337,378,0,-1,0
379,dc1d9806357ea039,ace7e99401483bfa,379,0,-1,0
380,69a662f852147d5a,69bb2385687932af,380,0,-1,0
381,cb2dcd894404dc90,b54baeeb6cb6983d,381,0,-1,0
382,1b11e33338bc4974,923db698e6c35035,382,0,-1,0
383,efeb955e3e5c2801,8edd055192ece19d,383,0,-1,0
384,34ec29ee370b7f7f,7475fbf98a46d668,384,0,-1,0
385,ddc2a0178133d996,e856b952cd2610a0,385,0,-1,0
386,d7dfe3e469ae95e0,333733813857a287,386,0,-1,0
387,cf9d835c0d09d5a7,f839928b1ffeea4e,387,0,-1,0
388,fccb4957f3dcc804,904eece55a634fb0,388,0,-1,0
389,f6dfb92bdac83d30,af3bc2b3024a6e6a,389,0,-1,0
390,9d462a25303707b6,1eea90765024de94,390,1,-1,0
391,a2e81e365ac85ad4,3b73167d20edb383,391,2,-1,0
392,fcc4860349e324fb,96125fc2309dc903,392,3,-1,0
393,2f9ce42cfb8bb68f,2f9444be3ac50dd8,393,4,-1,0
394,ea63d8a47637250f,281c77cdd79bfa0e,394,5,-1,0
395,1a4100b0364a84d8,1c1628c2dc1108ed,395,6,-1,0
396,8e82b7c58cae27d9,076c79ebe2b49fb5,396,7,-1,0
397,0dce61a180be28dd,1ef275e0e7f5e934,397,8,-1,0
398,48e3db8178c89def,f1ce9aea7f9b5a12,398,9,-1,0
399,8d5c3cff7c26fa3c,2d71a6fa056a1634,399,10,-1,0
400,8c2ed815a2163f2f,780446506dd13142,400,11,-1,0
401,ec5b98da78598637,a44b4812916112e7,401,12,-1,0
402,763e35f72c798e1b,300a1d71f65b9919,402,13,-1,0
403,48ebfcc0df08295b,ac14976f138e4972,403,14,-1,0
404,3e17236589987821,6c599bfb1ab98944,404,15,-1,0
405,adb0348565eb01a7,14b08786acef97c2,405,16,-1,0
406,44ae49eca8bef8c2,dfd7f9d82ee7895d,406,17,-1,0
407,32b9994de0d982b2,bb83a32d6eba8168,407,18,-1,0
408,f7fc8ef67fdb7f4f,1c9e66cf76801895,408,19,-1,0
409,5d7a657668cd623d,821bf581b456cb27,409,20,-1,0
410,58d51c57c5b757f8,ab4e8895c6d94a29,410,21,-1,0
411,03f8beed73e3ff22,36f702fbbd6e13a7,411,22,-1,0
412,c073a8e7302c714a,b02887c41ef60d19,412,23,-1,0
413,8eb8d619fef746a6,f42b52b1a6e6ef7b,413,24,-1,0
414,8010c41e9cc3a0c9,a276616d5474f6c7,414,25,-1,0
415,57c1f0827a5e46f7,f7fcbd4334d4c4e9,415,26,-1,0
416,16fe8cc5f9391516,fd5850ff878acb76,416,27,-1,0
417,0986e18744fc96e1,af3e3b5fae38a148,417,28,-1,0
418,8ffed0acfdfd0cd4,9a7176259b28f94d,418,29,-1,0
419,f923201382505ff2,f85cb2457c64e728,419,30,-1,0
420,3aa83dcde29cfbc3,53b0c462e2bc8be3,420,31,-1,0
421,78c19ec5b0d3e03a,c9958009d01fdb3a,421,32,-1,0
422,3151298eb6d18137,c355df14dc1232f1,422,33,-1,0
423,b79b4c9a16758a57,f5a8a9a4aa4650ae,423,34,-1,0
424,bf12d8ed4c23a081,669d5a59d762efd5,424,35,-1,0
425,1c047a0066f8d9d9,45026a37ed1c8a6d,425,36,-1,0
426,1d3feffc9f9cc369,9d75edd9888b42ac,426,37,-1,0
427,7c9ce7887265df0a,e7c617fc5e309a8d,427,38,-1,0
428,d1bd0671ed12295c,3db3c642707014cf,428,39,0,469560847
429,97fe8eb90398027e,8b7cc96afa422eca,428,39,1,469560847
430,7cf1cd7015337e28,4241524899353b95,428,39,2,469560847
431,e9dc719516778f29,8231c12aabc3b553,428,39,3,469560847
432,f3a107105d59dbf7,6d751dd6a5ee47f5,428,39,4,469560847
433,446cedca7df15ee2,d114c630f9165184,428,39,5,469560847
434,c96451af0f4ca81c,8d68138cab3fed36,428,39,6,469560847
435,306ac10590474cfa,335d39fc4812f9c6,428,39,7,469560847
436,af11cffa85f7c26d,e18ecc36cc365354,428,39,8,469560847
437,8f10b77d837a0c7d,d9485f8ff2ac1122,428,39,9,469560847
438,2f53099aa8f9957a,3fc38c40df2e4e2e,428,39,10,469560847
439,2b780db8201c4fe9,4867e5a4ee85e1d0,428,39,11,469560847
440,a1b8a39d8698f6a5,1ff692d0b60919a6,428,39,12,469560847
441,9e1cfba73f4c54fd,4f14a1007dd86d8d,428,39,13,469560847
442,7739b207e1fa2075,974ed6abc2369aad,428,39,14,469560847
443,fd2a86d835f9735b,43b6e3fddba6151e,428,39,15,469560847
444,6a7926e59ce52bc8,4361401c54297a8d,428,39,16,469560847
445,6ae795548d16944e,5174884f26d025e0,428,39,17,469560847
446,3d9459a70b4fed10,e9bbcfb92ec654a2,428,39,18,469560847
447,ba8750b5c6b18cf9,8ce415a4001ac1f3,428,39,19,469560847
448,6163f82e3bb2621f,66160d09d4b27f0c,428,39,20,469560847
449,4b42142acc2048e2,fab814c60380025a,428,39,21,469560847
450,8e1b2f6baab2be09,555d735976803cf5,428,39,22,469560847
451,da6d169057d23513,d31603d7d87400c4,428,39,23,469560847
452,94e38b32b78b53a2,f5d36880f8c014d2,428,39,24,469560847
453,3588ee0718c8dd4d,c71d4c3d0d3442f6,428,39,25,469560847
454,a290945500c5333d,df1f58d89b135eb9,428,39,26,469560847
455,b43288673173b29c,c60bc21cf95a21d6,428,39,27,469560847
456,8ace7dd31ec7ae39,359157f0d11bbd78,428,39,28,469560847
457,bc1306e8fdcdc019,18bbee6acf4c9e3c,428,39,29,469560847
458,5a3f08349e88cf1e,191ff74c118c9fe2,428,39,30,469560847
459,336eea98db3efc52,109414d50cc04bc5,428,39,31,469560847
460,99d31536834b8721,99a9ef706dca68f0,428,39,32,469560847
461,30a1bb351c32f635,e1f902e4954da935,428,39,33,469560847
462,74603a6da5e6d3e4,fde7db092b017b8a,428,39,34,469560847
463,22840a43ed38caa4,2ca79f0333a75c56,428,39,35,469560847
464,21df0693e0d1ecf6,e983d1a8f939245b,428,39,36,469560847
465,68ab4bdbee34341f,c190f1ae9dd3ed86,428,39,37,469560847
466,ddc8ea43c60cb9c0,c86a97827b180371,428,39,38,469560847
467,a567a5cc5c14316a,c03a82f48705b566,428,39,39,469560847
468,f03e9ddd4809931a,a2e915961779d3bb,428,39,40,469560847
469,c6008451a0e33c26,897196180bb946ba,428,39,41,469560847
470,01cf9f395646ab9a,dac8b21badde16bd,428,39,42,469560847
471,33af10dd00b883b4,107f0422f282248c,428,39,43,469560847
472,07274e975a586c13,b83df66924b216fd,428,39,44,469560847
473,60e102267d4a82a2,d7b39dcfa47e1394,428,39,45,469560847
474,749c98b9115d8ef6,22d940cb470ab3cc,428,39,46,469560847
475,7f22106af6ad5973,275ca3c91220733a,428,39,47,469560847
476,91c8f29c9008fd30,c752858d23310250,428,39,48,469560847
477,10bb73b00bb55024,d4068007bab0d070,428,39,49,469560847
478,da29249e8abee8b3,ecdb27353730cd3d,428,39,50,469560847
479,9be7abf1cdecc0d6,fc3c0ada28879e96,428,39,51,469560847
480,4058f74633192748,9bb36463279ab1d5,428,39,52,469560847
481,014259d9dbd9b00d,25692f401639fb37,428,39,53,469560847
482,5c2bb6fe114ebdf1,89dac6915a480f39,428,39,54,469560847
483,973a577860a7081c,0b6f81e03cb93717,428,39,55,469560847
484,30291d16005d92bd,73cbe035b3fb8669,428,39,56,469560847
485,bb66d3188b8699f7,6765df376ab74e98,428,39,57,469560847
486,de0a0764dadf44fb,0fdbd4c23672491e,428,39,58,469560847
487,334b54fdfd7455e0,542b689306caa83d,428,39,59,469560847
488,68b16937e6012969,49580616f7b8680d,428,39,60,469560847
489,08d00d5976ed34d4,224b7ea5fcc24466,428,39,61,469560847
490,1a5bd7f57de3d762,2574fe9da5effe11,428,39,62,469560847
491,d415c1cbdfb8cf10,b3f8bfc135c510ec,428,39,63,469560847
492,f3010d2682a724d8,842d3e636de8cf90,428,39,64,469560847
493,621b1446d9d11780,6864935b8d26ea6b,428,39,65,469560847
494,aa6923bb013de895,f2f1c9e2b19a8959,428,39,66,469560847
495,7982703c26037251,9d8707a388ac22cb,428,39,67,469560847
496,958e0178099f3cbb,ecab6596c21e43a4,428,39,68,469560847
497,7a03265421da9453,8b4cc8624ba2218c,428,39,69,469560847
498,5def9ef367996e84,5b7b182bc600458f,428,39,70,469560847
499,16913bd1efec23af,0638161dc41f6af7,428,39,71,469560847
500,52e23af5dcbaf69c,2f8006822df92575,428,39,72,469560847
501,d71a782c4d016c57,2a48b1deca0052bc,428,39,73,469560847
502,82acd8f6350d156b,7d89ce3bafe0d182,428,39,74,469560847
503,bf66a6287de233ef,fc79bc317b5e6e65,428,39,75,469560847
504,454ba3b87523d11e,1c206ae777e53d67,428,39,76,469560847
505,d256b1c62f5247bf,959841345b622306,428,39,77,469560847
506,02423c79aa10e3ee,d0b16d7d6211ec45,428,39,78,469560847
507,60e14c3f68b55455,5cf35e9c55ce4486,428,39,79,469560847
508,d21fdb1f93b00cbf,501a2595e90f5c23,428,39,80,469560847
509,015d4462774f64ac,7686b653fb91ae6f,428,39,81,469560847
510,c716d71bdde2723a,3b05d4b9180a7b1d,428,39,82,469560847
511,12c130fbe375f9e4,fb80ab87822f0319,428,39,83,469560847
512,a97039c74b1c9584,6e89c8b3703695df,428,39,84,469560847
513,8baf1809b075f4f8,bdeaacb46923c6a3,428,39,85,469560847
514,f60d299d9b86c19b,399b6b9b5347c077,428,39,86,469560847
515,1440f28fc9ad1591,bab11bf5061162d5,428,39,87,469560847
516,b0fa443f7ff7bd82,9b75177a3564bb28,428,39,88,469560847
517,48b64e5e463a7ded,0b8abe1b52c77636,428,39,89,469560847
518,9d07c1aed165d6d0,99ee86c991ca849f,428,39,90,469560847
519,150d4d97b4724224,29acbe328d22d583,428,39,91,469560847
520,e7031ca9d506df8a,984f801d85a63d40,428,39,92,469560847
521,e5f4ed651c3b745f,5cc162fc9212352c,428,39,93,469560847
522,41ab395e1658ee15,e5075a69225f9ce3,428,39,94,469560847
523,2fbf504f96a5c76f,16fe702b5ba74d0d,428,39,95,469560847
524,0b3206ac39d0dd24,24ddfbf3a50bcca8,428,39,96,469560847
525,f1640d3ee4951df1,8aaf32a469d22527,428,39,97,469560847
526,b1e19eb1c74cb7ec,0b4b2843ea7f8f6a,428,39,98,469560847
527,b4685a8ec725a46b,950eef4ecc850878,428,39,99,469560847
528,c0ea60d41c06018a,9f9d1324540aca8d,428,39,100,469560847
529,7de7a2ffc131fa86,22cda5ab029c8d46,428,39,101,469560847
530,e348277ea397c094,b613800062785fd2,428,39,102,469560847
531,75d1a9edfc47ef25,1e1d6a60e30569cf,0,0,-1,469560847
532,224b5bb795266e6a,fae2a458599f1e9b,1,0,-1,469560847
533,01f4de124265667f,68c9985f904dbb9b,2,0,-1,469560847
534,8ae69d4ac2da8f01,dd7dbea5a785bc8c,3,0,-1,469560847
535,f26af4671630fbb2,447b6323131ede1c,4,0,-1,469560847
536,fdd0a47a45060749,84f9b4715bf3851c,5,0,-1,469560847
537,ec1eb9988576b213,4bd57695b8cb5b98,6,0,-1,469560847
538,7446ec8ab7b64fcf,4d5fb263a6616c38,7,0,-1,469560847
539,5ab0f04a74910a5b,f88f15c898bbf186,8,0,-1,469560847
540,cec463e488c57c21,f59cd96f7986839b,9,0,-1,469560847
541,056752d5ef710603,e5a2ea795914d007,10,0,-1,469560847
542,aeb29f65afb6be45,ac95690362026307,11,0,-1,469560847
543,0154d4efb67e0b9b,736d1db51cc0e125,12,0,-1,469560847
544,50990aa10fc7f8d1,bc6f1939a1cf20e1,13,0,-1,469560847
545,8b20bb372b13f22c,be383305bb864a64,14,0,-1,469560847
546,be5dfc20249a22f6,dbcce61f35f6b3b2,15,0,-1,469560847
547,069647060cb7aad0,a0bb115a84ee26e2,16,0,-1,469560847
548,41e5667408892127,d0ec38140e458e80,17,0,-1,469560847
549,a097c6c2489e9950,30840d422a2dcee5,18,0,-1,469560847
550,8f0bc50e024d73f9,062233528b940d37,19,0,-1,469560847
551,80381502496b783d,9a8562201abaab32,20,0,-1,469560847
552,2566b752adfebbd5,efcd797f9506f5d7,21,0,-1,469560847
553,8b281d27cc54836f,7321fe937ff591c1,22,0,-1,469560847
554,7cee8a868074dc0a,5c66b41a0f7b6ead,23,0,-1,469560847
555,8d0e9f4eaacf5690,2428afb29da7d532,24,0,-1,469560847
556,da2f18caa3294cdf,24591ab71487e1fe,25,0,-1,469560847
557,e5954a3e74bd5cab,5a8242183c723d23,26,0,-1,469560847
558,333e53b22d63cc2e,5c77fe788806651e,27,0,-1,469560847
559,15ae5ff921c38c70,e1ada2a58b5c3dea,28,0,-1,469560847
560,f06550970242a6b3,bdb6d8bb9f8967ef,29,0,-1,469560847
561,71a43f8e8369bb55,fadc3a71742c7d75,30,0,-1,469560847
562,67b1dcbdb2eba4d5,cfe9c00763233890,31,0,-1,469560847
563,bb51cf076d563c9a,98c9962a54cb1ab5,32,0,-1,469560847
564,295aeb8594db260b,6c73a97da1ece641,33,0,-1,469560847
565,1551b73670ab03fd,3ef79bdab3dd4b8d,34,0,-1,469560847
566,0e05c797608bac17,5a7076003c7b7abf,35,0,-1,469560847
567,f1f1c3d420c05045,b796eb11f3b85ebc,36,0,-1,469560847
568,a70321f2c92d58c4,efc0aec1a91c427b,37,0,-1,469560847
569,cc342778f6bad2a0,70efcc0509958de9,38,0,-1,469560847
570,b3b1223150e12c96,23377eb985a128b2,39,0,-1,469560847
571,ffd38ad3d630ca03,94b43a5a04f925e8,40,0,-1,469560847
572,64ffe3ac9de25e85,33b51b82f989d5de,41,0,-1,469560847
573,9f8f23683c577faa,933711ca626c3c3f,42,0,-1,469560847
574,0b5dcaa93506e257,4a128ad9c6cd4317,43,0,-1,469560847
575,7703fb5a4264b4f5,f6f50c29ef4bf793,44,0,-1,469560847
576,548f13004c50c8ff,4440a313082cb907,45,0,-1,469560847
577,cc53f16942329de7,bf8fe655baa793bf,46,0,-1,469560847
578,7e913e602bda235d,05d63ff76cc4edac,47,0,-1,469560847
579,2337fa12f731a8ae,b2f1ba433741e6fe,48,0,-1,469560847
580,d419b9e44585293a,b80908d2f730546f,49,0,-1,469560847
581,6230ab06babc61cd,d8924a08a7e5a30a,50,0,-1,469560847
582,7ade0f8c23f65b51,8b604e1e21973eb5,51,0,-1,469560847
583,18d40331e597f336,f001518008eefa4e,52,0,-1,469560847
584,e3e172f6e8358f2a,d52c96cba6ea2f44,53,0,-1,469560847
585,86b144987bd06ee0,0a03b5af2bd06fab,54,0,-1,469560847
586,838160a8f166aff5,56ad4314a59d8877,55,0,-1,469560847
587,0ac56328e6160f86,87669fa1929c9069,56,0,-1,469560847
588,8e40b0c9488c3ae0,65efd91d54bd24ee,57,0,-1,469560847
589,137049b51d426257,bfc70c682545f83e,58,0,-1,469560847
590,05653375c499c9b2,6ab660cdef4bda70,59,0,-1,469560847
591,70114570de5bf1ab,cbb94eb9ad843d7d,60,0,-1,469560847
592,74364d38e46d8759,988315e2eaebc219,61,0,-1,469560847
593,7984a08aec181274,a3d9d10d84e8b572,62,0,-1,469560847
594,6dca166bd41db3a9,cda2065bfade0c89,63,0,-1,469560847
595,e80b4c274331b6a1,fe7bad7d7315f82b,64,0,-1,469560847
596,5aa1d2761231aad3,acf6a08ef5a16295,65,0,-1,469560847
597,0596dc31274c421f,3a3b07a299f9a37f,66,0,-1,469560847
598,387346a7036b2d67,92403d17a4530456,67,0,-1,469560847
599,9e7b45d4716fc5db,51fd143ba535b754,68,0,-1,469560847
600,37165f51368ebbff,e7ca586dd2a5e9fb,69,0,-1,469560847
601,56c9e5276cc492f5,76298d25521f4882,70,0,-1,469560847
602,949074538f7f6674,1c9f24630a3314c8,71,0,-1,469560847
603,5da1df501dd0ce4e,e5cba549cc0d6b4c,72,0,-1,469560847
604,5202b800c7ed2f8b,d695db9d9abde601,73,0,-1,469560847
605,0432b4dde956d254,944fed4b98266f03,74,0,-1,469560847
606,db28785409145912,7e762750e83bb183,75,0,-1,469560847
607,4d0c52e2ce8eb648,758d75b401492b24,76,0,-1,469560847
608,1bcd66ecfcc52c5e,5d7443f1f3b2b529,77,0,-1,469560847
609,0a3b38555ec3117e,81465ad843f6d765,78,0,-1,469560847
610,97d2bb1d2cf9f46b,2adea4bad4fa801d,79,0,-1,469560847
611,8120238fe3027dce,1debfc127a45d6af,80,0,-1,469560847
612,c8bd1daddbe17b7a,8aef7de62ff983fd,81,0,-1,469560847
613,7444f5b334ecf8d1,69bd3217b0deb62d,82,0,-1,469560847
614,7dad1f3e1c9c67a9,e869baeea8b46400,83,0,-1,469560847
615,5e49704e4876babf,04dca613cba697f0,84,0,-1,469560847
616,491d781266daf791,0807f2277d55fa63,85,0,-1,469560847
617,5de41d43fb520287,7f6d0682ace16d23,86,0,-1,469560847
618,b30467e7b42a1113,dec0a0f2d2ca9c5f,87,0,-1,469560847
619,62929606953bd435,269375067d0e9503,88,0,-1,469560847
620,c02b0432713421f2,96de6578abe5b866,89,0,-1,469560847
621,f442ce8a45574667,ad428f30ff08613a,90,0,-1,469560847
622,8e86bd303eeea998,646c64f3203541bf,91,0,-1,469560847
623,c0b3549c9ddb5b9a,04061f637d31b98e,92,0,-1,469560847
624,dda300bbe961967c,d026de75b0f9f172,93,0,-1,469560847
625,bd689712feb6630a,c5c4116eeab4548c,94,0,-1,469560847
626,55100f1a692af400,567df38f794ae025,95,0,-1,469560847
627,f6a3ebb40abe59ac,f3518c26d91cb7ca,96,0,-1,469560847
628,f84f7c8a6178416c,0b95977b0b4ebdba,97,0,-1,469560847
629,4f7740ae38c04909,51308c88a9b23863,98,0,-1,469560847
630,16f72b6ebbf10b6c,9650c67ecd9a2beb,99,0,-1,469560847
631,38a2311f715ad37d,90fef2bdd7f2a262,100,0,-1,469560847
632,7dda9efaa3d9fe7a,c72de2c07c024e19,101,0,-1,469560847
633,0053fbf8ce26438a,96cf668a523b7fbf,102,0,-1,469560847
634,e99d41d746700f69,1a59812dc08b9020,103,0,-1,469560847
635,bf8a309949bb454c,c359ba867112d892,104,0,-1,469560847
636,bba06b7162c3410e,5e36820da4e79813,105,0,-1,469560847
637,96eed1aa5ff52647,2d5d341d903d69f4,106,0,-1,469560847
638,07cd7bee377e5cda,703dde67cd41f9c1,107,0,-1,469560847
639,3b001b968a0cd75a,1b736021db0121a3,108,0,-1,469560847
640,e8b4459ca795a0c2,e2841a4a592e43c4,109,0,-1,469560847
641,c04dd96fa728ee08,a5c2c43a597b41bc,110,0,-1,469560847
642,edcf2f0427a0a83f,6c55d34d45de21e1,111,0,-1,469560847
643,b30aecdc04ccea8b,2acfa4d6a8d583e1,112,0,-1,469560847
644,4a6b36e356893d45,64cb9b2c5f3a092d,113,0,-1,469560847
645,3b0d0a5f3d01a9b6,601955ae5ee1bbe6,114,0,-1,469560847
646,7debbf3c45a67e84,3054e17c51d8063c,115,0,-1,469560847
647,35f5c65347ed96d1,ef291d9ff4574502,116,0,-1,469560847
648,7309a413e8bd29cf,1e8a50779297d09e,117,0,-1,469560847
649,48c18f7eb9fa731c,573e0479b1f86502,118,0,-1,469560847
650,92caa7f589244119,215a27576696ccbe,119,0,-1,469560847
651,798f1ee4086bf989,3215231ab8f207bc,120,0,-1,469560847
652,d6529cf07e13404c,02366a41a14b7574,121,0,-1,469560847
653,dc80bdb24aa5ce66,52d927c7ded4b773,122,0,-1,469560847
654,2504fb646d15bbec,efd00ad44e972c00,123,0,-1,469560847
655,321709ead9953989,157f2b41679306e0,124,0,-1,469560847
656,d6ed6e2e6535b8b8,66686d13db7bdce9,125,0,-1,469560847
657,8b856162af88fc35,3043b7d23453fe9e,126,0,-1,469560847
658,46a00da81386ff77,9c4e91cecd0e8df0,127,0,-1,469560847
659,1024c7f94fe2e26f,8f1101b1eb392321,128,0,-1,469560847
660,94eb0e06d1add49e,7ee32721c9d54873,129,0,-1,469560847
661,f1654d11ccc34cca,ea374228912e99bf,130,0,-1,469560847
662,c10059be571fa415,755aa9ab122c6a87,131,0,-1,469560847
663,00c163234e7167ea,bcd1e837c86b3491,132,0,-1,469560847
664,2dbe423324169f82,962e4da4fe740ead,133,0,-1,469560847
665,9e1d9aceae1c09b5,d47adbf3fbcb08b8,134,0,-1,469560847
666,9568fdc24e40d08b,b212995ad2d13109,135,0,-1,469560847
667,c4174770d5b5689b,d443832f39ca618c,136,0,-1,469560847
668,330c97050ba2e7e9,9f67ed82ee2fa3ef,137,0,-1,469560847
669,1e927fa0a8817fe7,7f116ee63012f37f,138,0,-1,469560847
670,99b342dd108387d7,6b7759a00da3e746,139,0,-1,469560847
671,deed4c0bdb2870be,8fc71d15364ec341,140,0,-1,469560847
672,493d7231396f6cd5,5186c84930715101,141,0,-1,469560847
673,c22423f274dcf7ff,106d24042a5d2275,142,0,-1,469560847
674,ca40dab254d35d43,e0a43cf132afdc63,143,0,-1,469560847
675,bbd70deb924c4303,fb82f881f3fa91cc,144,0,-1,469560847
676,9a65495ae51e4634,0356661941ccfb4e,145,0,-1,469560847
677,44ca2fda133d0f94,bf89363b0ce21136,146,0,-1,469560847
678,03345eacd92d6486,cc8841e9a7819985,147,0,-1,469560847
679,187e71f0e0a0b124,2a2af5c0b7c9709a,148,0,-1,469560847
680,42d493922b09ac9f,6f677ee5489734d4,149,0,-1,469560847
681,dd7b8d8b02b41ce5,6dfe3bdfb14d84d8,150,0,-1,469560847
682,994234acebe61233,dd802adb5fd8371b,151,0,-1,469560847
683,45fe4c89270b1178,c37722348f2692e8,152,0,-1,469560847
684,9318bf83d65ef41e,0c92fb59009cb2f3,153,0,-1,469560847
685,f91497fad2e3184d,7de198fd95ec61f2,154,0,-1,469560847
686,006beaa3c7b037a9,d04bab53dc30cf99,155,0,-1,469560847
687,2290f55478b343cb,d73500a903fa045e,156,0,-1,469560847
688,f9e222cab9363365,f50a287b7edc7a30,157,0,-1,469560847
689,82623ed6440b223b,3f0adcd7b882d3f6,158,0,-1,469560847
690,10bfce7255a110c2,7d0a1a3c0ffb2649,159,0,-1,469560847
691,0ac811dc7f104524,ddf7bfe8d3292b59,160,0,-1,469560847
692,9e7cfed7dbb14a39,e310aa59b772c69f,161,0,-1,469560847
693,f650a5d121db6f6f,1fb6d4f3584642aa,162,0,-1,469560847
694,df2b5efdf21a3995,1a26ed3f0335e16c,163,0,-1,469560847
695,a0fc7d905b95f4cb,52288375e1a307d3,164,0,-1,469560847
696,00a4818a50b1411f,9d154e7463a1fbb9,165,0,-1,469560847
697,af56a5d35ab42205,cde10b84c58ffc70,166,0,-1,469560847
698,75397b69fcc50f91,5af3907a47f1caec,167,0,-1,469560847
699,04ba42009de5c632,ce2eedd861981498,168,0,-1,469560847
700,d36837de038e6567,29903012ee65ea53,169,0,-1,469560847
701,d46a798b069c182b,77aff85975e5001c,170,0,-1,469560847
702,30a84f92bbdc9db4,c627802b35f5774e,171,0,-1,469560847
703,7328bb5412ff99b0,759cec076b17646b,172,0,-1,469560847
704,60eb78fc39f3fb7e,4d953cf43f6f6ed7,173,0,-1,469560847
705,659c984387badadb,01fbcccb1a517f07,174,0,-1,469560847
706,466939e0ba16de32,e0b6f32f4824d3a8,175,0,-1,469560847
707,c083e3a0324e7c27,a502f9bb2e776051,176,0,-1,469560847
708,d90e6153c1f89fab,cac1edc9c7223892,177,0,-1,469560847
709,484c5ac7fe23a17b,ca5fbdbd562f1570,178,0,-1,469560847
710,a5fa4b8b3547a59b,dca401d6cad53390,179,0,-1,469560847
711,00bd485516d0f4a7,dcfe044ed16f7a92,180,0,-1,469560847
712,f780893ee3431a56,51bb2902264d589c,181,0,-1,469560847
713,aa28be1f0820c10a,7452db05f2ab8171,182,0,-1,469560847
714,65856aa2a1dc5980,48c4d72aed5b6b6f,183,0,-1,469560847
715,47709595fdc49be0,8cac5cf11461fed7,184,0,-1,469560847
716,5fdd38bb7f8332e4,ba29669ebcb50200,185,0,-1,469560847
717,81ab3740bb4f7ff8,721ac20173d0eba4,186,0,-1,469560847
718,61cafbdd6f469ff7,32efa009e714d7ad,187,0,-1,469560847
719,5f1f05b6e88bbe41,cd6d2e75070bcd1f,188,0,-1,469560847
720,4adf01f0fc697c02,3f5bde5f24ccb444,189,0,-1,469560847
721,8a5b4a7dc672afdd,5bc62a3f2837175b,190,0,-1,469560847
722,08e603c8ed08c6da,75b67849246936ac,191,0,-1,469560847
723,5b28ac28808302f3,b383480a81a89b19,192,0,-1,469560847
724,beb0f571d4268106,6dbd5e3136edea9b,193,0,-1,469560847
725,2e3921c2ea0d85e0,0eeb9e7192cfadd9,194,0,-1,469560847
726,535b79a0ceae42ee,3d0d0e55cd7f4e31,195,0,-1,469560847
727,8d414bc90e43e17c,052a448d4a4c5ea1,196,0,-1,469560847
728,4a5cc802cc5fab9f,2f62b9606128a59b,197,0,-1,469560847
729,c32cfcfd7bf8352c,a86b2a783b53ff06,198,0,-1,469560847
730,7a06e73f5466f4aa,c3f79ae338208697,199,0,-1,469560847
731,c07f529aa2479836,22c336fc169d52a7,200,0,-1,469560847
732,8b6f85329bab57a5,0cb2c576ec238fd6,201,0,-1,469560847
733,04bca9ec72266b26,daed7c8946383d19,202,0,-1,469560847
734,d113d541e77e0828,76e19ab998228247,203,0,-1,469560847
735,75be4c7e5baa1699,ac6223a918a32ea5,204,0,-1,469560847
736,dd305cc144e4638a,2f9f77551b910b2f,205,0,-1,469560847
737,3d7ebfae73f4b290,0e1984e255f8cf28,206,0,-1,469560847
738,27b5037c9649dd44,0e09629cbcbd469c,207,0,-1,469560847
739,f859f5daf7770999,38440ea87ba175eb,208,0,-1,469560847
740,ce7cce8e4b43473b,9b97c08608c4bddb,209,0,-1,469560847
741,c0607d9207714278,5439113827dfcb61,210,0,-1,469560847
742,e9aa5c90dc6ab2cf,1019209d9296204b,211,0,-1,469560847
743,2e17e90249b4e839,d64aa6d8e461390a,212,0,-1,469560847
744,7d71df147567176f,22e4482c1178b202,213,0,-1,469560847
745,67243e804ed7b031,fc9c1f883b6b9269,214,0,-1,469560847
746,465e25b7383de70b,76f0d9cb35736f95,215,0,-1,469560847
747,dd4673dde4bc9d26,ed4e6c826e115611,216,0,-1,469560847
748,53bf8ac6f4d5872d,3818d380bddf65ee,217,0,-1,469560847
749,e369b0a47d3054e0,9848a51e6f723f56,218,0,-1,469560847
750,d80b70f458ed5b8e,2860a7bd0b9ccc28,219,0,-1,469560847
751,d485704720bd1f4b,dfa707afa68cc93d,220,0,-1,469560847
752,4030852b1cc6caab,89f3dc37960996e8,221,0,-1,469560847
753,7147e51683df851b,fa4cd736f4817591,222,0,-1,469560847
754,5842b4847dfd9762,aecda20361de1c66,223,0,-1,469560847
755,8f33ed25a0c0adc4,0af42776523d19c6,224,0,-1,469560847
756,57c8d69cf4612cda,99d0db6c5ccc9778,225,0,-1,469560847
757,2c31cdac5f9c2803,8a123caf623277c5,226,0,-1,469560847
758,b53d08cbe05b2b6f,49fc3e2caa72a12e,227,0,-1,469560847
759,d73c11156b640aca,0acf5da8132da637,228,0,-1,469560847
760,a36a715e3cb40781,f6111602ae5e942f,229,0,-1,469560847
761,b97a9915b2620187,3d51f9bd00b28491,230,0,-1,469560847
762,f3ece97732133b57,c7ee6decf5cf618c,231,0,-1,469560847
763,121f79dc6ca695df,e0d2eda342163dcf,232,0,-1,469560847
764,e573df451e4f8894,4ba993f904dd59cf,233,0,-1,469560847
765,4a431712dc203d36,c9a85fdcb8cd7149,234,0,-1,469560847
766,1c1e9b205eaead44,902238802a513273,235,0,-1,469560847
767,ac51e58e2d850574,3e376073f2f2b4b5,236,0,-1,469560847
768,1c3fcaacd5d23969,ba393296bccdc029,237,0,-1,469560847
769,406e72f58cedbb35,24b2d4763afe6871,238,0,-1,469560847
770,ef530630ad27f0da,afc7661f39893998,239,0,-1,469560847
771,a841c87a6efba52a,d9305b98f316b6c6,240,0,-1,469560847
772,a3625b2e6bfd5e8a,cf168366a2db0777,241,0,-1,469560847
773,ab8c3915a62f325e,78253470839ba27d,242,0,-1,469560847
774,0d69341d75a92451,8163152af63dc23c,243,0,-1,469560847
775,8dc9bfc2f269a654,d65597d042fe2d68,244,0,-1,469560847
776,cdbcb893bf782791,e4051cc654aba302,245,0,-1,469560847
777,66ff56936f02b962,6c63158b0f30437d,246,0,-1,469560847
778,2013102e9cc47ea0,860795f20b7fd00e,247,0,-1,469560847
779,d76852d8a0f270a5,2adfe50d1e937325,248,0,-1,469560847
780,4cc522b1c4a4f843,afae4633697694b9,249,0,-1,469560847
781,90c5e4bb80d385a1,99e36cd242e5e6cc,250,0,-1,469560847
782,6c400401e7122ad6,7139b25727a00455,251,0,-1,469560847
783,59a75b1b5326036e,f865a1c95b6a49a7,252,0,-1,469560847
784,ef95bedcb5d612e4,01207aad48ffc23a,253,0,-1,469560847
785,c1ee9b4bfcaa5518,72b49e365bd474b5,254,0,-1,469560847
786,5c2f4486c751c919,bab13b5e7e9e966a,255,0,-1,469560847
787,6c81162ca454a135,c6a3ddd41789b5bf,256,0,-1,469560847
788,5019a4e0bdf7bb5f,6f849795b27508c5,257,0,-1,469560847
789,e3496a4a163eeeb3,78ec0aa0c05ad51b,258,0,-1,469560847
790,8bb9a83267904b9e,2a637b9d75624009,259,0,-1,469560847
791,1e720b1a9d385af7,69875a534604dcb7,260,0,-1,469560847
792,8b719705d5129372,24f060034966ee54,261,0,-1,469560847
793,e65d7a136b1f134c,f203496bc9593ca9,262,0,-1,469560847
794,91d3e02e0bd093e2,d362f6e52d9356d9,263,0,-1,469560847
795,3fa204aa11515f87,df24f0e1dd7eb193,264,0,-1,469560847
796,b841dbecbad9e504,eba1328715c59093,265,0,-1,469560847
797,41c046709defeb40,da223d0c277f4d3c,266,0,-1,469560847
798,d6baa2474df3103e,9eb871e018d43aee,267,0,-1,469560847
799,dc3117d7e8b3ea24,c3f3d89b1e446ffe,268,0,-1,469560847
800,87c1a4518d628198,464defbac8dd2958,269,0,-1,469560847
801,0f1439feb6f1b332,b8aae17d2842d9a7,270,0,-1,469560847
802,8cf0e7e3cda6d8a1,94a797d5cb599f1b,271,0,-1,469560847
803,ed3be1269ccc3f60,f05daef3a50e1a87,272,0,-1,469560847
804,48c86656a59ddaf9,917f8d3a9e83731d,273,0,-1,469560847
805,d582b07ffe26ea3a,a91c0665c3d55ab7,274,0,-1,469560847
806,f545c3139e33e59f,b68a8e8af1478fbb,275,0,-1,469560847
807,43ee1c91cbe4185d,c055888e903bde40,276,0,-1,469560847
808,2368b521c972c50a,bd2cb73968103935,277,0,-1,469560847
809,8dacfa838154b59d,fcf5ffead074f7f0,278,0,-1,469560847
810,56ab069700657a7a,25bfffba6cc65310,279,0,-1,469560847
811,c58f57f04f29a76a,eb1e790658a40e9a,280,0,-1,469560847
812,98c1ac711ba5663d,dbc7e7273b87d6a9,281,0,-1,469560847
813,6a9ba530daa89931,832da77758f95d5f,282,1,-1,469560847
814,f1a6593dc9b45629,46f68fdc9cea56fc,283,2,-1,469560847
815,dba8053be51274ed,d80a2aecc8973410,284,3,-1,469560847
816,408a737b77f4f0e3,7f2496e45019d626,285,4,-1,469560847
817,b57d8a3535ea52a6,77c8c3b471eec401,286,5,-1,469560847
818,10e6febf9e1ea353,5d000db0deafa30a,287,6,-1,469560847
819,510bf45bfaffc22f,3a3c297388ba8e61,288,7,-1,469560847
820,b559c816f78e21f1,a352604e27898fbc,289,8,-1,469560847
821,b2b17555c1d8cd14,33fd4cc972bc7b27,290,0,-1,469560847
822,cf7c5db3eef13d8d,d0dc6e525b69392b,291,0,-1,469560847
823,6e2dbc5dc9824229,89a27db6c81bb5fe,292,0,-1,469560847
824,42c995e00a7716db,1ea4961da7415ac5,293,0,-1,469560847
825,87f6f9b7f3d96a7f,ad06dbadff6c8ae6,294,0,-1,469560847
826,ef7b86237bbbaa72,5572c180bf2cfd3d,295,0,-1,469560847
827,774a9a5089956b9e,299799c836a3ff16,296,0,-1,469560847
828,4929b9ea8fe46f8c,b07ac78967772a42,297,0,-1,469560847
829,beaa0ec497a545fc,9938a736aee702e9,298,0,-1,469560847
830,b7ee8f7bf9e348a4,f6c3a852d4b2696f,299,0,-1,469560847
831,bd60cd9caac4d5b8,717631d10e2a4736,300,1,-1,469560847
832,491c39f86229e9cd,a66c5d73867c04d8,301,2,-1,469560847
833,5dda5c8ab29b1788,887be30fbfa6b9fc,302,3,-1,469560847
834,88199fd2daef2c18,f3a02b4adf80abcd,303,4,-1,469560847
835,21a86605eda42347,a619f98d598602e5,304,0,-1,469560847
836,824163e3163ae3dd,a6b81435e672473a,305,1,-1,469560847
837,529524e74297528a,03c94feab3d4302a,306,2,-1,469560847
838,c16752b208d7fc4b,562b0a9be16aed04,307,3,-1,469560847
839,b3313bce499ca56b,bc87275d861219c5,308,4,-1,469560847
840,696c6108a262d7f7,adf1c22d2fb35707,309,5,-1,469560847
841,0bd57ebccf37e7e5,2de6e948f7e8831d,310,6,-1,469560847
842,806f6f5492b2c91d,66fbec93213c15fe,311,7,-1,469560847
843,324bcf58df9cae14,94756c9706638b5e,312,8,-1,469560847
844,5ab428ddf8848f9b,29c926c052f3b090,313,0,-1,469560847
845,aa29b974f00f48da,748ff3c6b0b5ea63,314,0,-1,469560847
846,d29d0cd5b84943a6,63df4422012ff2f4,315,1,-1,469560847
847,0c4fda96846ca45d,4d20731ac47c4005,316,2,-1,469560847
848,0f8945b3e52ccdba,c4fd10cc6ca0cd45,317,3,-1,469560847
849,c1b628120caddfec,c760ee4a0ecac03b,318,4,-1,469560847
850,8f65e09bc9d4839e,a7f5b3d4c151e795,319,0,-1,469560847
851,ece36915220614d9,705398b2f45c00d0,320,0,-1,469560847
852,c505a50dbf80ecf3,099b77f24f6935c3,321,0,-1,469560847
853,98a2739810b81c90,316c3648c479e98d,322,0,-1,469560847
854,f1f37e3f70a8c7b6,9baaa64c41ec318c,323,0,-1,469560847
855,af08a79fa2a07768,9b3e6438e8abdc0b,324,1,-1,469560847
856,74bf6e80df792b78,acc0162202760000,325,2,-1,469560847
857,3a8daf2571459061,e49d12b86f44ae05,326,3,-1,469560847
858,b2c89181cf122cf1,0d88ecc776633873,327,4,-1,469560847
859,5b7c06b1d07699a0,8e7d7011cfe5e9da,328,5,-1,469560847
860,b3505f99e5d294b5,f8eeebe175b56099,329,6,-1,469560847
861,b0dc99f3840fb2de,0703adba498a157c,330,7,-1,469560847
862,2f5fbf7b203e71f8,aefe14c6a6df400f,331,0,-1,469560847
863,9263e38963fcce13,292f9c1d38eb19c8,332,0,-1,469560847
864,a6288f557fcab997,50de542664ef3312,333,0,-1,469560847
865,9e661f9cfb0ee765,00f16c364a5c290a,334,1,-1,469560847
866,4eb1ad8b86a105d3,73c8348a5673ee00,335,2,-1,469560847
867,df15b8942ab7420a,9ff832f84a7714a5,336,3,-1,469560847
868,2b2248907f540128,302fffdc213defbc,337,4,-1,469560847
869,e53a98eab4f2c6ca,37ee4b890a29f34a,338,5,-1,469560847
870,f7e3e8e266039b39,2175e6e5f72fe4d6,339,6,-1,469560847
871,583ba34e020f2928,50829274d0a062ef,340,7,-1,469560847
872,cb4c258c17697489,571125a726af3003,341,8,-1,469560847
873,21fbf179a34e5f2b,8c7aa1e90955ad3c,342,9,-1,469560847
874,2f61f92ec6844308,c3b9f5d8ce484219,343,10,-1,469560847
875,fccf70364dae8dd5,ea8dfa2c83350fc5,344,11,-1,469560847
876,8bc0427c262857b0,766009b1f4ec327e,345,12,-1,469560847
877,db0e783dc02a8302,d0c3cbd41442936e,346,13,-1,469560847
878,314417b42f452d35,3ccae55c6317e85c,347,14,-1,469560847
879,7c07e22f2ee11953,144bf6fe8eb14574,348,15,-1,469560847
880,7d6ccd7fd19de58c,e6fb297ef88b8890,349,16,-1,469560847
881,e8e291fa878683ad,1e86b28992ed2337,350,17,-1,469560847
882,b399759d6d3d0070,44ea692fb0952e27,351,18,-1,469560847
883,46e8c1c4b3a29284,9868eb6a569bf8dc,352,19,-1,469560847
884,e54813aace87aa5c,fdac39e5659156c7,353,20,-1,469560847
885,150460ac7483202a,2283da6eab141b78,354,21,-1,469560847
886,3f59e69a07146400,9203f44cabda5079,355,22,-1,469560847
887,977265b39b11ee52,458f51f7d1f91d00,356,23,-1,469560847
888,69888c5873dcc096,95b69d2a1dc692e7,357,24,-1,469560847
889,454b361e29b03621,5cbaad8a3fe11cf3,358,25,-1,469560847
890,de29e8b2b0f6a1f0,670872aade4bf9e0,359,26,-1,469560847
891,2af93138cd0e0f1d,1ac9b3baeb8c8f6b,360,27,-1,469560847
892,4a1a08714d907ba5,a9a37ee09ffcefee,361,28,-1,469560847
893,f639821d766c75ca,8bfd2c75eb5b1520,362,29,-1,469560847
894,98587edc887c452f,5b74f2d394f20846,363,30,-1,469560847
895,c59245d3ed4c2f85,f65c2b4c7ff2d47a,364,31,-1,469560847
896,3de74bdad3d6e70e,58a0c2c61e097618,365,32,-1,469560847
897,f927993f29e9ffed,96ebc5338bf5a55b,366,33,-1,469560847
898,5842de3ccf04d0e2,57703b0ecce8d16c,367,34,-1,469560847
899,b84ba6370fe468d4,88f831f260d61f95,368,35,-1,469560847
900,6967d73a79a229e6,27e605307ec0cf72,369,36,-1,469560847
901,e6b4f0cf1da635be,f1963a92d6b8f394,370,37,-1,469560847
902,f0477f0313bc4979,ff643cbf9452d133,371,38,-1,469560847
903,8da3d9c1ab6f6ac8,2cb5b05f5765ff15,372,39,0,2884990933
904,075d5ae7702b8d90,503c0e6ce2116623,372,39,1,2884990933
905,61185a9a9caa1447,cbab43ce373cd218,372,39,2,2884990933
906,a0b70d1cdf01b542,d1208fee914185a9,372,39,3,2884990933
907,bb600d08df69e20a,caa389bca6766450,372,39,4,2884990933
908,f161b101115b58a6,5e6747bd7be72429,372,39,5,2884990933
909,6ab3ffeec27f7e35,aed884520588cb91,372,39,6,2884990933
910,0a8de8a4d9b3b6de,e25389b4135ed423,372,39,7,2884990933
911,9d03d568e010f8b1,2538ada5b9602a18,372,39,8,2884990933
912,0040f7edcffacc34,c0728f952f9461c6,372,39,9,2884990933
913,11a8078a2ec8c47a,67d8fd8b81b04b61,372,39,10,2884990933
914,7017f18f19ac3542,6b622998f796503d,372,39,11,2884990933
915,97b0721de241f4c9,a236fca9e363acf2,372,39,12,2884990933
916,04161bbbede7ab55,d60e9dab57aaaca3,372,39,13,2884990933
917,694413a01657e7a7,328fab5a27e8784b,372,39,14,2884990933
918,f80126da17170564,02ca873fae011293,372,39,15,2884990933
919,37b4fafaf8f16187,48f83f8ea4abb6a0,372,39,16,2884990933
920,4728bfdad0337fb9,70f0a3bc3057c586,372,39,17,2884990933
921,2357dfdf2c267bce,5829e3ee23282456,372,39,18,2884990933
922,42ecd6399ffce133,8911e4dac68fba08,372,39,19,2884990933
923,cc6ce955449f2266,0306306c7c2adddb,372,39,20,2884990933
924,1ab3df7397638c6f,e9d83295c4fe7667,372,39,21,2884990933
925,3f37f191a386bd9f,05e6088d2dada081,372,39,22,2884990933
926,7838341e8e993f06,d913f6a9e43fd828,372,39,23,2884990933
927,327a74f9626b3be0,447c1481bd0fffaf,372,39,24,2884990933
928,8d5abbe2fadb2ee4,82d410100b8623fa,372,39,25,2884990933
929,623715cb7d52c37a,048a00fa1faa5a2f,372,39,26,2884990933
930,793cb9a2ebe130e8,9f460539764f393e,372,39,27,2884990933
931,00538d8335e8d9e2,529f8946e96bd5b2,372,39,28,2884990933
932,a6fe477ee85a99b0,3860761ddef260d2,372,39,29,2884990933
933,3d83fe998257e2d9,7f2b71651dd0b34e,372,39,30,2884990933
934,a75ced74b8e42394,6e0baecbed917995,372,39,31,2884990933
935,d982f1a8390af254,83b84138090207dd,372,39,32,2884990933
936,cfe5120cb723a552,b6e9908a9e79174c,372,39,33,2884990933
937,2348418d7c04569f,80d6d36b8fc21914,372,39,34,2884990933
938,d618dffad8bee459,81122390425af4f1,372,39,35,2884990933
939,b9d2d4e542c050a0,790ceb2f7f003f3c,372,39,36,2884990933
940,9b4656d579046c9e,73da5d78dba7a2f3,372,39,37,2884990933
941,58bf2d5710c0cad9,7df028d37c02c137,372,39,38,2884990933
942,d173cc499b554430,7b64fd0d70c0debc,372,39,39,2884990933
943,8349474b6c71f176,06bcb80627a8e3ed,372,39,40,2884990933
944,ed17a7dbebcd60dd,343ea97f85ec1a66,372,39,41,2884990933
945,5c2bb5ed283dc446,f2089bd8548d2c74,372,39,42,2884990933
946,ba184dd13de5ef4e,de98e1046b25ab34,372,39,43,2884990933
947,92aad1410558856d,d7852c7dea95143e,372,39,44,2884990933
948,dc34820809bc2f74,a34804a456479abb,372,39,45,2884990933
949,124995627ef69d70,5752a99499f3745f,372,39,46,2884990933
950,c36348276a07641b,97037f61ed60e607,372,39,47,2884990933
951,d0319b74b0fa15c2,7d7c173b3bf164d3,372,39,48,2884990933
952,926bc142f184c243,e6da7ec9fffe0fcc,372,39,49,2884990933
953,53af338a45bc0de3,2daba11a902463d6,372,39,50,2884990933
954,e0f3178a2543d34f,4de3b10d1843ffcf,372,39,51,2884990933
955,4f298c539dce22b1,2091decef45dd3d7,372,39,52,2884990933
956,b6791687be63244c,81b7b6f39ffc8ed8,372,39,53,2884990933
957,6f578cf5a21c64c9,30cf449548929f9a,372,39,54,2884990933
958,b61aff842c0cc6dd,e1591eaf0d39fb2a,372,39,55,2884990933
959,8d35fcf2d1d90c96,6318c292609cb8a3,372,39,56,2884990933
960,99022671abc08ecf,acd728748c0a1fde,372,39,57,2884990933
961,ed688f4c8733ce2e,4281c7ffd361898f,372,39,58,2884990933
962,bdf3a3c044481bdc,d71e231459aa4495,372,39,59,2884990933
963,fc5262485b0ee32a,798f8b2e1e918ef1,372,39,60,2884990933
964,9c88e3f707abbad3,29e5863adbf3c6c7,372,39,61,2884990933
965,dadbc0e31a0d0c7d,8f6426041647a33c,372,39,62,2884990933
966,efb603ddc66317f9,690ee0d3b7f2fcd1,372,39,63,2884990933
967,d0629887cf7f089c,0fa9a8def3033ac2,372,39,64,2884990933
968,0be90ebce5c77066,5eed3f9938b6678a,372,39,65,2884990933
969,787e78b6d5c60606,030cf31c7aab9a36,372,39,66,2884990933
970,a697bf0368c569d5,02edf74893207b52,372,39,67,2884990933
971,c592bb37f925092e,a4e4241b7378a1ce,372,39,68,2884990933
972,86f1ba05a38c432e,6e265a55feed873b,372,39,69,2884990933
973,a9fd1af279b5b434,0e3ebbc14adc0487,372,39,70,2884990933
974,34722e6b9642c838,817e3ef742ac9743,372,39,71,2884990933
975,1eb4aa1951b48642,9ee2ec1b582d7ef9,372,39,72,2884990933
976,5616e99fdda2df79,0329bf8db2bbc21a,372,39,73,2884990933
977,3cd97a638a87cff7,e91ade5ffd728727,372,39,74,2884990933
978,151252b110bc309b,e626de60bc62e905,372,39,75,2884990933
979,4f09f686c04d5885,beefdf31b802c709,372,39,76,2884990933
980,9d61bc832f283efa,954ea5a9398aae54,372,39,77,2884990933
981,d5abf29b020b67a3,84c6c31b459e9109,372,39,78,2884990933
982,625207fb80b2b4f3,39b8024e13d30840,372,39,79,2884990933
983,ffedf2bc998c0f32,00003e16972afd40,372,39,80,2884990933
984,605be06b55e11195,335f66f5b8dee369,372,39,81,2884990933
985,0b8f02a6595f0ccb,f2105cce18c58dda,372,39,82,2884990933
986,182cc208ca11ccbe,3725ed6f08af4c79,372,39,83,2884990933
987,4280ee1fd265eb75,7898d989105628e6,372,39,84,2884990933
988,fc1825cdb08dc21c,80225d46e5bceff1,372,39,85,2884990933
989,453c138079276739,3492df293b6e70ac,372,39,86,2884990933
990,53530371fb3b38db,6d1290e5bc2ecb68,372,39,87,2884990933
991,a7089fbaf96551b7,74b56ccc4719b611,372,39,88,2884990933
992,0b36923b84ba721d,b32bd1ac83e3663d,372,39,89,2884990933
993,d41434e03e513ad3,2d36c20a9e8a0829,372,39,90,2884990933
994,ba79a97e7376e223,7e1efb60a4b82b1d,372,39,91,2884990933
995,76ce34c17d396cbe,6e346836b74a5e5c,372,39,92,2884990933
996,83f984963f098af1,1ef5ecf12c6f198b,372,39,93,2884990933
997,1a8c23c0d522bb55,959e1db4663ad480,372,39,94,2884990933
998,cd44b7b7858c004c,914126e433fc497e,372,39,95,2884990933
999,7069d1f0d88b5e6f,70aa22457d68d650,372,39,96,2884990933
1000,9027296e54bad6ab,57c5df98982c0b91,372,39,97,2884990933
1001,ebe0f70176a2f2cb,e40fd05131790038,372,39,98,2884990933
1002,bc6db6da5f5cca0a,84952eeb93177bba,372,39,99,2884990933
1003,1f76468c11ac4836,3835831cbc62ca37,372,39,100,2884990933
1004,493610b361f35ea2,5432bf69219e3c14,372,39,101,2884990933
1005,099c67175dbf1db9,96c86f5e068bd6b5,372,39,102,2884990933
1006,75d1a9edfc47ef25,5fc8c216b2d694f1,0,0,-1,2884990933
1007,e4ac1c4d68f9e97b,2a007c971078f4d4,1,0,-1,2884990933
1008,a240609f34dbcc6d,f17427b4c2d10eef,2,0,-1,2884990933
1009,7e6e2dc26b2011bc,e52181d6bce34c9b,3,0,-1,2884990933
1010,70f83c837c31faa1,da3f848a3c44fca6,4,0,-1,2884990933
1011,5d05f3519f65ab02,4c1c1552af9bdc6e,5,0,-1,2884990933
1012,a752b0ff8fa3c4f8,657eca432b6ac5e3,6,0,-1,2884990933
1013,642d9b8507527193,ca51c1783c818b90,7,0,-1,2884990933
1014,833f33872d073bb9,366b3a08495d888e,8,0,-1,2884990933
1015,827c8958cda8521a,7a5fbc14b98cfe3c,9,0,-1,2884990933
1016,2548061d155d1382,e05e49b33ae199e5,10,0,-1,2884990933
1017,f72704e995366d75,578a6983d91393d9,11,0,-1,2884990933
1018,664b59e3e4a95bec,bc169a1f37d2ba5c,12,0,-1,2884990933
1019,0be19ea613dde508,a4f819b524aded72,13,0,-1,2884990933
1020,592640f0008cf656,515c5e12a4d0d9e9,14,0,-1,2884990933
1021,e235075dce44127b,e37b61a1e7ba3ec5,15,0,-1,2884990933
1022,2132066bd791699a,4be28475621c0aa7,16,0,-1,2884990933
1023,d54d2d7968bb3dfa,46b791208597b58b,17,0,-1,2884990933
1024,a284ca6feda82538,9c0d10c0e1a12940,18,0,-1,2884990933
1025,71b0f1d5fcaf25a8,de3f7a1ee4cde0fe,19,0,-1,2884990933
1026,b4f81627e5bcac41,e0b6c51e895e0242,20,0,-1,2884990933
1027,3bb8cd7060c3804a,25eb77e9b8c8c067,21,0,-1,2884990933
1028,2d0c41ddb0ae7b2f,61e4574db76e3e1c,22,0,-1,2884990933
1029,e8ff48dd88a4ec66,6b1159f35eef7526,23,0,-1,2884990933
1030,60a3e223ea404be6,ab34f8c308e63763,24,0,-1,2884990933
1031,0c3ded05cf38fd09,72c43d5d309e0f98,25,0,-1,2884990933
1032,5c53c0e032787453,b730ba371d41dddb,26,0,-1,2884990933
1033,5d0924ddf910b765,cac1e8d4f67e35e7,27,0,-1,2884990933
1034,e583877db71b5d04,f24582aeb2fa8817,28,0,-1,2884990933
1035,6b24886b8138bad6,9fc63bbb430ad8ce,29,0,-1,2884990933
1036,ecbe56381314e1d4,274e7a30cd312088,30,0,-1,2884990933
1037,b7eac47d3e6279ad,956864688e9bf23b,31,0,-1,2884990933
1038,b17ac3da101d2d52,b99dfaa3277df10c,32,0,-1,2884990933
1039,ee9821a068d0f854,f13c1f7c1861833e,33,0,-1,2884990933
1040,b22e0b9e2a7d61a8,df59abfc8b3e528a,34,0,-1,2884990933
1041,d0d88d7e0644576a,3bea3e0b6c74f15a,35,0,-1,2884990933
1042,01b8ecc6d5f04782,d16fbc3022115613,36,0,-1,2884990933
1043,900c4a87e17c8e1d,86366026a2ddf700,37,0,-1,2884990933
1044,1e2bb4939c826b39,74844e0f0e0bac76,38,0,-1,2884990933
1045,1208b0c48c44f705,ea84703b26ccbdc1,39,0,-1,2884990933
1046,8565a7614b2c544d,abb8b900c2ed0614,40,0,-1,2884990933
1047,01498214c1a808b4,0f5775c457be335d,41,0,-1,2884990933
1048,b35a4ad96d5f752d,7fdd805ddbe2e3c3,42,0,-1,2884990933
1049,3285ce433810526f,d769b16f7bf33f20,43,0,-1,2884990933
1050,bdd2caaa52ca6fe8,0042a313795c5acd,44,0,-1,2884990933
1051,5265ea28722b8369,d2209ea13e7e3b02,45,0,-1,2884990933
1052,8e182f8c3828eb90,8cb2d4a973d55a92,46,0,-1,2884990933
1053,ff56f9906167b698,63d104d2095ea9dd,47,0,-1,2884990933
1054,d6e6d0b7fa946bbf,4443b01795668319,48,0,-1,2884990933
1055,836ca02136355427,03d2420e2ca57e80,49,0,-1,2884990933
1056,ff1cbcf2c82a8b8a,662ec8ab5b49a7f3,50,0,-1,2884990933
1057,a3584f465ce5104f,81c05da135e97294,51,0,-1,2884990933
1058,690cac7800033213,15285903a9ade0f6,52,0,-1,2884990933
1059,18a2a53fac269c65,82cc4a2a95dd5450,53,0,-1,2884990933
1060,910edb974e28f108,e0629d016286c5a5,54,0,-1,2884990933
1061,e79510fa29405807,3b9ba690568fbb75,55,0,-1,2884990933
1062,b5f51fb7b1bde7c9,4405ad0d8ed9e085,56,0,-1,2884990933
1063,32575f62ed2247c2,46b42479a804b93a,57,0,-1,2884990933
1064,e7b63322e3047a70,9de459d504ff0c31,58,0,-1,2884990933
1065,39f250414cc6df23,5a2b168f591f21af,59,0,-1,2884990933
1066,8b3d8b485687fd59,c529e1606e62ce24,60,0,-1,2884990933
1067,3b32c3363e2224bd,f2c0729892cab7d0,61,0,-1,2884990933
1068,855074560360333c,c920136d1bbb6bd7,62,0,-1,2884990933
1069,5ca81ad378520042,767246e079c2bf5f,63,0,-1,2884990933
1070,51c401672752735b,9a6ba0c0509d300e,64,0,-1,2884990933
1071,4c9e221189e57e4e,1d42f87fd6978823,65,0,-1,2884990933
1072,7bb8a21b73c6fa76,57083bd285989f9d,66,0,-1,2884990933
1073,bb2a3507181f6c79,fcaeb9185d8b3016,67,0,-1,2884990933
1074,8210c21bdb89088f,563f56d2e6d531d3,68,0,-1,2884990933
1075,3d78cad355d495d2,c17383149925cc0f,69,0,-1,2884990933
1076,f1584c19a929397e,bd769888031c5566,70,0,-1,2884990933
1077,374d39a38c8ed4b0,b09a1102bae3bbcb,71,0,-1,2884990933
1078,15f5941f7ab608ef,c49d146b567e9836,72,0,-1,2884990933
1079,12796594f4d80492,93fd200f114d434a,73,0,-1,2884990933
1080,38ff402d3aeaf11b,f5735a7959220ee8,74,0,-1,2884990933
1081,e6e52aef11bad620,85ca1530f467678f,75,0,-1,2884990933
1082,f4a7598ff0cf4c66,4730045978724481,76,0,-1,2884990933
1083,48e1ec8464d160c7,6fbebb0306fc36f9,77,0,-1,2884990933
1084,65ec6e28aa8bfd34,69e4a8fc5492ecdd,78,0,-1,2884990933
1085,dfbeba4e2e203994,0e93f01b3c5fb5f7,79,0,-1,2884990933
1086,f60cef261fe2ac0b,86821e651b333e22,80,0,-1,2884990933
1087,27716d17825b9f54,57e85849620b7783,81,0,-1,2884990933
1088,2591cbfa12040ab5,105d59558e076e3e,82,0,-1,2884990933
1089,fb90f53feeb9a910,10b77c0d638ced2b,83,0,-1,2884990933
1090,1c71556d455a9759,d43a7688b365045f,84,0,-1,2884990933
1091,792dd90e9dc10348,29e17a83ca60625f,85,0,-1,2884990933
1092,9214b64140b4811d,494490f0f5dd1ddc,86,0,-1,2884990933
1093,94c8ff9561711214,d056c1913ce73213,87,0,-1,2884990933
1094,a67a1e104c4f53c3,55de6f4d44ed3b11,88,0,-1,2884990933
1095,ca79c05390cd02c3,075d01c1f4360817,89,0,-1,2884990933
1096,11f4b4e710347104,65a15393b2fd1201,90,0,-1,2884990933
1097,a47ba464499f702e,7ffa0f424c80aa90,91,0,-1,2884990933
1098,c0c7499ee5fb35b7,bd6e1b9c4e555370,92,0,-1,2884990933
1099,bb130af4ffa9ea5e,6454f01f2fbc8c7e,93,0,-1,2884990933
1100,45ec65f01486f04a,7b61c2ea21135b9b,94,0,-1,2884990933
1101,d65f477076d83d1b,01655f8e0486c6cc,95,0,-1,2884990933
1102,0e8b52770fa7b404,0593ebe763ea7767,96,0,-1,2884990933
1103,f8f038513dab5aa6,8cfc18a5c6204d18,97,0,-1,2884990933
1104,363e7395f1475b4f,aff16963cd41083d,98,0,-1,2884990933
1105,f99bac80e06a3a61,2c0bf416ba383aa0,99,0,-1,2884990933
1106,85d6897fb2e2cd7f,683f67f26d064ab0,100,0,-1,2884990933
1107,197d3c6c4c8bf676,def1c7b7293a9dbf,101,0,-1,2884990933
1108,f93495c8d82fae4b,6c583ca26308aee0,102,0,-1,2884990933
1109,1997a3b61de905bf,48b961e9156c7408,103,0,-1,2884990933
1110,a428211024a0034b,a8da9df463d9741d,104,0,-1,2884990933
1111,469131711ed40564,74a238f1a4c10065,105,0,-1,2884990933
1112,d5081a56bef0de85,9d3f1276aa0253ec,106,0,-1,2884990933
1113,94684a4159e2bb20,e8e399707f3a010d,107,0,-1,2884990933
1114,aeedbf99470cf1f4,4d20365959fa7766,108,0,-1,2884990933
1115,e39846f72003afc7,fc1c4fc1dd6c7700,109,0,-1,2884990933
1116,5c48de57775b2f76,e57eaa0f56aa6347,110,0,-1,2884990933
1117,0f16b714f229f4d2,84eb796f56a37c9a,111,0,-1,2884990933
1118,97b5264282c00c1e,e100bc4802d6c7e1,112,0,-1,2884990933
1119,231b8785aac8f6d6,1bab82fcb61cdc82,113,0,-1,2884990933
1120,5a2d0207fd7451a2,5129cd0e4a88a218,114,0,-1,2884990933
1121,702b40d99494d107,9f45698db91602de,115,0,-1,2884990933
1122,49a1fcd350857b45,9ec37d50ec6bddb8,116,0,-1,2884990933
1123,cf2a57a56ca1b7d0,f33a4994666f9346,117,0,-1,2884990933
1124,8e98b7517360684c,1ae8df052bcffc3a,118,0,-1,2884990933
1125,c6c246e3f93800f4,ef08d1d0b0dfb0ec,119,0,-1,2884990933
1126,8e389545707fcc89,69ee02dc0bd7e736,120,0,-1,2884990933
1127,8e0a64410f9896cc,4b0bd95898258565,121,0,-1,2884990933
1128,2cf3a41b816a7a9e,7f8c398948855258,122,0,-1,2884990933
1129,238c0e3b1e71d0ee,487439dd0c667619,123,0,-1,2884990933
1130,56ef706f289c1d5b,321553c1e6845729,124,0,-1,2884990933
1131,dd108ef0f4b044d4,d9f3339221244c20,125,0,-1,2884990933
1132,b00fea5d95ecafe9,f3b23683edf11c46,126,0,-1,2884990933
1133,fa0fd305255028c2,11bc8f9d88cb874f,127,0,-1,2884990933
1134,12d9ebeae7b50693,50fb8cf00cb9f77c,128,0,-1,2884990933
1135,ebf6eb049b8bbe8e,2d226890134b08dd,129,0,-1,2884990933
1136,8e85dff34b29b3a9,435b3b406a71feb6,130,0,-1,2884990933
1137,c62517e009e96e71,b4414054e6542b9f,131,0,-1,2884990933
1138,61db9fa5b5a7cb8d,f4e57137a596b30f,132,0,-1,2884990933
1139,1a24ba4696115eda,542d536e355c005c,133,0,-1,2884990933
1140,86b1d4373e68a6be,c4dfe5e28c8a90da,134,0,-1,2884990933
1141,9534fa999fbdf6f7,bd75adc2b78845dd,135,0,-1,2884990933
1142,e1240231cafeee50,df28da0260f0935a,136,0,-1,2884990933
1143,ae583e0a901d7811,0256a0408fe2bb4c,137,0,-1,2884990933
1144,5ce31738931f7236,071bd280329b8be3,138,0,-1,2884990933
1145,fd58d37156b977e3,400c8b8f4c0ee20d,139,0,-1,2884990933
1146,1988aa67c2a50a85,f40a64bc05aa4ae7,140,0,-1,2884990933
1147,603721c85e422dc7,0ef8166cb286500e,141,0,-1,2884990933
1148,32b61fe6a1cbbf86,507977e72e5e1966,142,0,-1,2884990933
1149,3b7b24fe06c368dd,a8758aba77442fa0,143,0,-1,2884990933
1150,b4fe98e1acf7f2b1,6b1d111c66d0d643,144,0,-1,2884990933
1151,214b4f6c95820bec,ef47c6c9b4ac99f7,145,0,-1,2884990933
1152,e0bdacc9b7116a87,d1708992787f1499,146,0,-1,2884990933
1153,41f64f2cac052a41,a3e53633dd63a3ac,147,0,-1,2884990933
1154,1d61d6eab55e7c7d,b8089c62dc1971a0,148,0,-1,2884990933
1155,b015a9bac16a951b,f0e404463e7578f3,149,0,-1,2884990933
1156,99cc6aa429df79f1,5e5188300ae5d779,150,0,-1,2884990933
1157,05bc6a2e5553ca71,514adafcf606c5ed,151,0,-1,2884990933
1158,526c46472e711f0e,31a4d01e08997a2a,152,0,-1,2884990933
1159,a261ca9330d3024e,8b90eaecd3027c98,153,0,-1,2884990933
1160,95207e60d8ba8694,4a8f9078c97d6b50,154,0,-1,2884990933
1161,3f109eb31967840d,3203c76ab609c3d9,155,0,-1,2884990933
1162,a2c83c0c019a2ab4,cc88ae7047801425,156,0,-1,2884990933
1163,522f360b304f00b1,7270ed7cb5875288,157,0,-1,2884990933
1164,68041efda1149fd4,d127d63bae9ad6e1,158,0,-1,2884990933
1165,40f8de4a6f0b27b6,d4f44cd40b906a20,159,0,-1,2884990933
1166,f1cb58eebfb2802c,2244ccea6f0f5dda,160,0,-1,2884990933
1167,06cbdeaebfe19187,93eb9518c49277a2,161,0,-1,2884990933
1168,db93b1b77f3fcd1d,7efc3cc6cb05382b,162,0,-1,2884990933
1169,e9e9df8145b3b8de,4ae541d5d7a45d59,163,0,-1,2884990933
1170,7b86fb3d024f2423,5b6b98da0d0fc2e0,164,0,-1,2884990933
1171,658f0b3fa4465918,a15ca420578f1329,165,0,-1,2884990933
1172,7d2b9d1704b6653f,0e2becdc4d43240e,166,0,-1,2884990933
1173,8d7b1f5a49194fbc,6f54f6c80dc8d50f,167,0,-1,2884990933
1174,2ec2217398be24e8,e0ed0eec5a327999,168,0,-1,2884990933
1175,86297f33f2df348e,88117db15e396f17,169,0,-1,2884990933
1176,cd7412ea7f4e72ad,70144a28735f1e52,170,0,-1,2884990933
1177,13c2a1ee550a4888,ed6d922b93bdf0d4,171,0,-1,2884990933
1178,5cddc237d0767dd5,c6972ea9d49dbe87,172,0,-1,2884990933
1179,42fb75211c87a6da,012e36d4e7a9d5cf,173,0,-1,2884990933
1180,06d3c836a47b7b64,0666397b2a75d35f,174,0,-1,2884990933
1181,39e7838e53d6b0c7,2c770df8afa10c4a,175,0,-1,2884990933
1182,129e867420187f20,2b257366eb23fce5,176,0,-1,2884990933
1183,41c28134ac922662,e0c9a717282cf0e3,177,0,-1,2884990933
1184,62b34b7db06ba043,a22883a3a1f89f3a,178,0,-1,2884990933
1185,0b3eaf3123fd9474,611ef449c4c35d0d,179,0,-1,2884990933
1186,2578f7ca62f892e2,91140845cea1241a,180,0,-1,2884990933
1187,5503dd37fe7cf4bb,181c477638d2d01a,181,0,-1,2884990933
1188,0136ea2c8fe32a2b,36034db0900c1903,182,0,-1,2884990933
1189,14116b0997a3f6d6,1c731e63c5f85128,183,0,-1,2884990933
1190,e488080956ef5871,9125f107dffcefa2,184,0,-1,2884990933
1191,b0567a692f51b6de,e4e0b3f3c1ed7a17,185,0,-1,2884990933
1192,19fbd580f65e7687,818b96495849ca2e,186,0,-1,2884990933
1193,153038d06087cb15,12cbe2bafbf3334d,187,0,-1,2884990933
1194,28ba495a49a81607,b258f9c0e823ba50,188,0,-1,2884990933
1195,ecac2639e0c7325f,0f02b2b059e3ad60,189,0,-1,2884990933
1196,3f54091b8025cd05,af5140887ccd4c1a,190,0,-1,2884990933
1197,080d2b9cf79c6b51,fbbdb33c922604ac,191,0,-1,2884990933
1198,954ecddb6e7936b2,c9aaf021985fff69,192,0,-1,2884990933
1199,efb0c5227e50d276,414278e47887cfcc,193,0,-1,2884990933
1200,d5941203f1535dff,cdae3734f2eb2c33,194,0,-1,2884990933
1201,8181d4b080a8a7c6,6c2e950e44651fff,195,0,-1,2884990933
1202,bdb39ab7e75e8ce8,d2cb6ce4b9933721,196,0,-1,2884990933
1203,4b8bb767a84364a7,52b585fb0055557d,197,0,-1,2884990933
1204,3098077e31e161b2,47a681b255e5a029,198,0,-1,2884990933
1205,0f3fd4a13d8a3b6f,d2f1c55219e143f4,199,0,-1,2884990933
1206,3919ac4bb68b3de7,7740635a6a0fb927,200,0,-1,2884990933
1207,ebc46155afc2ea91,9cf57c33a7e99071,201,0,-1,2884990933
1208,3937a1ca51f7d889,cd604a50b383fd15,202,0,-1,2884990933
1209,07d041ba83158a82,9685e7a8b32164cc,203,0,-1,2884990933
1210,17ccd5293572db16,e8613f18eeaa2b1f,204,0,-1,2884990933
1211,a0a6a4f3a3749317,370c28f9ae9df87d,205,0,-1,2884990933
1212,dedc0179c954a1f4,aaa616a18923a1cb,206,0,-1,2884990933
1213,43dd456fc5a057d6,e8a3cc20613ece57,207,0,-1,2884990933
1214,73f5e8f19f101e92,9d893f5b8b4bc646,208,0,-1,2884990933
1215,13f2310777e7052d,8819f57f27405295,209,0,-1,2884990933
1216,8e4317ab5fe77988,3d15feb2592d53ea,210,0,-1,2884990933
1217,74134607d07efb0a,25e83a7eb1b6387a,211,0,-1,2884990933
1218,d4ed288dad9bb700,c2aea938aa7a967b,212,0,-1,2884990933
1219,3ce74bcf27e24caf,2b15f74c2c5f8d6a,213,0,-1,2884990933
1220,dc121cd873534c54,252770181f2ebf2f,214,0,-1,2884990933
1221,23613f5f0e44c9ef,4e3326932bb6c281,215,0,-1,2884990933
1222,4f2cdbe82f9444ec,75263a29f1170e64,216,0,-1,2884990933
1223,d2dc6b699219b7c8,1e69a8df1dfffa15,217,0,-1,2884990933
1224,e868f38712a32f7c,d83a3953b7121e7c,218,0,-1,2884990933
1225,5111c6f31880469a,ad599b4abea16708,219,0,-1,2884990933
1226,67c99244690e965a,51d5c9a3327edbc1,220,0,-1,2884990933
1227,5b652dd3093e282a,5a2bd4b9ea5d672a,221,0,-1,2884990933
1228,c251b191c8d02c92,43faeb7c496b30da,222,0,-1,2884990933
1229,f2d3f95fe369eda2,8756851103dc1bdc,223,0,-1,2884990933
1230,95c1b098e9468e35,dcb92ea52ff373da,224,0,-1,2884990933
1231,c8e237b28cf68416,74f47c1e97b87070,225,0,-1,2884990933
1232,dff29688ae25d4de,12a94897a1d7151e,226,0,-1,2884990933
1233,3ab77d9ab49c8feb,7062fdff7780a05d,227,0,-1,2884990933
1234,19d9ecbb9f457c97,95bf05267afa1886,228,0,-1,2884990933
1235,629f214fd53e406e,6870d026dff77435,229,0,-1,2884990933
1236,be212863f1884b67,16d06e6c5cd880e3,230,0,-1,2884990933
1237,ad19cbcf21a7cfe9,ea95cdb7a7fcf8d2,231,0,-1,2884990933
1238,1f8f5a7330de88df,55fdc121ff0b8b62,232,0,-1,2884990933
1239,418ca2b9e97a8a7d,bd1293ed0c06f542,233,0,-1,2884990933
1240,cad3a889dcc90b62,8dd12288260f5293,234,0,-1,2884990933
1241,8f5c274e078e81dd,6662d8332a551e20,235,0,-1,2884990933
1242,a6f3d3bd8b0481b4,b8b3db53c9428040,236,0,-1,2884990933
1243,b0446b8a528fbae3,56e6ecd655692bc4,237,0,-1,2884990933
1244,2ded896784cf4bdf,42355e7a2c02dd1b,238,0,-1,2884990933
1245,1ea8885c366a9f1a,c56bac4f6f9b5cf7,239,0,-1,2884990933
1246,f66f813a080d25b3,d22cfe4b2b8e6fb7,240,0,-1,2884990933
1247,479365cb47e1a4fb,261bc4b6bfdcca5c,241,0,-1,2884990933
1248,1bab167e52864f2c,55dc67aa0dcb8f18,242,0,-1,2884990933
1249,4b4167821f82dd48,3d65e474d2490139,243,0,-1,2884990933
1250,a0030e2b93edb87c,a51971670320c68d,244,0,-1,2884990933
1251,22899d7a4113f228,8b63b77aa0e7ba3a,245,0,-1,2884990933
1252,4f03ff36090eccc9,b5c6569c009d5f82,246,0,-1,2884990933
1253,61de6bca0ee03acd,65273e9bda3d08ae,247,0,-1,2884990933
1254,dc5e1861ad56b068,8adbbe32a06f67ec,248,0,-1,2884990933
1255,588571aafbfd6292,7a978eedfeb06429,249,0,-1,2884990933
1256,3204054ac6d4ca90,a9631c59657859d9,250,0,-1,2884990933
1257,a46dd2fb66039342,da9f7446b122d7f5,251,0,-1,2884990933
1258,98c320ac21afced2,491dee32b6db13b5,252,0,-1,2884990933
1259,85a6124c674b7c90,11036979f777f4e7,253,0,-1,2884990933
1260,e38b73a1d13cebb9,1c14becbf0cd09a4,254,0,-1,2884990933
1261,c2096e82e1505390,13334ceb78f39070,255,0,-1,2884990933
1262,dedd2c7722afb0eb,996823760be9566d,256,0,-1,2884990933
1263,baf99f2e2a81d404,bf00991206fead76,257,0,-1,2884990933
1264,0625d759a0a16813,ef015422691964f8,258,0,-1,2884990933
1265,16d420d1cdef46a1,2d1e936623747f82,259,0,-1,2884990933
1266,c8bb05864cf29387,9b07dab85e6219f7,260,0,-1,2884990933
1267,6cab73430ea1f2ab,444283260ac8ad19,261,0,-1,2884990933
1268,6dd0274e414477cf,b3b84ddade7a2cd4,262,0,-1,2884990933
1269,bf5254daa525e966,ebf3ce319895a251,263,0,-1,2884990933
1270,3693d5f5aaaabfca,3cb78eee9374bd56,264,0,-1,2884990933
1271,9d0d402d91107639,cdfd11ae4b21cb4e,265,0,-1,2884990933
1272,0b1523f23c9ab6da,a2cf2274e95005ff,266,0,-1,2884990933
1273,30392f5ceb30a0ed,1048176f7e427e67,267,0,-1,2884990933
1274,e1387d0516ffc03d,07bdbb982c68f10d,268,0,-1,2884990933
1275,3e7b980f43d2e580,f305f8bd5042dbe2,269,0,-1,2884990933
1276,8039c7cd1a803388,4d099ff50de49889,270,0,-1,2884990933
1277,56a2f805558b5c39,e5f6ee098e1ec8c1,271,0,-1,2884990933
1278,802b225daa247e50,4b1c3d675d0c611c,272,0,-1,2884990933
1279,2573c05406a8a8fc,7df304271e09feba,273,0,-1,2884990933
1280,8a3f9aa724cd9db4,e100b53139750237,274,0,-1,2884990933
1281,81ed7932f21a0869,890e82681f3aaf62,275,0,-1,2884990933
1282,9c978ccf42acc795,4a57904aace6c805,276,0,-1,2884990933
1283,225a8a1eaa2e164c,47d6706c7a84653b,277,0,-1,2884990933
1284,80038f775de11cbd,2886e5162dd249e1,278,0,-1,2884990933
1285,5825200c9297e27b,d23da8ddcae410ff,279,0,-1,2884990933
1286,258fd9b3020d0a58,24f17606f19ffac4,280,0,-1,2884990933
1287,3829a0bdcf47d0fd,35f9d495f9eb14e8,281,0,-1,2884990933
1288,a103acdf7ff81dee,01185fb22b30213a,282,0,-1,2884990933
1289,d977ad033ad3a1a2,f54f0c8ddae4cbaf,283,0,-1,2884990933
1290,0a09c53f45ae3319,17ecad718c7f84e1,284,0,-1,2884990933
1291,48e4ac6b2af61dca,bf91934b9f941c96,285,0,-1,2884990933
1292,425ea7ee571e2711,eeb1933ac4be9bba,286,0,-1,2884990933
1293,1573cde283fb7283,6971edd3296af918,287,0,-1,2884990933
1294,e97b1faf6432a03f,f8d640692da71c0e,288,0,-1,2884990933
1295,d6ff51e948ebf37a,57ec8c75ceb8f6a6,289,0,-1,2884990933
1296,6fb7233294c578f6,0516677c1ec2b5e0,290,0,-1,2884990933
1297,02ba28b3aa1d9abf,2e674eda0c26e267,291,0,-1,2884990933
1298,47df35992d5921d7,cd24ada08c2cbdb3,292,0,-1,2884990933
1299,16257598ca2b992a,6ed0c922db988c5a,293,0,-1,2884990933
1300,5ca8438f9f9f33ec,c1b1854396f2acab,294,0,-1,2884990933
1301,5bd6eba7ed83d310,057fac8b6883f039,295,0,-1,2884990933
1302,7b137b4a42cf8f22,87bc17e1b0ffd00d,296,0,-1,2884990933
1303,1dcf681ce7caf38f,497301cd52ea1c5f,297,0,-1,2884990933
1304,95b7343859c652bc,5502a00f3f0eb760,298,0,-1,2884990933
1305,ad126d469c4575c6,b5ec48880614f71c,299,0,-1,2884990933
1306,ee40d69fe226bf95,7de2880e0334e7ad,300,0,-1,2884990933
1307,0b2e98e7516a0a45,d2ff497b3898a29c,301,0,-1,2884990933
1308,839b0904b35e9ef8,3f64fd0384c95b8d,302,0,-1,2884990933
1309,832845cf3f85f7ec,2ca8694294935552,303,0,-1,2884990933
1310,c970e2b9a53f55dd,ccc8d79c7958d37f,304,0,-1,2884990933
1311,00c2ec196944e8c4,97604734a9c87a72,305,0,-1,2884990933
1312,03b238a6a6c71e07,ac727cd21819c0ba,306,0,-1,2884990933
1313,f65121290b822278,01be0c0f231a2bc8,307,0,-1,2884990933
1314,0c9830646bd13720,177f3e18316e4e73,308,0,-1,2884990933
1315,491eeedb18770d37,5c1feb3258f71f7f,309,0,-1,2884990933
1316,c8e34599d545911d,dc13afcca54d0f5b,310,0,-1,2884990933
1317,c6a6514f4eb0ee1f,5e09f9090853f574,311,0,-1,2884990933
1318,f05e4e23e3c2fb1b,d4c71770dbc73e8f,312,0,-1,2884990933
1319,99e3863e4d8ce92c,925c788e443d7ccc,313,0,-1,2884990933
1320,20688db2d101899d,aae239005d016b39,314,0,-1,2884990933
1321,79587fe646d0cd07,dc9c768cfee177e5,315,0,-1,2884990933
1322,bd5d080ca39e699b,3623163518dd9a47,316,0,-1,2884990933
1323,f45593d5b4dd7d9f,46019781d5548bce,317,0,-1,2884990933
1324,96cdd6f02b7aa3c0,dd117cc3c201fc2f,318,0,-1,2884990933
1325,46a64c0f646c0174,fccf02c8498db975,319,0,-1,2884990933
1326,bb4b23b9b5453231,2081ffac71529ee9,320,0,-1,2884990933
1327,5d4210e8829b2b15,75c6688a4af20731,321,0,-1,2884990933
1328,3157ad7b2965d3fd,7e7a8678ca0b8bc7,322,0,-1,2884990933
1329,4b04e557009fd3ef,fcf3fade6aaecf3a,323,0,-1,2884990933
1330,58208a4a91573d29,922e027f2e61ef00,324,0,-1,2884990933
1331,4befb6f9c1c47365,30991153ad9edb67,325,0,-1,2884990933
1332,db3524c20b29a798,3fdec0a8c5898c9c,326,0,-1,2884990933
1333,a5ddbcfcf1fe28db,e2764023a107ec54,327,0,-1,2884990933
1334,99b42b581d0e0ab0,b8064dcec97cbea1,328,0,-1,2884990933
1335,60e52a8e1753d807,bfaf432db772ad54,329,0,-1,2884990933
1336,3ee1d363b0e078da,04dbb03af2efc254,330,0,-1,2884990933
1337,d73ef25c6cbe6048,d972f861ac684004,331,0,-1,2884990933
1338,d1a39e3b9ac46b96,1a3243d36cf6bb20,332,0,-1,2884990933
1339,3862c31a5a84e216,d969c45c006d7206,333,0,-1,2884990933
1340,b566fe0dbd54b15a,c31d271af9eda12b,334,0,-1,2884990933
1341,3befc5ad088fbcc4,1ebdf998572545e7,335,0,-1,2884990933
1342,2a7d653ce6143fbd,017f1d61121b6cde,336,0,-1,2884990933
1343,a8a567ee968e6d02,1e3d3db7610b7bd7,337,0,-1,2884990933
1344,191090f33b34ab8c,982c8bf86adf8f1a,338,0,-1,2884990933
1345,75ba187d00a95ec3,c1a484c462787874,339,0,-1,2884990933
1346,ef6a59a3a54593d6,374171d65613f7b6,340,0,-1,2884990933
1347,1b9133fca17c289d,ce6b0a9894174904,341,0,-1,2884990933
1348,058e3055a4c345e9,9b38e1cb9d6fbc93,342,0,-1,2884990933
1349,4f4632f70e8a7a7c,1fd9d9917946f215,343,0,-1,2884990933
1350,eb2021d06369308e,22062049acfeede6,344,0,-1,2884990933
1351,2504889793e063bc,02d8789504354c59,345,0,-1,2884990933
1352,36d4e048228971bc,06c2aadd882c5a1a,346,0,-1,2884990933
1353,47e7619828aac825,cf0a8ef56c6825c2,347,0,-1,2884990933
1354,283f7bdfc788c9ed,03d698264924e93a,348,0,-1,2884990933
1355,a2009da85c32f316,24b2e74ae60df9a4,349,0,-1,2884990933
1356,f5c55b0291fc53f0,4f1edb394a8fdac5,350,0,-1,2884990933
1357,dddebb984e7ed07c,0363a65d2dce6cfc,351,0,-1,2884990933
1358,7b21740bc965c06c,09a9298ef0ab41fb,352,0,-1,2884990933
1359,ba938f1505e79d60,2c51f1074ce3a8ef,353,0,-1,2884990933
1360,ef382c0a64b5f3c3,62b73b89d0290fe9,354,0,-1,2884990933
1361,b05d82bf1ef00503,485aed66b9df22db,355,0,-1,2884990933
1362,9bdfa5021596b056,845b58860cec648c,356,0,-1,2884990933
1363,96dc154483f7d53f,fa1767c6759e6d93,357,0,-1,2884990933
1364,6715d0b19bf7c074,c7b21cba1dae670f,358,0,-1,2884990933
1365,a87d2600ae9db877,4c889fe832da36cc,359,0,-1,2884990933
1366,2feb0be6894ae319,7e408be6e9de59ef,360,0,-1,2884990933
1367,8056530d07cf3dda,6c5b521df5b3e74e,361,0,-1,2884990933
1368,40e4201461618151,9eaf7c6504a925b0,362,0,-1,2884990933
1369,39cf3881e600ca20,e7f312d3cfdaad28,363,0,-1,2884990933
1370,95cad75b7d78f22b,1aece18068faa1f6,364,1,-1,2884990933
1371,023d1df5468f0557,040050e33fe857a4,365,2,-1,2884990933
1372,888d8a4be1a7d888,b3e8833831d9badd,366,3,-1,2884990933
1373,d86ca5a91bc3e158,a6fa0e967f3daf4b,367,0,-1,2884990933
1374,cff89f937655a8fb,9b602b564159d6b5,368,1,-1,2884990933
1375,aed2b87fdb4a364b,ab9ab65b76f4b7d8,369,2,-1,2884990933
1376,67583d4f0b1677b0,3eeef28f9954ef97,370,3,-1,2884990933
1377,28f4e3746dff68cb,4e911337d41c6ab2,371,4,-1,2884990933
1378,5d709f266bae76a9,d993fa1fb90e206f,372,5,-1,2884990933
1379,2a3ad1060b185dd2,af17c394eeaa4639,373,6,-1,2884990933
1380,93aeab6a90458a4e,178e0b3eb1ffc281,374,7,-1,2884990933
1381,786bcfddc7a116d2,8dadd26335101e37,375,8,-1,2884990933
1382,aac7136ed3dd1d6f,5312b94c7a72695e,376,9,-1,2884990933
1383,dfa934ed9b23d45e,53ad8a2e7354154b,377,10,-1,2884990933
1384,9da519ac4de15024,28fe78a4b23a769c,378,11,-1,2884990933
1385,18f2b408b809343d,680c3550d5eedad7,379,12,-1,2884990933
1386,98371128c7864e31,c3a66c0c7d8d1137,380,13,-1,2884990933
1387,d0869d4562a7d764,de4084188831d033,381,14,-1,2884990933
1388,9659f45565907ae2,e056afcca0793e5a,382,15,-1,2884990933
1389,6494cdd21b21a081,55dce81146b88e56,383,16,-1,2884990933
1390,3cdc17d4911aabed,da0993e6566f0b93,384,17,-1,2884990933
1391,a51d683e52d853ab,76f1fcaba4e9ce01,385,18,-1,2884990933
1392,0bad21dbd2a8260c,10578f0eb44d1b70,386,19,-1,2884990933
1393,7dbbf529a75df866,e5d9956cc82c0375,387,20,-1,2884990933
1394,c24bf31f0c136ac6,83d6997489176c36,388,21,-1,2884990933
1395,246144ced041d8e2,53464d233436ae74,389,22,-1,2884990933
1396,c08e0f35abfecbd4,8a57c3f725b7ca33,390,23,-1,2884990933
1397,9ee51b12b1957d9e,ec894bf45a28166c,391,24,-1,2884990933
1398,3aeb1f675690b988,71087861818b2406,392,25,-1,2884990933
1399,24ae739479682356,50e31117311a91e3,393,26,-1,2884990933
1400,c10aafda731b0a49,f3020c30480833cb,394,27,-1,2884990933
1401,37b47bfaa046451d,98a260ef8d1f7b86,395,28,-1,2884990933
1402,dcbceb1fa5cbf484,98a47c6bc11e71ba,396,29,-1,2884990933
1403,1586aae7b778b05c,ddf05d73d15d3698,397,30,-1,2884990933
1404,22f21679385e90e2,1c6fa49d1f5416e2,398,31,-1,2884990933
1405,bbdf8c700381cde0,d21628f6005c47a2,399,32,-1,2884990933
1406,c1016114327dc879,4c043cb56bd0aacd,400,33,-1,2884990933
1407,7b039d6429c1d6c4,faaf7154909982aa,401,34,-1,2884990933
1408,0d8094d6cea9dedd,c93cce8fa13ef84a,402,35,-1,2884990933
1409,67034bfda6bc3030,30f509870b785568,403,36,-1,2884990933
1410,5efd0a9d6e108d3e,10e38f3e4a0122ff,404,37,-1,2884990933
1411,f84888dc1c655ea0,852606da76bf517e,405,38,-1,2884990933
1412,e62d0f4dd9610fe4,7aa421befc5f08f7,406,39,0,298422484
1413,777137ddfd19fe2b,f84b267afc67c66e,406,39,1,298422484
1414,edbbc9c78500f306,8c36e2d44bbcb47a,406,39,2,298422484
1415,28238eda81c4317f,79114944607bfc63,406,39,3,298422484
1416,9e05143d8e0781a6,f0d7f75308e9bd0e,406,39,4,298422484
1417,82473035ffab7605,1801612240849009,406,39,5,298422484
1418,78ef28a256db58e0,4190c54e0fc10e5a,406,39,6,298422484
1419,c53bc4193f082daf,f2138000915c1f6b,406,39,7,298422484
1420,3a894e3e8d9469a8,28a34f5740495d2c,406,39,8,298422484
1421,ba0d02b2a609a769,2ba80a61237f5ffa,406,39,9,298422484
1422,4aa7029dfd372845,abe9dd48cf4fa31c,406,39,10,298422484
1423,63e9f1eae9cf7c33,ee1811119229ce27,406,39,11,298422484
1424,d57e0b4309b6da9e,831bee560d91ca5d,406,39,12,298422484
1425,77908cf70c248c3a,5cf8848fcd384398,406,39,13,298422484
1426,88afd7cc70109327,4f7337e3d0511ac5,406,39,14,298422484
1427,07dba43720dede19,73f998c84478f7e2,406,39,15,298422484
1428,19d422a9c5e5dae2,a257d2fa4c5bbf2d,406,39,16,298422484
1429,31fdbbd92f9d78b4,cfa099d68a1b3d03,406,39,17,298422484
1430,60645dfc6ca732bf,8b513004f02c75e2,406,39,18,298422484
1431,7d6fc7f724976e53,c5f9fd5edcd857f7,406,39,19,298422484
1432,d0bbd7c834f873cd,5a1d104f9a1218b3,406,39,20,298422484
1433,5a09857bdb35cc70,0cc7ffcd39d07247,406,39,21,298422484
1434,7cd68e4bc84c40d9,0f6bc5571544c9e2,406,39,22,298422484
1435,fa945f3d08c1c189,fe44cae08d5ccbfe,406,39,23,298422484
1436,20b20715add78cdc,e3c362cef87ab575,406,39,24,298422484
1437,fb4911d9c7155161,97d48b4ed3e66cd7,406,39,25,298422484
1438,b268fa0e553bb110,aedc362c76674965,406,39,26,298422484
1439,832aabe2c83efe13,621bc732aedd376b,406,39,27,298422484
1440,364948cbf0d336a4,13e4dc0d56024a42,406,39,28,298422484
1441,b4947ee97040c3f7,85edbcc78dbb474f,406,39,29,298422484
1442,4d8a68335171686e,ace70cf0a08544b7,406,39,30,298422484
1443,2870333260bbb4ac,312f8e73e980d8ad,406,39,31,298422484
1444,289ae8ce2571b71e,1671d34ab5c25243,406,39,32,298422484
1445,505a3d267b4ac02a,2325cc29356884a4,406,39,33,298422484
1446,11291d8b83876444,ceafba695ff85969,406,39,34,298422484
1447,db231f13fec6986a,52c30ab1ff2814c0,406,39,35,298422484
1448,f3f733eb1af00914,f77eabfd97385c30,406,39,36,298422484
1449,fa0088a3881f3cf9,b21e9359f43864ac,406,39,37,298422484
1450,05b04032e2a5b860,868365edfe52d374,406,39,38,298422484
1451,26686d7b68dfeb1f,4c3b97aa298ed659,406,39,39,298422484
1452,183b2885ebbe657a,779ce2e68975bff5,406,39,40,298422484
1453,e59a7d6b259354c9,474865c0eda9b354,406,39,41,298422484
1454,465ce97d8d56533b,4cb6071b7dd916e8,406,39,42,298422484
1455,4ab9fc9e60739c69,f451793192f02e7c,406,39,43,298422484
1456,a14897c09d57cb1e,f72d0d2a893da722,406,39,44,298422484
1457,3280d9ebe2f5fd93,d02ebcdbad3038de,406,39,45,298422484
1458,2d66c06fbb2d2312,31a663cdd6e8d59c,406,39,46,298422484
1459,b41cf9683ee81339,9980019f8748d72a,406,39,47,298422484
1460,bd6849d5c10b3eb0,23b5d87cbf51425c,406,39,48,298422484
1461,9cd7af6ba34848ac,07f385bb67616e47,406,39,49,298422484
1462,227b79827a50efda,e76b2b40b106c2c2,406,39,50,298422484
1463,23fe0d25798a7b9e,e08ee2fd7aba7311,406,39,51,298422484
1464,292b4491713cf6c9,060dfe2f18902e38,406,39,52,298422484
1465,c8d8b3c1ab6b780d,1253d423a062a44f,406,39,53,298422484
1466,6530d2bb6b00ea29,8e4656c4fa4d34b8,406,39,54,298422484
1467,4711acb7adc49f65,f9077a67f3f729cd,406,39,55,298422484
1468,b03608aa7b68322b,d32f729eea262f75,406,39,56,298422484
1469,d43b80d4ae39df6e,080ddd1af4611776,406,39,57,298422484
1470,cc208eb7184d3cde,ad9630f1349f2059,406,39,58,298422484
1471,6aba74e29eec27bc,86782e6eaa52cfaf,406,39,59,298422484
1472,d434c9f6b75c75dd,ed2f2c3fa3eedd57,406,39,60,298422484
1473,172d7226bf1e81d7,992693b44842457e,406,39,61,298422484
1474,bafdc82430d168b0,1eed64f11f0b48c3,406,39,62,298422484
1475,b8771b488d7ee04b,56efdcb6c8bccc4c,406,39,63,298422484
1476,343a4cd96521d272,6d37bca0db7755a5,406,39,64,298422484
1477,317d66b5b6f84a8e,b89bd2e9fae6f233,406,39,65,298422484
1478,b79352005959b6f6,896c35fa0c8ab208,406,39,66,298422484
1479,6e05258ba9097b53,3f929430e7d3824a,406,39,67,298422484
1480,04dbd8e2cbc79ece,31eedd5fecdfc762,406,39,68,298422484
1481,759e7a10f519022b,a8187a884c3e8d47,406,39,69,298422484
1482,5b7dd5bf23f92927,0b7101b3c16a672a,406,39,70,298422484
1483,c27f450d874b26ff,08624e1d71bd7771,406,39,71,298422484
1484,c9c4119696e19486,95da2d66f89b101e,406,39,72,298422484
1485,8699088788fa83e3,9355da3817f6dc41,406,39,73,298422484
1486,a76c1838df9effbf,0fa815df0a19b4e6,406,39,74,298422484
1487,e018af3974bfcb5e,664fffd77f3b9ab8,406,39,75,298422484
1488,a4a6a3ca11bafe26,c2f29f7046104baf,406,39,76,298422484
1489,46fbe1d14d14c4df,5ece1482c62cce61,406,39,77,298422484
1490,b8d8aa80aaf3536e,5aaca9ebf41997d6,406,39,78,298422484
1491,010ae1b66ed7efa5,c4cf0dbeb2ded538,406,39,79,298422484
1492,27d2c57b8a5e7b43,4b37020102dc94c0,406,39,80,298422484
1493,c083b213ba890fdc,d5e391c0face9dc4,406,39,81,298422484
1494,89e861fd7afd986e,8e109623866517a1,406,39,82,298422484
1495,6efd6cbc826f1642,d23defc7f713e658,406,39,83,298422484
1496,d4e157ed1f4eca4d,f75b6a434d12e56b,406,39,84,298422484
1497,9bbb2e10b9fc891f,c681c5aa3f1ef4c7,406,39,85,298422484
1498,7981dab7c942322a,268ffa03aed6b288,406,39,86,298422484
1499,89dab8522b2d7609,02b5a427a945fcbb,406,39,87,298422484
1500,6c297c0f63d52d71,7c72382cfb255813,406,39,88,298422484
1501,55a835434a65ef6c,29d5f411fa56315f,406,39,89,298422484
1502,cefebcea1e98f871,523288e2c438c5ac,406,39,90,298422484
1503,995afd2306a65d85,3282d99816073c9c,406,39,91,298422484
1504,ee4486173f9b2cee,59daed891848345c,406,39,92,298422484
1505,92fd83ce3944cd32,4e25c6dc5f6e1075,406,39,93,298422484
1506,81c5e48b0369c1fd,f2c79d346ece9e40,406,39,94,298422484
1507,332cc9ea24ec283f,3a33b6bbf52d6339,406,39,95,298422484
1508,bca873986c63b6f0,ece973aea8783bef,406,39,96,298422484
1509,3285ecf6f5cac4de,b8bab40fd4927f1c,406,39,97,298422484
1510,46ac50a08967a81f,3394502e7a768425,406,39,98,298422484
1511,381c7b750c935636,93afbc8951f782e1,406,39,99,298422484
1512,a25975063c471801,058a57b68159bd6d,406,39,100,298422484
1513,0dea6cc1090cc83c,40e7be456365b168,406,39,101,298422484
1514,98dc8dd6be5b0097,443294dfc052e638,406,39,102,298422484
1515,75d1a9edfc47ef25,15c1024f9e863189,0,0,-1,298422484
1516,d90a3c0295d752ea,3cc994bf025cbb86,1,0,-1,298422484
1517,d0d999e37c8769f3,e873a2945a4c5cfd,2,0,-1,298422484
1518,02b7c97673e41855,077547c9a6506a8b,3,0,-1,298422484
1519,d6398cfbe62dae07,9b761a0c3d3478be,4,0,-1,298422484
1520,427f291b44d42d73,7d928135cb2936b9,5,0,-1,298422484
1521,522e1794826b68f5,4e349faecfe22e41,6,0,-1,298422484
1522,2f0688dbd8f1f79b,d946840bcff25958,7,0,-1,298422484
1523,bce549ec4d50fd05,9f1be6dbfeda04c7,8,0,-1,298422484
1524,516aa18131f08184,4814fe3b718a705f,9,0,-1,298422484
1525,baf1d392f0820a81,0c2fd9208581b5a1,10,0,-1,298422484
1526,b72349f37d51667b,56301ec5854346e2,11,0,-1,298422484
1527,e320fd09c9d83bce,224abd59a46d67d9,12,0,-1,298422484
1528,bb88552e3292ca69,c20b1cb1ccf238e7,13,0,-1,298422484
1529,eb5ecd86b80e0200,4158bba63faedcf6,14,0,-1,298422484
1530,3ad76cc119b898b6,505305d232ac5e19,15,0,-1,298422484
1531,d77bead4192dd07a,ba6b10bf11e2b4e5,16,0,-1,298422484
1532,0166b741ba83ff46,df720bc1f3b85dbd,17,0,-1,298422484
1533,ad698e1001821cde,9b284b161574c414,18,0,-1,298422484
1534,6652db3494def8e2,9fe3d25f4f8b4bb5,19,0,-1,298422484
1535,e570de51bb8a24f6,39701baebc832c57,20,0,-1,298422484
1536,0f55966eea750f99,5e8516577ec5493f,21,0,-1,298422484
1537,ccba2b5a5da30119,d8335fc2b29b663d,22,0,-1,298422484
1538,f97aebd0d04ea7da,db2d34474fc58801,23,0,-1,298422484
1539,da7527c8d730ebc9,f392fe33e992ac1e,24,0,-1,298422484
1540,2c73a1b79385b6e8,53cf3c9a8c64d3e1,25,0,-1,298422484
1541,889778b7c8cd397b,8135104b6a342875,26,0,-1,298422484
1542,52b8edf2c5252c52,17c156038c07e102,27,0,-1,298422484
1543,2ab10336b506de34,43493d830bcbee09,28,0,-1,298422484
1544,7fc4ea8b2c50222d,adc2886f4d73d1c0,29,0,-1,298422484
1545,a9dd1b7a84be2fc0,e47c7b6ce798aa6d,30,0,-1,298422484
1546,a39e516895a53497,f5905fb0abfe0b11,31,0,-1,298422484
1547,8497ce63a5301464,5a5dd5de6d4c9706,32,0,-1,298422484
1548,8e878b08e5fed1a9,86e98f45c1628324,33,0,-1,298422484
1549,2d49782250c347e2,ca10cafad2f585db,34,0,-1,298422484
1550,ff4ec2c9b6ccc1e7,320d5fbe76243e6d,35,0,-1,298422484
1551,13fd20e6230f29bc,8f6bd36419db076c,36,0,-1,298422484
1552,bbef2a52a4eceb29,e6d79bd22ce60942,37,0,-1,298422484
1553,155a9f0c2ea562bf,b94b5798a7cb94e8,38,0,-1,298422484
1554,c78793e0a293b430,fef2443c3de2d64c,39,0,-1,298422484
1555,480a434548e58034,7208c42fac68b1c4,40,0,-1,298422484
1556,0997d6eff590219a,b81f5f42fcddf00c,41,0,-1,298422484
1557,34e0db61a08afca0,81397d609f79c987,42,0,-1,298422484
1558,4db36a576707fdaf,a0fb61e0a20fba6e,43,0,-1,298422484
1559,cb13d1deb46a3f63,65ea857f4dbd2668,44,0,-1,298422484
1560,522f320de836acdf,270300bce6cd8836,45,0,-1,298422484
1561,0f4bfa20b127c770,7da6be3544dca249,46,0,-1,298422484
1562,7e3dbb1fc16d5bb9,0b9e9ec7eae6c156,47,0,-1,298422484
1563,16754f84cba01ac1,db86c2cc8fd55cff,48,0,-1,298422484
1564,59c984a2487eb253,4e88d922393d82e1,49,0,-1,298422484
1565,386587a983b965ea,3f694f87800fffee,50,0,-1,298422484
1566,8968e2127b507200,bafa61bcaed2dcbc,51,0,-1,298422484
1567,aededaeebbc4421a,74151963f2f07cdc,52,0,-1,298422484
1568,7623c030a3581f39,8a58596de93d2571,53,0,-1,298422484
1569,74598bdd63f64105,d427024d75775305,54,0,-1,298422484
1570,6e53811313edc6fe,8f35b15ef526a846,55,0,-1,298422484
1571,380614f8bb486aa8,5fc9472471d796d3,56,0,-1,298422484
1572,48d3e5f07e1c95bb,9de3a885b46b3132,57,0,-1,298422484
1573,1e83a34565260a06,a8bd3f3e9db3d7f6,58,0,-1,298422484
1574,4aba4be05194c8dd,706fbd6bfabf32e7,59,0,-1,298422484
1575,dbe40abaf6f1ffc4,a603c55587d74c35,60,0,-1,298422484
1576,1651b50232ae0d86,5064dda2009174cd,61,0,-1,298422484
1577,becd324395a827ce,eaf85b81f936a218,62,0,-1,298422484
1578,409f080ef677a885,2cfe3815035d23b9,63,0,-1,298422484
1579,dc3bbecaf10fdde7,2deb21e8cbba5ade,64,0,-1,298422484
1580,fbf6cea1674d1f51,8c0c00679d965297,65,0,-1,298422484
1581,a4bc6b124eec8f1f,02b2f1946ede3529,66,0,-1,298422484
1582,8012706e87a87230,880781a583dfb5c0,67,0,-1,298422484
1583,4354685093b0062c,ee031caf37400df9,68,0,-1,298422484
1584,cc8777a6f084d1d6,cf08dca65928fe15,69,0,-1,298422484
1585,091351484a83cdf1,b009f7a6d5e354dd,70,0,-1,298422484
1586,fab43866c2a56840,3129f6266042792f,71,0,-1,298422484
1587,1ce2cb203bab51d3,258e7c8cce5ce275,72,0,-1,298422484
1588,1b3bfe23a4e80e8b,ee4a939631ed8eb5,73,0,-1,298422484
1589,83bfc217e927c492,f2884679ff4ab7de,74,0,-1,298422484
1590,4d3aa9f3e8131342,3200d88bece34d35,75,0,-1,298422484
1591,950b7a9dfd0d1eb5,ddfac4c8e7fdcf02,76,0,-1,298422484
1592,1494c83b02818a27,5bf97c222406f149,77,0,-1,298422484
1593,dda5d7378129b82f,c5bf522fae0f90f1,78,0,-1,298422484
1594,3f775b3a17b17b55,b75d6d8829a8b79d,79,0,-1,298422484
1595,d9cc221617214376,9b07f9dbb53c474a,80,0,-1,298422484
1596,b809d4531badf6de,068a1f43c17640a7,81,0,-1,298422484
1597,7b171f15068e8026,187b2270ab3b9a95,82,0,-1,298422484
1598,de9819b7827649dd,74fbd24b9c566a7f,83,0,-1,298422484
1599,eaf89bb9bd841fdb,2464a02a099a6cbe,84,0,-1,298422484
1600,d5a10d1843a3a479,183f083d972f7865,85,0,-1,298422484
1601,140f73958abac239,64b10dd4cdbbd94e,86,0,-1,298422484
1602,df7da51e04958a3f,48b58898fcc805dd,87,0,-1,298422484
1603,0d7c95c72941803c,4c35184376b96885,88,0,-1,298422484
1604,ea9b432467676a5d,adab874f79e1b121,89,0,-1,298422484
1605,3ceeaae644572cb7,56911a950c7706a3,90,0,-1,298422484
1606,a4ffde2d4cef12b5,8545d99a0d076003,91,0,-1,298422484
1607,f565ad1891a1d255,6b49f9dc783bf877,92,0,-1,298422484
1608,fc23792f2eaa21ff,1f18a902c6aabc94,93,0,-1,298422484
1609,65e0e38501bf906f,f5b1a553ec982178,94,0,-1,298422484
1610,1e5d04644cca7515,00526324093794b3,95,0,-1,298422484
1611,78b6ab47c1ec7780,9dcd4811e4751d5c,96,0,-1,298422484
1612,fcfeb9242f899300,8fa752d25db7300d,97,0,-1,298422484
1613,37711c947ca4bd00,34dbbbcd7bcd8287,98,0,-1,298422484
1614,3a2802b6d1f9fb91,b68c949c7603ca56,99,0,-1,298422484
1615,b1920acfbface5cb,30234d1e96d06bd9,100,0,-1,298422484
1616,3bfe302c2a69c97c,cff0f301841b23ab,101,0,-1,298422484
1617,1c11c95fa1036278,d1acb2567166bf29,102,0,-1,298422484
1618,0e1f39345e01225b,f417e2fcd710caaa,103,0,-1,298422484
1619,0db60e245808a73f,0f1f1607352d6a27,104,0,-1,298422484
1620,c910e58d43f28a21,bd2b8f9be2da4837,105,0,-1,298422484
1621,e35c951b5ac310a3,63c8cd61ec7bfef6,106,0,-1,298422484
1622,275bef2748d3d146,a24805136b75d64c,107,0,-1,298422484
1623,a5e04fa6d4b24aa1,39bb2b055b203b3d,108,0,-1,298422484
1624,b013ac5f984542c4,b30002b1c3252cd2,109,0,-1,298422484
1625,5738239c44cdbae6,02c87b33fd1b57fe,110,0,-1,298422484
1626,3e9a226ee3ea1eb6,b02ee0800b4b4acf,111,0,-1,298422484
1627,ae328f6e9e326441,27293d4e9a1b3b8c,112,0,-1,298422484
1628,e393ee24996386e3,58dc77b7078c08fa,113,0,-1,298422484
1629,b64d6e5677254854,0e5f2bd9f32007fb,114,0,-1,298422484
1630,1d215d9fc49a5b65,dd239bb85a188ee6,115,0,-1,298422484
1631,5f42bf2648361d0a,5baf3c2a509d9f0d,116,0,-1,298422484
1632,dfdd0c5bcda8a0f5,3881fdf47299fdd4,117,0,-1,298422484
1633,72e14ecd3d8a4e74,ea128fa8ddb0d481,118,0,-1,298422484
1634,efd5a107d088dc0a,2c43ae34402fa718,119,0,-1,298422484
1635,afc3434d7cd365c9,f6dcae42c66410b5,120,0,-1,298422484
1636,8ff40040a2dc2866,1882ff85cec73da6,121,0,-1,298422484
1637,c648511573764744,68c82cb6a7323fbf,122,0,-1,298422484
1638,8384233d6ca7d3ac,108565c0ab2c6ace,123,0,-1,298422484
1639,51f30dd6ec2ae607,13cf77c328569ca4,124,0,-1,298422484
1640,9e23a6df541e4e17,68675ec02fdb98ca,125,0,-1,298422484
1641,b4b80b080b7cb287,14cc7a7bc2d19cd4,126,0,-1,298422484
1642,d5c3de4930a08386,a97feff78b50c989,127,0,-1,298422484
1643,c20b47010ee52e1b,d1e90f755b551851,128,0,-1,298422484
1644,a6a70e59184b0cb6,bc7d3946ad901b0a,129,0,-1,298422484
1645,6c92cbf90adc3eb9,b20b50425ffba369,130,0,-1,298422484
1646,6f7e67f57f4f082d,5d30ff1e4c0e3bd8,131,0,-1,298422484
1647,97eb55cea40f5375,8c3ba8994b4d55ac,132,0,-1,298422484
1648,20d7cda34ce884b7,d9a3434ae2d0e597,133,0,-1,298422484
1649,e561f46bd0c6f7fc,1bce50b8a9bab402,134,0,-1,298422484
1650,2660e534f8530693,b73be9e980f8e809,135,0,-1,298422484
1651,68c4649a84f66237,8f4440637f1e1508,136,0,-1,298422484
1652,0acc5c0a0988d297,87b526883792857b,137,0,-1,298422484
1653,731507fd28576a16,2ccdb319e640edec,138,0,-1,298422484
1654,424861c946bb01b6,4733e424e8774f12,139,0,-1,298422484
1655,7976de2ff3a7c654,0e0009825d32cc24,140,0,-1,298422484
1656,0bbeca4b79c6574c,62c4d85de1b8329c,141,0,-1,298422484
1657,15a181534d4a604b,d863d16d023ebdf1,142,0,-1,298422484
1658,d5e072db96dcf32a,4ff98b2530ad35e8,143,0,-1,298422484
1659,b663a240ab4b89a6,53f08ff977e0fd74,144,0,-1,298422484
1660,c1f850f8273021c4,4236c43cb6c2ddf4,145,0,-1,298422484
1661,dba54de01ae2077e,6516eb734a38b358,146,0,-1,298422484
1662,9e7271d02857079f,d379edbf207d1af1,147,0,-1,298422484
1663,64b78159807b4d01,b1bd2de3815305f1,148,0,-1,298422484
1664,520bce56798d8e6d,e38d9dedd4dcf7b3,149,0,-1,298422484
1665,63e90db4b6b62f24,04a673126b4915c0,150,0,-1,298422484
1666,2f91bcf82adf396d,852e44f18fdba962,151,0,-1,298422484
1667,4524948d6a0cc44c,fcb18849cda176fa,152,0,-1,298422484
1668,ea2ed4cd2ff70be0,a16060eb7030c804,153,0,-1,298422484
1669,c292a319a52bea7c,b0833d5f1e4505cd,154,0,-1,298422484
1670,d3d08c9da7be00fd,4d9e05ce265762ed,155,0,-1,298422484
1671,e6a1907ecdf6dd25,a3942a22e97b2d51,156,0,-1,298422484
1672,8439f0f692a11761,4cee4241e2f22112,157,0,-1,298422484
1673,2033e72a1c628056,e83f6788bd3ac6a6,158,0,-1,298422484
1674,3f129c273a8bcbed,bea2db6cc75b4de3,159,0,-1,298422484
1675,e26700cb0f39f9bb,15480962e78ac532,160,0,-1,298422484
1676,a6185a464533ea4e,51d58bba11baa8e0,161,0,-1,298422484
1677,775948450477ff7e,1a703cc2db8e09b6,162,0,-1,298422484
1678,85db0bba18381362,78d08ab87c62a849,163,0,-1,298422484
1679,1fe1a25d1a75b7eb,aaa8fc42698341c0,164,0,-1,298422484
1680,61b23f52e06276f4,1b63866ce8ecc236,165,0,-1,298422484
1681,674e9bd5eb43768e,7417014ba652a8a1,166,0,-1,298422484
1682,b751e8fb15ef13fb,037fa8c314147752,167,0,-1,298422484
1683,ce19fe6fb9a6fd56,b492a30358050379,168,0,-1,298422484
1684,408b6019c2082820,1839a5f13969a858,169,0,-1,298422484
1685,20fc54c54cf6bdf8,e385c7dcc5193550,170,0,-1,298422484
1686,a12853257bf8854f,557ecf1f87489b8d,171,0,-1,298422484
1687,d94c17eb14a33e79,74e733631bf718c1,172,0,-1,298422484
1688,b288e5c0a2b8878b,4bbaa7db0628d679,173,0,-1,298422484
1689,15bf2557127fbb48,d6a81581dfc9ac35,174,0,-1,298422484
1690,b9d71481e57fff1c,2c80ba146b87cea4,175,0,-1,298422484
1691,0a73b4b2de3ca870,1f9061921a5d10c7,176,0,-1,298422484
1692,d81821d90e0e6f09,f06245df996ea7a9,177,0,-1,298422484
1693,79b3a4eb943f6f69,de035df2ba616e3f,178,0,-1,298422484
1694,10ac1b893d98ab43,4105206facd09bf1,179,0,-1,298422484
1695,b73e0a145a7b480c,8f041fb41ded726e,180,0,-1,298422484
1696,cc3589ad8b03a0ee,69d3dd69897e090e,181,0,-1,298422484
1697,32887217e6423062,df186f1b5c803dcf,182,0,-1,298422484
1698,89ea6d274a9335c4,afa9e85e16d989a4,183,0,-1,298422484
1699,7f7df723fca0b5a3,f8171230b5ea69fc,184,0,-1,298422484
1700,a4a731c433bbb757,464d5ead4921e005,185,0,-1,298422484
1701,7f1a8433fe1b6964,bc21ca759266b3c9,186,0,-1,298422484
1702,f36d85c99530f005,44c992607a2a7de9,187,0,-1,298422484
1703,36112fc59fba5a64,7572e84b2042aa8e,188,0,-1,298422484
1704,3b7b70c94e52d985,ada96a8c56482cdd,189,0,-1,298422484
1705,01fe1d38c7165a6e,cf9402d2fc4fafb1,190,0,-1,298422484
1706,5bc53e3716bf9fcc,1619c5cfb12b6a24,191,0,-1,298422484
1707,669cc228f56e77a3,cbe876420cfe0454,192,0,-1,298422484
1708,9cfa26deefae78c3,2f6dae3345223b56,193,0,-1,298422484
1709,5d00620f3685ec0d,e9f839e464d8cd0f,194,0,-1,298422484
1710,160bd21f03d3f67f,237a728f444420cb,195,0,-1,298422484
1711,70c1f15054a0d71a,527012f43c089e3f,196,0,-1,298422484
1712,b9c9fb7a72ec2895,99b7d38491031942,197,0,-1,298422484
1713,8b44ec4758ceac9a,4619f2c786ea6fa4,198,0,-1,298422484
1714,a7566b559a29cd03,b189b46c65f04bbb,199,0,-1,298422484
1715,0dbac8aba8c63045,3d70b118c750e1e4,200,0,-1,298422484
1716,aea6f4d87d8ed371,dcea09f5999532cd,201,0,-1,298422484
1717,319e25fba12210c4,e5cf14dc615c1488,202,0,-1,298422484
1718,b629870700463edb,94459c54419c7c4e,203,0,-1,298422484
1719,e63a77f1337c72b3,e5af07d6c797ec39,204,0,-1,298422484
1720,0aa47f3d25743da8,703c8c129516bd5a,205,0,-1,298422484
1721,334dd38222390190,624861ddd7479453,206,0,-1,298422484
1722,5f4a940e94e6e1d7,246bb1f701704f71,207,0,-1,298422484
1723,349eeada9e7e9d03,4b6b1116ce5f5415,208,0,-1,298422484
1724,cff14375c62da9e5,91e28baa5873dcee,209,0,-1,298422484
1725,29f8da21352a79e0,93967b1d7e814414,210,0,-1,298422484
1726,8a058cf1947add3e,b1432cf92e967657,211,0,-1,298422484
1727,aece2bae2a0ba349,cac7cd55ea98a211,212,0,-1,298422484
1728,1ac9c0c35a84428f,1dab9386418054f4,213,0,-1,298422484
1729,c8c3ab8e85a8e1be,6495a8ed7b8655c7,214,0,-1,298422484
1730,a0b72847ceaf3dff,bdf441f7d395e1b8,215,0,-1,298422484
1731,5f0f1889b5150a6f,5f20c1b50ee0b1f8,216,0,-1,298422484
1732,b97cb20483fc4910,0df4240a0c442f44,217,0,-1,298422484
1733,103e09ccaef443dd,e123ede2f6798eec,218,0,-1,298422484
1734,cb2e60f715de0648,5199a77d094f8e25,219,0,-1,298422484
1735,77fe8301ed442c0f,86ad16fd1a2e26ea,220,0,-1,298422484
1736,f160726e67a6186c,3dcf0892e980cd35,221,0,-1,298422484
1737,1c1b783d63febe22,660b190157bcfe48,222,0,-1,298422484
1738,9c49a3a5dbedbbbe,151210ac71562149,223,0,-1,298422484
1739,7746481e4250bf14,499e504996c87758,224,0,-1,298422484
1740,13e11ba2e1128129,d10852e805d42797,225,0,-1,298422484
1741,8a926e9b5fad5443,938d74fcf9eec5f7,226,0,-1,298422484
1742,a37b06aa6386a4dd,332066fab843089a,227,0,-1,298422484
1743,1e03ffbfe63f32fc,4e71aec868c86607,228,0,-1,298422484
1744,9e787928532006f9,aa06bf8657cb6de4,229,0,-1,298422484
1745,590492be1f9569e7,6da3ce6bf2018fbf,230,0,-1,298422484
1746,34a11fa386146f84,d8e901d53e3f8fc4,231,0,-1,298422484
1747,40cdd090678bc601,234d48980cdae537,232,0,-1,298422484
1748,4fc5b3eeca6e4b4c,50a91c1e99f68a7e,233,0,-1,298422484
1749,ad905d3ccb494282,43c1f3ed07a6b1bf,234,0,-1,298422484
1750,b0b140d5b3839e85,001bc91f8f5ad86c,235,0,-1,298422484
1751,e3593d909ccf214e,61343740ebd2985f,236,0,-1,298422484
1752,1610573414d2db53,0d78f382bc001e01,237,0,-1,298422484
1753,fa690d029f62ba4f,6d458a65c3c1b2ab,238,0,-1,298422484
1754,7fa887a2eb7abbd9,df3dfec252e97092,239,0,-1,298422484
1755,9c03d03a9cb5c9d4,e81ee70d9124e83d,240,0,-1,298422484
1756,4d344b93515f13e4,ad52fb34e9fd52ca,241,0,-1,298422484
1757,35d65aeeb6cc871e,e5732b2c0d28fdf3,242,0,-1,298422484
1758,8601dd79b3ca62af,f8aaa097da85e639,243,0,-1,298422484
1759,ab62c444b6bf1919,86ff54252005dc70,244,0,-1,298422484
1760,127910bb365e4467,6c6b5076c384cdb3,245,0,-1,298422484
1761,ef8e54ac8c9ba33a,8a760773f9fec252,246,0,-1,298422484
1762,762516cdfa60fb88,cb58b2e7487c8d6a,247,0,-1,298422484
1763,a0ac537d4457f474,9ecab22f4147e036,248,0,-1,298422484
1764,3f5c22004b8e3d2f,4bbd3b9c95856c09,249,0,-1,298422484
1765,e7e429ca2d9a3143,a9241f62499719a4,250,0,-1,298422484
1766,3b543df1821c9f65,4de6ffa1df1b5907,251,0,-1,298422484
1767,4d7d8eecb92a2cae,82cbcf9a7a6c70ff,252,0,-1,298422484
1768,cc618e7931a7e706,42897116614f30d3,253,0,-1,298422484
1769,6cc1860da1e5c9d3,c8e74810920e5ec5,254,0,-1,298422484
1770,d461c892a5d6d727,61a56bd5c3b8c857,255,0,-1,298422484
1771,adc25ef09c073f08,3b7978352d397ca7,256,0,-1,298422484
1772,b2eac3a4e373118e,16d8b75e9ba54b74,257,0,-1,298422484
1773,9d5bc82cd6ec7329,54f7ec11028ee65a,258,0,-1,298422484
1774,cea93f98f802569d,dec55051b3ed7d9b,259,0,-1,298422484
1775,0533f19523b7d41a,b05be458bf43fa29,260,0,-1,298422484
1776,6b86171549ca04b0,8ff6d905f58b2e0b,261,0,-1,298422484
1777,c99dd5d6006b2fdb,9d5abced88404ff9,262,0,-1,298422484
1778,a17e6a2b3977a098,5160e3118d81c915,263,0,-1,298422484
1779,34959f8c3042491d,0730975a76981195,264,0,-1,298422484
1780,d3d4b912e712ee50,9457a91ce57a0d8c,265,0,-1,298422484
1781,17a18b830a739839,b2d89631cd15b8bb,266,0,-1,298422484
1782,719605a2540b0181,47cb9b2c3d9af14f,267,0,-1,298422484
1783,56953b8e1537d9de,f0427869d3b67646,268,0,-1,298422484
1784,cc1030f3231d7694,e6bacf5994cd703b,269,0,-1,298422484
1785,c70e5f5502f8e8f5,97688dacf1e20625,270,0,-1,298422484
1786,dc728d6ba9f3ecb2,adc25a30b2019942,271,0,-1,298422484
1787,599b9ba51b7cc80a,833330e8a342f4af,272,0,-1,298422484
1788,ce12dce5280b83f8,cab30e1400c562f3,273,0,-1,298422484
1789,fcdce9c8867e0f70,63ba797d922e74f5,274,0,-1,298422484
1790,991a2a7536117da0,1cea14ead2541018,275,0,-1,298422484
1791,5c27407c29b59501,bd66113307a4eb0d,276,0,-1,298422484
1792,24d3a786b3bd39dc,89c78e491f5e0465,277,0,-1,298422484
1793,faf5201de12ba38c,6410abfcd7969170,278,0,-1,298422484
1794,d5eeedcea5c462bf,77e1a09da72e1b14,279,0,-1,298422484
1795,47427b9d20d4069a,cde1d8e801dc29a3,280,0,-1,298422484
1796,2e524b9913e5f6e5,768817d934d192a4,281,0,-1,298422484
1797,aaec15242853e26d,fedd3b383fd93c7d,282,0,-1,298422484
1798,2eca595585ab058a,9c1d3a7ef4475405,283,0,-1,298422484
1799,e3f0aeeb04c52526,f62a11c2a07baa59,284,0,-1,298422484
1800,79550253009d7301,6d138779c751757c,285,0,-1,298422484
1801,b50f4fad2a5eeaa5,1faeaedf8a0bfae9,286,0,-1,298422484
1802,5fa48df0180df509,6a966ea1a374882b,287,0,-1,298422484
1803,b23652f9abbb18a2,87cbe0a74d9d2474,288,1,-1,298422484
1804,462b1ce8017d590c,939ae9cd9b8ea7a5,289,2,-1,298422484
1805,0c370a8600495f76,fd9536897ee5b8bc,290,3,-1,298422484
1806,e02f9334c9123130,df23f1d742e6eabb,291,4,-1,298422484
1807,44a9330edf14cec4,c408c02fd94d2609,292,0,-1,298422484
1808,bc4cf7d145f59005,f9d7c59a55f9f1ae,293,0,-1,298422484
1809,fc1f033746027635,ed77e0854ae18982,294,0,-1,298422484
1810,7e3084fd1cc08650,d3375c700fd0d580,295,0,-1,298422484
1811,63e3cd5eeec91064,38929113025e1f37,296,0,-1,298422484
1812,fb280a0150ca74b5,1a201eec869ac4a2,297,0,-1,298422484
1813,a24954796909b294,bfae66bd4071509d,298,1,-1,298422484
1814,379178b7b20d7769,875ead99833be2e8,299,2,-1,298422484
1815,957f708c3281bee4,7253223267f1f9b3,300,3,-1,298422484
1816,8fe939f2dc03a95a,0f53fcf53b7312a0,301,4,-1,298422484
1817,a45b1f975658e95c,0d57a5bb4fef9a50,302,5,-1,298422484
1818,ee1216fd4e713522,54de557fc317e7ec,303,6,-1,298422484
1819,cfc49957620d1cc9,500c15bccdb78d4f,304,7,-1,298422484
1820,4de581c22a15b4f6,8f09e4ab575dce77,305,8,-1,298422484
1821,59e8775ec44d9ce9,1d99c73123274656,306,9,-1,298422484
1822,e49b8a4475ce40d1,f62ffade60450f34,307,10,-1,298422484
1823,ba371020c153cfca,184a2cdce3ca3ef7,308,11,-1,298422484
1824,7293696a3f90e38c,6bda53aff1aaaa67,309,12,-1,298422484
1825,7ffd7c727d84dd69,9d4e8665e388a313,310,13,-1,298422484
1826,ec9bd3a32a1dedc9,ca9202c2eaa5df82,311,14,-1,298422484
1827,9a7e2141dd6001db,0cfe79d449e0b8f9,312,15,-1,298422484
1828,7824d0ee3bc8cfe3,4bc60eb4f4c6d2b5,313,16,-1,298422484
1829,b2b6da29d58c07c2,9169b57a547a57ab,314,17,-1,298422484
1830,733e103859e2054e,bc163e32d5f5c1d4,315,18,-1,298422484
1831,209cd635212283f5,e645e8105e8ddd96,316,19,-1,298422484
1832,f6a670d8463ca718,078cc3be6c5e6741,317,20,-1,298422484
1833,895a861eda1209e0,04f8e341e3e24282,318,21,-1,298422484
1834,ed382761165bb14e,979edfd095f7acf8,319,22,-1,298422484
1835,b3fd153251276024,9207ec85553be549,320,23,-1,298422484
1836,f0aaadaad319a920,14aa4d6b3c1a0452,321,24,-1,298422484
1837,581623958ae7eb19,d3c34b1a6235c6c7,322,25,-1,298422484
1838,e5ba82aa4023648a,37ab3c8d81f76fef,323,26,-1,298422484
1839,a1a280e3960bf464,4a11ff22bfa5fb74,324,27,-1,298422484
1840,0ff7e402a2824b3e,7826f580127f3976,325,28,-1,298422484
1841,16420b90acee1600,7b9a6f87b019d2fb,326,29,-1,298422484
1842,cf659377eb01cd0a,43ca9e4131f01c68,327,30,-1,298422484
1843,683334a6fd824140,ce6f403b8a945200,328,31,-1,298422484
1844,3880ac492ec6540b,54503a323257e2d4,329,32,-1,298422484
1845,fb3af9e4c828dc1f,381de72ea2dd1de9,330,33,-1,298422484
1846,82425fd40aa1d517,b40fd6b8ce011d53,331,34,-1,298422484
1847,93992884194fc994,6fbe94f27823d27b,332,35,-1,298422484
1848,d4d80a28b5fe8956,6ed2a55943f61d80,333,36,-1,298422484
1849,75ac3d4b0be6138b,b40c249aff95c353,334,37,-1,298422484
1850,06169446f2f15306,30e4fee6c1e4eca4,335,38,-1,298422484
1851,bbc71b911c2b5472,62a2e36a68cf3ea5,336,39,0,3221598183
1852,2e4f809eff5c1ea8,bef9fc76220cf9bd,336,39,1,3221598183
1853,974ca96448c863b6,bdc59984420ddd0b,336,39,2,3221598183
1854,f8542225de0db149,30d1aed24d4a8d7d,336,39,3,3221598183
1855,e603332bec5e4b2e,2dcc7f079648bacc,336,39,4,3221598183
1856,2f6c78e15e97cfb1,ccc85354c5cb1f8b,336,39,5,3221598183
1857,e1da4f2dd962bf23,db7fafff5311a321,336,39,6,3221598183
1858,e90869b59f0d1414,51c8f0bb7b631d21,336,39,7,3221598183
1859,514eefaf92e416da,3e385efaad8bf630,336,39,8,3221598183
1860,8ece9b5a7840bc7b,224f89bed4a4c1af,336,39,9,3221598183
1861,42e3f1f480ba0369,d9c462863e4dec9d,336,39,10,3221598183
1862,e0cb60ba7908dd8b,db8b3c2e7ad1caa7,336,39,11,3221598183
1863,38f3171732fcfaf3,7c4c70fc52ff6757,336,39,12,3221598183
1864,edea7306d2eb940d,c0d48448c97b7796,336,39,13,3221598183
1865,a47b03e8d13cb143,289d48420775fc2a,336,39,14,3221598183
1866,757e161ab8ac9536,b914aacaf386fcca,336,39,15,3221598183
1867,33fec8a599273804,2dfefc61df212bd3,336,39,16,3221598183
1868,805b7def30f10e76,4918c347f49d38e7,336,39,17,3221598183
1869,907032fb915fb072,8b54559bea774386,336,39,18,3221598183
1870,2f22a2bf492682bf,ffac6c39d62ed50a,336,39,19,3221598183
1871,0ac8d472c6133e63,67e5435fd8171e50,336,39,20,3221598183
1872,8b16f05368fbba50,bf454d721dbbd0cf,336,39,21,3221598183
1873,42c78838df13538b,a2d0fe801e60d662,336,39,22,3221598183
1874,313099c85239926d,cff307eb3c02adb4,336,39,23,3221598183
1875,4be6099b8ef74fa8,cd3cd917a9b8ee36,336,39,24,3221598183
1876,1201d82d529a71f8,614c89f75801ce98,336,39,25,3221598183
1877,bf79496f76d3c796,253504842a9d9b00,336,39,26,3221598183
1878,2152bb830847b17e,dd4a35d8c3826a8a,336,39,27,3221598183
1879,15898f64d2d9a46a,cd2264e5e295e71a,336,39,28,3221598183
1880,216c4330a8e22b69,bee06ab7e630459f,336,39,29,3221598183
1881,f6bab69ba2aac084,43b34bcad24cc41e,336,39,30,3221598183
1882,45568685d9518e3c,456acb6242fd6832,336,39,31,3221598183
1883,70d03fd012821f86,0ea0b0654e623aa2,336,39,32,3221598183
1884,c1fc042e0f16d356,0b01013626633f7b,336,39,33,3221598183
1885,291a1abaf4a57cb0,a0cd5dd8697a1765,336,39,34,3221598183
1886,72fc40774598ad21,32d43e001b7a145f,336,39,35,3221598183
1887,ae0c999623d77c1b,a08b12c98e3495be,336,39,36,3221598183
1888,ac10c9056230b45c,1d415bf4926295fe,336,39,37,3221598183
1889,b3bce0d51648671a,7ac20f3244d4e9e9,336,39,38,3221598183
1890,b45f47d7207bd253,bfc3f52ac09a6512,336,39,39,3221598183
1891,ada887e050e18cdf,6aac4e07f95df5fd,336,39,40,3221598183
1892,494ee469ec4c56f3,e6a7a5a04f2792ca,336,39,41,3221598183
1893,ba3661bbc6e293c7,e83e65ce074c833a,336,39,42,3221598183
1894,6e11b03244201f5a,c5824a687369977d,336,39,43,3221598183
1895,8e265e86f8275e91,0015241f90f6e9f2,336,39,44,3221598183
1896,7803f02a21ed74ad,4a3060f3a21677be,336,39,45,3221598183
1897,a0cd0d6be4f1acf4,10dbc6b720756c51,336,39,46,3221598183
1898,3e956ce78d86b987,187eefd661e3647c,336,39,47,3221598183
1899,f79375908ccd2702,28dd4414d0a556c0,336,39,48,3221598183
1900,baf2ed7e5c6c9827,cb9b3738aefa0a64,336,39,49,3221598183
1901,551b42486e1091f1,ebea2726fe0a0ce3,336,39,50,3221598183
1902,2858f9bcdfd0a21c,f384098df2951d08,336,39,51,3221598183
1903,d384ee69276aaf86,1b372673fef1e92b,336,39,52,3221598183
1904,1486e1e44b5cd928,4d11414f2f085323,336,39,53,3221598183
1905,12a88b181e206b34,3c2cc4d96e8dcae8,336,39,54,3221598183
1906,767fbc99c94f8d43,3e97333edf9ef5a3,336,39,55,3221598183
1907,d1032b8c3b0b0235,f0a1f04f64f47d49,336,39,56,3221598183
1908,769a8900a322e672,a0afbf2e0e84abd3,336,39,57,3221598183
1909,721e2d258a45e573,2862c4e485185128,336,39,58,3221598183
1910,81f7615beb814640,eadf3ecbaf13814b,336,39,59,3221598183
1911,b6bc6dd3383a415e,8fd05c7b4b03e5ed,336,39,60,3221598183
1912,b6077e10d6bc9022,39b92275b40204f5,336,39,61,3221598183
1913,d731e68ea07d560a,c041d99c44ef944b,336,39,62,3221598183
1914,f1918b4d0aec0be7,a74059ad80d9ceac,336,39,63,3221598183
1915,6d4578d81a77d458,3a00c7a88228b543,336,39,64,3221598183
1916,ab48815a40e870b0,03500ec51ed20b0a,336,39,65,3221598183
1917,986cd9b96c1e2011,2acb0cf3b722d37b,336,39,66,3221598183
1918,5b702d45bb5657f2,7d3614984a7a452f,336,39,67,3221598183
1919,153f665cd00dd5e0,68510a4091847687,336,39,68,3221598183
1920,ef6836ec10b3dcf7,2124b671777969ba,336,39,69,3221598183
1921,91a20d931f570def,e47d4f231ed3a17f,336,39,70,3221598183
1922,650385d6b2e3787a,4532066a9df0c242,336,39,71,3221598183
1923,350be61726ce6841,4b8f5e4e8d399548,336,39,72,3221598183
1924,cdaf03eb3e662905,51badb4d4b9ed461,336,39,73,3221598183
1925,7601a1b6dfd0d4a5,905ffb251056963f,336,39,74,3221598183
1926,970be6c28d416a26,483d830e5e2334d8,336,39,75,3221598183
1927,8c265a1b39a11c0e,a17ac905d12355c4,336,39,76,3221598183
1928,04bf83e0e1f3db3c,edcb5f035eda0695,336,39,77,3221598183
1929,7c80c8fba16d617d,de975ed87b96af7f,336,39,78,3221598183
1930,0aa2de28767a54f4,af0170a5c5c8f4ea,336,39,79,3221598183
1931,3d9e2ff8f00946c9,9123cf4b989d3c7b,336,39,80,3221598183
1932,584aff58c0e14ed3,623787efa6997b05,336,39,81,3221598183
1933,475cf5a7911b9ed6,12e50ac154ee2671,336,39,82,3221598183
1934,cd5bcfd6f5a025f2,7ac07f6d43bbafe7,336,39,83,3221598183
1935,58743759bd087d6f,529da093a73e5ff1,336,39,84,3221598183
1936,c5a4a1b187228710,eeca0b5e872821a6,336,39,85,3221598183
1937,21c162c3ff86fb30,f9fdaf3dfa0728f2,336,39,86,3221598183
1938,caf70f58e6caa66f,60519057ceded049,336,39,87,3221598183
1939,27a9e1765857df33,bd2956d940dad0f8,336,39,88,3221598183
1940,78ebd49668bcb975,8a6bb6f4aa1db523,336,39,89,3221598183
1941,d1bab83d992dd3ba,55c13a563b5a6993,336,39,90,3221598183
1942,6a66c87ca6e43211,ef6d19ae367d23c1,336,39,91,3221598183
1943,f9412411f45a753e,c7f5136136128d6b,336,39,92,3221598183
1944,46416163519f6b37,c9aeebc2450aec3c,336,39,93,3221598183
1945,cbd37e24a2a4a924,12027471e654a1a9,336,39,94,3221598183
1946,ab8bda335ebfe9b5,29af3faf6f163af1,336,39,95,3221598183
1947,9e5b1dd0b8a4a85a,f8a194d0997397e9,336,39,96,3221598183
1948,4b3c1170f746a78b,4011b7a05a98e5ca,336,39,97,3221598183
1949,0a7b52a186576240,4c123a20b176fb70,336,39,98,3221598183
1950,cf0e52c593d0b68f,4221ccd095f9b742,336,39,99,3221598183
1951,c90ab59fb042316f,2b91d5736c21d907,336,39,100,3221598183
1952,b66b64044b5af579,7bd82c7fc8630d80,336,39,101,3221598183
1953,2eae7cda92a9f3d4,a23e0fe18a7482f8,336,39,102,3221598183
1954,75d1a9edfc47ef25,578d85d368542d91,0,0,-1,3221598183
1955,921bc585c5eec1a1,87780ab4da8af083,1,0,-1,3221598183
1956,b2a1c80c3a275ece,25e3598beeb8db0b,2,0,-1,3221598183
1957,51cf3c68609592ea,3c38ec6f928ce208,3,0,-1,3221598183
1958,7b3b237e31cd811a,2b90eda833f30691,4,0,-1,3221598183
1959,5a8e85e1b41d102b,8f2f46b07d887579,5,0,-1,3221598183
1960,d9f45545842045fa,303e8e05b0bb232f,6,0,-1,3221598183
1961,ac961ade7666caf4,e6428804b705b7b4,7,0,-1,3221598183
1962,b41007d024251d0f,e7e59a9534593322,8,0,-1,3221598183
1963,666d5dc6d346c396,bf438ea36afaef01,9,0,-1,3221598183
1964,974fa2cd227f0b60,76c47e1df5711bd3,10,0,-1,3221598183
1965,a4844b9b2eaa857b,ef97a0490f0d1863,11,0,-1,3221598183
1966,588aed3ff81dfed7,cef8ec01b319ea26,12,0,-1,3221598183
1967,c8f265247d8a98f8,25142b7031ba925a,13,0,-1,3221598183
1968,a11336d7953a6e40,6e6c9cb31da28049,14,0,-1,3221598183
1969,3431d6160b433ca5,5a1fa9d1b0b9d918,15,0,-1,3221598183
1970,24d0480a3c93a895,8e91b627c211b6b8,16,0,-1,3221598183
1971,3ffdbd920cd6f9b2,9349c5ec9ce79266,17,0,-1,3221598183
1972,c28db6fb0b0b13bf,d3453aea1897bbd4,18,0,-1,3221598183
1973,b41e4a0955899b3e,b32d780ad8b6f696,19,0,-1,3221598183
1974,eabfbacc531ea26e,bb2ede0864d888b7,20,0,-1,3221598183
1975,fe3331437fc10f6c,03e1f729563cd0cc,21,0,-1,3221598183
1976,070d08495b08ec88,03c257e3520d9842,22,0,-1,3221598183
1977,85f5f1c8f3ef9e2a,305181a3777f6792,23,0,-1,3221598183
1978,86f84537a0912d14,e966ce5e4f592748,24,0,-1,3221598183
1979,584017b64f3d056b,0b20d31e98635533,25,0,-1,3221598183
1980,769df62998643b28,22ec1e00311f947a,26,0,-1,3221598183
1981,9087d7501bb0770a,9376397df5180e6e,27,0,-1,3221598183
1982,23a56190ecdebd91,e947239e5ab6a659,28,0,-1,3221598183
1983,51c7b57ff357fca7,9ed1154d3a65ee6e,29,0,-1,3221598183
1984,a634b69b71bdcb89,461d4d3695931119,30,0,-1,3221598183
1985,7f6c3d3d2b164180,c3cdbd6fd2260008,31,0,-1,3221598183
1986,521c3b7227e32031,c2e4c012336cedb0,32,0,-1,3221598183
1987,ee02a250fd4125a7,17e9fd0dc3c3e86f,33,0,-1,3221598183
1988,5e697215ce64ab01,c0391a2755d98822,34,0,-1,3221598183
1989,0abca9e408399d53,0c9ab203d2f84620,35,0,-1,3221598183
1990,09a76daba8f0df5c,400b2353ca5aeb38,36,0,-1,3221598183
1991,003e89dcfc7d51f4,585b1cfdfe87e121,37,0,-1,3221598183
1992,ec0fe02b3e7e86e5,02a9432d16425911,38,0,-1,3221598183
1993,6f2aebc42ace0601,146c8395b07f61ba,39,0,-1,3221598183
1994,3d1dece6e8fe90d4,eb235929c047e4b9,40,0,-1,3221598183
1995,2132ac519c9c4984,2dd48ab3bde4ccb9,41,0,-1,3221598183
1996,79a11a5cbfcab8c1,4c370f42afa8fdd7,42,0,-1,3221598183
1997,ceef9481f5882149,3630c72b678381d8,43,0,-1,3221598183
1998,8bf98357a0d4885c,c14ee85ab1bf8b1d,44,0,-1,3221598183
1999,1e167ed1b0f6cdc0,2c1084b9a9ee0a97,45,0,-1,3221598183
2000,652365ee3f9ee3f5,6d716f9850556430,46,0,-1,3221598183
2001,68ba9fde8791e0ef,92a211448c40eb55,47,0,-1,3221598183
2002,a8fa8af22890cdca,e827d8b5f92ded51,48,0,-1,3221598183
2003,b44add9afc65900f,1485db12b250cfe5,49,0,-1,3221598183
2004,4cdf2b169eff9888,148f12e0e310c335,50,0,-1,3221598183
2005,4e99b14f8954ef55,344408cc6ebb4047,51,0,-1,3221598183
2006,83999db3d44dc42d,92ea478720d02c1a,52,0,-1,3221598183
2007,53dea13b73255497,72df79bfebb3f28e,53,0,-1,3221598183
2008,b4221e2ad2c79462,42e47e0f1de849a2,54,0,-1,3221598183
2009,259c7de25ba4c4f8,28334023c1dc97ba,55,0,-1,3221598183
2010,6009dd38d78afdf0,2cb9f68868d01459,56,0,-1,3221598183
2011,d8cdc3abd0ac0760,05a78110fa97d0ab,57,0,-1,3221598183
2012,8515988d7e4275e0,1a94e7d019ca72b5,58,0,-1,3221598183
2013,3a67a6c0dd8110d9,e9d2f48ad800d7e1,59,0,-1,3221598183
2014,3db1edafb79f3431,ad68cf19243d4c1d,60,0,-1,3221598183
2015,86b8edad860d22e1,bfd96619cfc159f8,61,0,-1,3221598183
2016,d2b798dc25f9a380,f1d44f5db5ff8304,62,0,-1,3221598183
2017,f9ba6bfd1cbd5bc4,a1aa43fea61779cc,63,0,-1,3221598183
2018,8fc5e87d5a54289f,bdd4bdf9a26304ff,64,0,-1,3221598183
2019,42ed644de3cb45ce,1f3d81dbae8bfdae,65,0,-1,3221598183
2020,f69d629973beca88,55dd2f2e9e5597a7,66,0,-1,3221598183
2021,35ae7c292014e1c5,c3b8f5d88ff4953d,67,0,-1,3221598183
2022,2ca565762ec6237a,c7c3d74b3689e8b5,68,0,-1,3221598183
2023,30f21bad5f7d07fe,246430be0a1a7b1b,69,0,-1,3221598183
2024,70e0f1ab525050bc,1e03d963e602c1d9,70,0,-1,3221598183
2025,3bf7406461e2c3c1,1dbb5accdc7338c3,71,0,-1,3221598183
2026,00058bdd9d32340d,83251a5f0a198e0b,72,0,-1,3221598183
2027,bd8071cb1e717621,be61909e84b985b2,73,0,-1,3221598183
2028,4dc09c0659da87ac,710ad3f40faf0d8d,74,0,-1,3221598183
2029,9b12ae6613bd212c,2e4112b8bcbb9fd5,75,0,-1,3221598183
2030,2292105d5d75f31d,56926815d1cf1234,76,0,-1,3221598183
2031,653bf0c62230bef5,96fad6c42525d15e,77,0,-1,3221598183
2032,e5bb2b6bd8625d37,c41dafc66180cd75,78,0,-1,3221598183
2033,6cd47c0313275823,29aace4280a2d42f,79,0,-1,3221598183
2034,ce3b965fc518d1a0,a569b29a752e3ced,80,0,-1,3221598183
2035,8d643ba4e3118b52,208d2908930a8c6a,81,0,-1,3221598183
2036,d8b5fce9baf2169d,1e86ef6e5d357389,82,0,-1,3221598183
2037,ec0e90d3a5953854,339eba55aac59279,83,0,-1,3221598183
2038,8c18647fc17911c7,ac53b41716b984a1,84,0,-1,3221598183
2039,c406c521f5263ad4,696c30bc61b88c8f,85,0,-1,3221598183
2040,55166da005a462ee,17cec00978a5b201,86,0,-1,3221598183
2041,0e0f5d83661f4bf5,2ca629e74d7ad3bb,87,0,-1,3221598183
2042,53602a7861beb2af,7699954db56d7e5f,88,0,-1,3221598183
2043,77d28861590a50f3,4d2b2e6774000c29,89,0,-1,3221598183
2044,c18e9506c62ace5d,56c9f7483f33c653,90,0,-1,3221598183
2045,642f556151ee7300,5b6da04df938120f,91,0,-1,3221598183
2046,20b1dd21fd97916e,8d65d2ec09360eb1,92,0,-1,3221598183
2047,1a3232fc805e2692,1ab76ee292f62806,93,0,-1,3221598183
2048,be9dc316e7eaf287,458db17f7c365451,94,0,-1,3221598183
